post_id,title,published_at,author_id,channelTitle,category,collected_at,hashtags,views,likes,dislikes,comments,thumbnail_link,comments_disabled,ratings_disabled,caption,platform,dataset_source,is_synthetic,entity_type,entity_id,shares,saves,audio_id,language,country,video_path,dataset_mode,as_of_time,feature_set_version,engagement_now,views_now,likes_now,comments_now,shares_now,age_hours_since_publish,engagement_rate,views_delta_1h,engagement_delta_1h,views_delta_6h,engagement_delta_6h,views_delta_24h,engagement_delta_24h,views_velocity_1h,views_velocity_6h,views_acceleration_6h,max_snapshot_used_at,hashtag_count,audio_id_present,avg_brightness,avg_contrast,avg_saturation,avg_motion_score,max_motion_score,cut_count,cuts_per_second,visual_change_score,dominant_color_bucket,face_presence_ratio,blur_score_avg,sharpness_score_avg,category_percentile_views_now,category_percentile_growth_24h,author_previous_posts_count,visual_token,audio_posts_count_lifetime,primary_hashtag,hashtag_posts_count_lifetime,visual_token_posts_count_lifetime,top_growth_24h,views_growth_multiplier_24h,top_growth_48h,views_growth_multiplier_48h,top_growth_72h,views_growth_multiplier_72h,target_window_start_24h,target_window_end_24h,target_window_start_48h,target_window_end_48h,target_window_start_72h,target_window_end_72h,views_mult_gt_3x_24h,views_mult_gt_3x_48h,views_mult_gt_3x_72h,popularity_baseline,momentum_baseline,metadata_only_ml_score,video_only_ml_score,metadata_plus_video_ml_score,split,target
vid_0001,Test Video 1,2022-12-24 00:00:00+00:00,chan_1,Channel 1,15,2022-12-24 00:00:00+00:00,test|video|trend,38609,1930,0,193,http://example.com/thumb.jpg,False,False,Test description,youtube,youtube_trending_kaggle,False,,,0,0,,,,,real,2022-12-24 00:00:00+00:00,1.0.0,2123,38609,1930,193,0,0.0,0.055,0.0,0.0,0.0,0.0,0.0,0.0,0.0,0.0,0.0,,1,0,0.4115,0.195,0.6347,0.0181,0.0343,0,0.0,0.0022,1289632,1.0,0.1514,0.1514,0.4230769230769231,0.11538461538461539,10,low_motion_slow_cuts_has_face_med_bright,,test|video|trend,13,1,0,1.22,0,1.49,0,1.82,2022-12-24,2022-12-25,2022-12-24,2022-12-26,2022-12-24,2022-12-27,0,0,0,38609,0.0,0.0019385496448966028,4.7548241438009504e-05,0.00028270985817786863,train,0
vid_0001,Test Video 1,2022-12-24 00:00:00+00:00,chan_1,Channel 1,19,2022-12-25 00:00:00+00:00,test|video|trend,47123,2356,0,235,http://example.com/thumb.jpg,False,False,Test description,youtube,youtube_trending_kaggle,False,,,0,0,,,,,real,2022-12-25 00:00:00+00:00,1.0.0,2591,47123,2356,235,0,24.0,0.055,8514.0,468.0,8514.0,468.0,8514.0,468.0,8514.0,1419.0,0.0,2022-12-25,1,0,0.4115,0.195,0.6347,0.0181,0.0343,0,0.0,0.0022,1289632,1.0,0.1514,0.1514,0.3888888888888889,0.4444444444444444,10,low_motion_slow_cuts_has_face_med_bright,,test|video|trend,63,2,0,1.22,0,1.49,0,1.82,2022-12-25,2022-12-26,2022-12-25,2022-12-27,2022-12-25,2022-12-28,0,0,0,47123,1419.0,0.0014486324378606714,4.7548241438009504e-05,0.0009326758766761521,train,0
vid_0001,Test Video 1,2022-12-24 00:00:00+00:00,chan_1,Channel 1,4,2022-12-26 00:00:00+00:00,test|video|trend,57514,2875,0,287,http://example.com/thumb.jpg,False,False,Test description,youtube,youtube_trending_kaggle,False,,,0,0,,,,,real,2022-12-26 00:00:00+00:00,1.0.0,3162,57514,2875,287,0,48.0,0.055,10391.0,571.0,10391.0,571.0,10391.0,571.0,10391.0,1731.83,312.83,2022-12-26,1,0,0.4115,0.195,0.6347,0.0181,0.0343,0,0.0,0.0022,1289632,1.0,0.1514,0.1514,0.5,0.5,10,low_motion_slow_cuts_has_face_med_bright,,test|video|trend,85,3,0,1.22,0,1.49,0,1.82,2022-12-26,2022-12-27,2022-12-26,2022-12-28,2022-12-26,2022-12-29,0,0,0,57514,1731.83,3.963274848977807e-05,4.7548241438009504e-05,2.1667100769090993e-05,train,0
vid_0001,Test Video 1,2022-12-24 00:00:00+00:00,chan_1,Channel 1,25,2022-12-27 00:00:00+00:00,test|video|trend,70198,3509,0,350,http://example.com/thumb.jpg,False,False,Test description,youtube,youtube_trending_kaggle,False,,,0,0,,,,,real,2022-12-27 00:00:00+00:00,1.0.0,3859,70198,3509,350,0,72.0,0.055,12684.0,697.0,12684.0,697.0,12684.0,697.0,12684.0,2114.0,382.17,2022-12-27,1,0,0.4115,0.195,0.6347,0.0181,0.0343,0,0.0,0.0022,1289632,1.0,0.1514,0.1514,0.7297297297297297,0.6756756756756757,10,low_motion_slow_cuts_has_face_med_bright,,test|video|trend,157,4,0,1.22,0,1.49,0,1.82,2022-12-27,2022-12-28,2022-12-27,2022-12-29,2022-12-27,2022-12-30,0,0,0,70198,2114.0,2.8324732268096784e-05,4.7548241438009504e-05,2.579643584806256e-05,train,0
vid_0001,Test Video 1,2022-12-24 00:00:00+00:00,chan_1,Channel 1,7,2022-12-28 00:00:00+00:00,test|video|trend,85678,4283,0,428,http://example.com/thumb.jpg,False,False,Test description,youtube,youtube_trending_kaggle,False,,,0,0,,,,,real,2022-12-28 00:00:00+00:00,1.0.0,4711,85678,4283,428,0,96.0,0.055,15480.0,852.0,15480.0,852.0,15480.0,852.0,15480.0,2580.0,466.0,2022-12-28,1,0,0.4115,0.195,0.6347,0.0181,0.0343,0,0.0,0.0022,1289632,1.0,0.1514,0.1514,0.6756756756756757,0.6756756756756757,10,low_motion_slow_cuts_has_face_med_bright,,test|video|trend,180,5,0,1.22,0,1.49,0,1.82,2022-12-28,2022-12-29,2022-12-28,2022-12-30,2022-12-28,2022-12-31,0,0,0,85678,2580.0,0.00017973352213740035,4.7548241438009504e-05,0.00012021058284791052,train,0
vid_0001,Test Video 1,2022-12-24 00:00:00+00:00,chan_1,Channel 1,6,2022-12-29 00:00:00+00:00,test|video|trend,104572,5228,0,522,http://example.com/thumb.jpg,False,False,Test description,youtube,youtube_trending_kaggle,False,,,0,0,,,,,real,2022-12-29 00:00:00+00:00,1.0.0,5750,104572,5228,522,0,120.0,0.055,18894.0,1039.0,18894.0,1039.0,18894.0,1039.0,18894.0,3149.0,569.0,2022-12-29,1,0,0.4115,0.195,0.6347,0.0181,0.0343,0,0.0,0.0022,1289632,1.0,0.1514,0.1514,0.7894736842105263,0.7631578947368421,10,low_motion_slow_cuts_has_face_med_bright,,test|video|trend,310,7,0,1.22,0,1.49,0,1.82,2022-12-29,2022-12-30,2022-12-29,2022-12-31,2022-12-29,2023-01-01,0,0,0,104572,3149.0,7.875111564702538e-05,4.7548241438009504e-05,5.38640887182428e-05,train,0
vid_0001,Test Video 1,2022-12-24 00:00:00+00:00,chan_1,Channel 1,23,2022-12-30 00:00:00+00:00,test|video|trend,127633,6381,0,638,http://example.com/thumb.jpg,False,False,Test description,youtube,youtube_trending_kaggle,False,,,0,0,,,,,real,2022-12-30 00:00:00+00:00,1.0.0,7019,127633,6381,638,0,144.0,0.055,23061.0,1269.0,23061.0,1269.0,23061.0,1269.0,23061.0,3843.5,694.5,2022-12-30,1,0,0.4115,0.195,0.6347,0.0181,0.0343,0,0.0,0.0022,1289632,1.0,0.1514,0.1514,0.7333333333333333,0.7,10,low_motion_slow_cuts_has_face_med_bright,,test|video|trend,379,9,0,1.22,0,1.49,0,1.82,2022-12-30,2022-12-31,2022-12-30,2023-01-01,2022-12-30,2023-01-02,0,0,0,127633,3843.5,0.000201619545674338,4.7548241438009504e-05,0.00019052318181137618,train,0
vid_0001,Test Video 1,2022-12-24 00:00:00+00:00,chan_1,Channel 1,9,2022-12-31 00:00:00+00:00,test|video|trend,155779,7788,0,778,http://example.com/thumb.jpg,False,False,Test description,youtube,youtube_trending_kaggle,False,,,0,0,,,,,real,2022-12-31 00:00:00+00:00,1.0.0,8566,155779,7788,778,0,168.0,0.055,28146.0,1547.0,28146.0,1547.0,28146.0,1547.0,28146.0,4691.0,847.5,2022-12-31,1,0,0.4115,0.195,0.6347,0.0181,0.0343,0,0.0,0.0022,1289632,1.0,0.1514,0.1514,0.9090909090909091,0.8787878787878788,10,low_motion_slow_cuts_has_face_med_bright,,test|video|trend,480,10,0,1.22,0,1.49,0,1.49,2022-12-31,2023-01-01,2022-12-31,2023-01-02,2022-12-31,2023-01-03,0,0,0,155779,4691.0,0.001406215159531298,4.7548241438009504e-05,0.0006600786775377935,train,0
vid_0001,Test Video 1,2022-12-24 00:00:00+00:00,chan_1,Channel 1,7,2023-01-01 00:00:00+00:00,test|video|trend,190132,9506,0,950,http://example.com/thumb.jpg,False,False,Test description,youtube,youtube_trending_kaggle,False,,,0,0,,,,,real,2023-01-01 00:00:00+00:00,1.0.0,10456,190132,9506,950,0,192.0,0.055,34353.0,1890.0,34353.0,1890.0,34353.0,1890.0,34353.0,5725.5,1034.5,2023-01-01,1,0,0.4115,0.195,0.6347,0.0181,0.0343,0,0.0,0.0022,1289632,1.0,0.1514,0.1514,0.8918918918918919,0.7837837837837838,10,low_motion_slow_cuts_has_face_med_bright,,test|video|trend,564,13,0,1.22,0,1.22,0,1.22,2023-01-01,2023-01-02,2023-01-01,2023-01-03,2023-01-01,2023-01-04,0,0,0,190132,5725.5,0.00100925045107406,4.7548241438009504e-05,0.00041979207458115456,train,0
vid_0001,Test Video 1,2022-12-24 00:00:00+00:00,chan_1,Channel 1,4,2023-01-02 00:00:00+00:00,test|video|trend,232060,11603,0,1160,http://example.com/thumb.jpg,False,False,Test description,youtube,youtube_trending_kaggle,False,,,0,0,,,,,real,2023-01-02 00:00:00+00:00,1.0.0,12763,232060,11603,1160,0,216.0,0.055,41928.0,2307.0,41928.0,2307.0,41928.0,2307.0,41928.0,6988.0,1262.5,2023-01-02,1,0,0.4115,0.195,0.6347,0.0181,0.0343,0,0.0,0.0022,1289632,1.0,0.1514,0.1514,0.9210526315789473,0.868421052631579,10,low_motion_slow_cuts_has_face_med_bright,,test|video|trend,624,14,0,1.0,0,1.0,0,1.0,2023-01-02,2023-01-03,2023-01-02,2023-01-04,2023-01-02,2023-01-05,0,0,0,232060,6988.0,0.0004899868248542618,4.7548241438009504e-05,0.00023408727560076208,train,0
vid_0002,Test Video 2,2022-12-28 00:00:00+00:00,chan_2,Channel 2,25,2022-12-28 00:00:00+00:00,test|video|trend,41746,2087,0,208,http://example.com/thumb.jpg,False,False,Test description,youtube,youtube_trending_kaggle,False,,,0,0,,,,,real,2022-12-28 00:00:00+00:00,1.0.0,2295,41746,2087,208,0,0.0,0.055,0.0,0.0,0.0,0.0,0.0,0.0,0.0,0.0,0.0,,1,0,0.3514,0.1331,0.1985,0.0201,0.0369,0,0.0,0.0011,966464,0.0,0.0988,0.0988,0.5405405405405406,0.06756756756756757,10,low_motion_slow_cuts_no_face_med_bright,,test|video|trend,181,1,0,1.29,0,1.67,0,2.16,2022-12-28,2022-12-29,2022-12-28,2022-12-30,2022-12-28,2022-12-31,0,0,0,41746,0.0,0.005692798833314278,4.7548241438009504e-05,0.001569195746573876,train,0
vid_0002,Test Video 2,2022-12-28 00:00:00+00:00,chan_2,Channel 2,21,2022-12-29 00:00:00+00:00,test|video|trend,53962,2698,0,269,http://example.com/thumb.jpg,False,False,Test description,youtube,youtube_trending_kaggle,False,,,0,0,,,,,real,2022-12-29 00:00:00+00:00,1.0.0,2967,53962,2698,269,0,24.0,0.055,12216.0,672.0,12216.0,672.0,12216.0,672.0,12216.0,2036.0,0.0,2022-12-29,1,0,0.3514,0.1331,0.1985,0.0201,0.0369,0,0.0,0.0011,966464,0.0,0.0988,0.0988,0.3684210526315789,0.5,10,low_motion_slow_cuts_no_face_med_bright,,test|video|trend,290,2,0,1.29,0,1.67,0,2.16,2022-12-29,2022-12-30,2022-12-29,2022-12-31,2022-12-29,2023-01-01,0,0,0,53962,2036.0,0.0001869396588134513,4.7548241438009504e-05,0.00020899257901848417,train,0
vid_0002,Test Video 2,2022-12-28 00:00:00+00:00,chan_2,Channel 2,6,2022-12-30 00:00:00+00:00,test|video|trend,69755,3487,0,348,http://example.com/thumb.jpg,False,False,Test description,youtube,youtube_trending_kaggle,False,,,0,0,,,,,real,2022-12-30 00:00:00+00:00,1.0.0,3835,69755,3487,348,0,48.0,0.055,15793.0,868.0,15793.0,868.0,15793.0,868.0,15793.0,2632.17,596.17,2022-12-30,1,0,0.3514,0.1331,0.1985,0.0201,0.0369,0,0.0,0.0011,966464,0.0,0.0988,0.0988,0.7368421052631579,0.7105263157894737,10,low_motion_slow_cuts_no_face_med_bright,,test|video|trend,367,3,0,1.29,0,1.67,0,2.16,2022-12-30,2022-12-31,2022-12-30,2023-01-01,2022-12-30,2023-01-02,0,0,0,69755,2632.17,0.00010050641913733288,4.7548241438009504e-05,5.888732082259092e-05,train,0
vid_0002,Test Video 2,2022-12-28 00:00:00+00:00,chan_2,Channel 2,21,2022-12-31 00:00:00+00:00,test|video|trend,90169,4508,0,450,http://example.com/thumb.jpg,False,False,Test description,youtube,youtube_trending_kaggle,False,,,0,0,,,,,real,2022-12-31 00:00:00+00:00,1.0.0,4958,90169,4508,450,0,72.0,0.055,20414.0,1123.0,20414.0,1123.0,20414.0,1123.0,20414.0,3402.33,770.16,2022-12-31,1,0,0.3514,0.1331,0.1985,0.0201,0.0369,0,0.0,0.0011,966464,0.0,0.0988,0.0988,0.7105263157894737,0.6842105263157895,10,low_motion_slow_cuts_no_face_med_bright,,test|video|trend,471,4,0,1.29,0,1.67,0,2.16,2022-12-31,2023-01-01,2022-12-31,2023-01-02,2022-12-31,2023-01-03,0,0,0,90169,3402.33,4.4926864579837305e-05,4.7548241438009504e-05,6.222218897898428e-05,train,0
vid_0002,Test Video 2,2022-12-28 00:00:00+00:00,chan_2,Channel 2,12,2023-01-01 00:00:00+00:00,test|video|trend,116556,5827,0,582,http://example.com/thumb.jpg,False,False,Test description,youtube,youtube_trending_kaggle,False,,,0,0,,,,,real,2023-01-01 00:00:00+00:00,1.0.0,6409,116556,5827,582,0,96.0,0.055,26387.0,1451.0,26387.0,1451.0,26387.0,1451.0,26387.0,4397.83,995.5,2023-01-01,1,0,0.3514,0.1331,0.1985,0.0201,0.0369,0,0.0,0.0011,966464,0.0,0.0988,0.0988,0.8333333333333334,0.8333333333333334,10,low_motion_slow_cuts_no_face_med_bright,,test|video|trend,595,5,0,1.29,0,1.67,0,2.16,2023-01-01,2023-01-02,2023-01-01,2023-01-03,2023-01-01,2023-01-04,0,0,0,116556,4397.83,0.01106967788133672,4.7548241438009504e-05,0.0033260607469242707,train,0
vid_0002,Test Video 2,2022-12-28 00:00:00+00:00,chan_2,Channel 2,11,2023-01-02 00:00:00+00:00,test|video|trend,150667,7533,0,753,http://example.com/thumb.jpg,False,False,Test description,youtube,youtube_trending_kaggle,False,,,0,0,,,,,real,2023-01-02 00:00:00+00:00,1.0.0,8286,150667,7533,753,0,120.0,0.055,34111.0,1877.0,34111.0,1877.0,34111.0,1877.0,34111.0,5685.17,1287.34,2023-01-02,1,0,0.3514,0.1331,0.1985,0.0201,0.0369,0,0.0,0.0011,966464,0.0,0.0988,0.0988,0.8064516129032258,0.7741935483870968,10,low_motion_slow_cuts_no_face_med_bright,,test|video|trend,611,6,0,1.29,0,1.67,0,2.16,2023-01-02,2023-01-03,2023-01-02,2023-01-04,2023-01-02,2023-01-05,0,0,0,150667,5685.17,0.015189616058335307,4.7548241438009504e-05,0.005852809742883161,train,0
vid_0002,Test Video 2,2022-12-28 00:00:00+00:00,chan_2,Channel 2,14,2023-01-03 00:00:00+00:00,test|video|trend,194760,9738,0,973,http://example.com/thumb.jpg,False,False,Test description,youtube,youtube_trending_kaggle,False,,,0,0,,,,,real,2023-01-03 00:00:00+00:00,1.0.0,10711,194760,9738,973,0,144.0,0.055,44093.0,2425.0,44093.0,2425.0,44093.0,2425.0,44093.0,7348.83,1663.66,2023-01-03,1,0,0.3514,0.1331,0.1985,0.0201,0.0369,0,0.0,0.0011,966464,0.0,0.0988,0.0988,0.8888888888888888,0.8055555555555556,10,low_motion_slow_cuts_no_face_med_bright,,test|video|trend,702,7,0,1.29,0,1.67,0,2.16,2023-01-03,2023-01-04,2023-01-03,2023-01-05,2023-01-03,2023-01-06,0,0,0,194760,7348.83,0.04303066100092472,4.7548241438009504e-05,0.013616680179818723,test,0
vid_0002,Test Video 2,2022-12-28 00:00:00+00:00,chan_2,Channel 2,21,2023-01-04 00:00:00+00:00,test|video|trend,251756,12587,0,1258,http://example.com/thumb.jpg,False,False,Test description,youtube,youtube_trending_kaggle,False,,,0,0,,,,,real,2023-01-04 00:00:00+00:00,1.0.0,13845,251756,12587,1258,0,168.0,0.055,56996.0,3134.0,56996.0,3134.0,56996.0,3134.0,56996.0,9499.33,2150.5,2023-01-04,1,0,0.3514,0.1331,0.1985,0.0201,0.0369,0,0.0,0.0011,966464,0.0,0.0988,0.0988,0.9473684210526315,0.9210526315789473,10,low_motion_slow_cuts_no_face_med_bright,,test|video|trend,790,8,0,1.29,0,1.67,0,1.67,2023-01-04,2023-01-05,2023-01-04,2023-01-06,2023-01-04,2023-01-07,0,0,0,251756,9499.33,0.0009610751982658167,4.7548241438009504e-05,0.0004959575206504441,test,0
vid_0002,Test Video 2,2022-12-28 00:00:00+00:00,chan_2,Channel 2,13,2023-01-05 00:00:00+00:00,test|video|trend,325433,16271,0,1627,http://example.com/thumb.jpg,False,False,Test description,youtube,youtube_trending_kaggle,False,,,0,0,,,,,real,2023-01-05 00:00:00+00:00,1.0.0,17898,325433,16271,1627,0,192.0,0.055,73677.0,4053.0,73677.0,4053.0,73677.0,4053.0,73677.0,12279.5,2780.17,2023-01-05,1,0,0.3514,0.1331,0.1985,0.0201,0.0369,0,0.0,0.0011,966464,0.0,0.0988,0.0988,0.90625,0.90625,10,low_motion_slow_cuts_no_face_med_bright,,test|video|trend,872,9,0,1.29,0,1.29,0,1.29,2023-01-05,2023-01-06,2023-01-05,2023-01-07,2023-01-05,2023-01-08,0,0,0,325433,12279.5,0.0002501387077770023,4.7548241438009504e-05,0.00016487678759299492,test,0
vid_0002,Test Video 2,2022-12-28 00:00:00+00:00,chan_2,Channel 2,17,2023-01-06 00:00:00+00:00,test|video|trend,420671,21033,0,2103,http://example.com/thumb.jpg,False,False,Test description,youtube,youtube_trending_kaggle,False,,,0,0,,,,,real,2023-01-06 00:00:00+00:00,1.0.0,23136,420671,21033,2103,0,216.0,0.055,95238.0,5238.0,95238.0,5238.0,95238.0,5238.0,95238.0,15873.0,3593.5,2023-01-06,1,0,0.3514,0.1331,0.1985,0.0201,0.0369,0,0.0,0.0011,966464,0.0,0.0988,0.0988,0.9714285714285714,0.9428571428571428,10,low_motion_slow_cuts_no_face_med_bright,,test|video|trend,911,10,0,1.0,0,1.0,0,1.0,2023-01-06,2023-01-07,2023-01-06,2023-01-08,2023-01-06,2023-01-09,0,0,0,420671,15873.0,0.0002137718801685296,4.7548241438009504e-05,0.00012954352878560084,test,0
vid_0003,Test Video 3,2022-12-29 00:00:00+00:00,chan_3,Channel 3,12,2022-12-29 00:00:00+00:00,test|video|trend,6692,334,0,33,http://example.com/thumb.jpg,False,False,Test description,youtube,youtube_trending_kaggle,False,,,0,0,,,,,real,2022-12-29 00:00:00+00:00,1.0.0,367,6692,334,33,0,0.0,0.0548,0.0,0.0,0.0,0.0,0.0,0.0,0.0,0.0,0.0,,1,0,0.5747,0.1089,0.7013,0.0139,0.0253,0,0.0,0.0016,336064,1.0,0.0992,0.0992,0.13333333333333333,0.08333333333333333,10,low_motion_slow_cuts_has_face_med_bright,,test|video|trend,307,6,0,1.11,0,1.23,0,1.36,2022-12-29,2022-12-30,2022-12-29,2022-12-31,2022-12-29,2023-01-01,0,0,0,6692,0.0,0.06993399506034614,4.7548241438009504e-05,0.026216103070334354,train,0
vid_0003,Test Video 3,2022-12-29 00:00:00+00:00,chan_3,Channel 3,13,2022-12-30 00:00:00+00:00,test|video|trend,7411,370,0,37,http://example.com/thumb.jpg,False,False,Test description,youtube,youtube_trending_kaggle,False,,,0,0,,,,,real,2022-12-30 00:00:00+00:00,1.0.0,407,7411,370,37,0,24.0,0.0549,719.0,40.0,719.0,40.0,719.0,40.0,719.0,119.83,0.0,2022-12-30,1,0,0.5747,0.1089,0.7013,0.0139,0.0253,0,0.0,0.0016,336064,1.0,0.0992,0.0992,0.125,0.25,10,low_motion_slow_cuts_has_face_med_bright,,test|video|trend,325,8,0,1.11,0,1.23,0,1.36,2022-12-30,2022-12-31,2022-12-30,2023-01-01,2022-12-30,2023-01-02,0,0,0,7411,119.83,0.105393945783003,4.7548241438009504e-05,0.0359416443641721,train,0
vid_0003,Test Video 3,2022-12-29 00:00:00+00:00,chan_3,Channel 3,23,2022-12-31 00:00:00+00:00,test|video|trend,8207,410,0,41,http://example.com/thumb.jpg,False,False,Test description,youtube,youtube_trending_kaggle,False,,,0,0,,,,,real,2022-12-31 00:00:00+00:00,1.0.0,451,8207,410,41,0,48.0,0.055,796.0,44.0,796.0,44.0,796.0,44.0,796.0,132.67,12.84,2022-12-31,1,0,0.5747,0.1089,0.7013,0.0139,0.0253,0,0.0,0.0016,336064,1.0,0.0992,0.0992,0.1,0.2,10,low_motion_slow_cuts_has_face_med_bright,,test|video|trend,497,11,0,1.11,0,1.23,0,1.36,2022-12-31,2023-01-01,2022-12-31,2023-01-02,2022-12-31,2023-01-03,0,0,0,8207,132.67,0.01769519246424111,4.7548241438009504e-05,0.00835430838787701,train,0
vid_0003,Test Video 3,2022-12-29 00:00:00+00:00,chan_3,Channel 3,24,2023-01-01 00:00:00+00:00,test|video|trend,9089,454,0,45,http://example.com/thumb.jpg,False,False,Test description,youtube,youtube_trending_kaggle,False,,,0,0,,,,,real,2023-01-01 00:00:00+00:00,1.0.0,499,9089,454,45,0,72.0,0.0549,882.0,48.0,882.0,48.0,882.0,48.0,882.0,147.0,14.33,2023-01-01,1,0,0.5747,0.1089,0.7013,0.0139,0.0253,0,0.0,0.0016,336064,1.0,0.0992,0.0992,0.1111111111111111,0.26666666666666666,10,low_motion_slow_cuts_has_face_med_bright,,test|video|trend,545,12,0,1.11,0,1.23,0,1.36,2023-01-01,2023-01-02,2023-01-01,2023-01-03,2023-01-01,2023-01-04,0,0,0,9089,147.0,0.0021949820036811494,4.7548241438009504e-05,0.0005705878753654025,train,0
vid_0003,Test Video 3,2022-12-29 00:00:00+00:00,chan_3,Channel 3,10,2023-01-02 00:00:00+00:00,test|video|trend,10065,503,0,50,http://example.com/thumb.jpg,False,False,Test description,youtube,youtube_trending_kaggle,False,,,0,0,,,,,real,2023-01-02 00:00:00+00:00,1.0.0,553,10065,503,50,0,96.0,0.0549,976.0,54.0,976.0,54.0,976.0,54.0,976.0,162.67,15.67,2023-01-02,1,0,0.5747,0.1089,0.7013,0.0139,0.0253,0,0.0,0.0016,336064,1.0,0.0992,0.0992,0.09090909090909091,0.15151515151515152,10,low_motion_slow_cuts_has_face_med_bright,,test|video|trend,675,15,0,1.11,0,1.23,0,1.36,2023-01-02,2023-01-03,2023-01-02,2023-01-04,2023-01-02,2023-01-05,0,0,0,10065,162.67,0.005151903955583775,4.7548241438009504e-05,0.002005840418251443,train,0
vid_0003,Test Video 3,2022-12-29 00:00:00+00:00,chan_3,Channel 3,6,2023-01-03 00:00:00+00:00,test|video|trend,11147,557,0,55,http://example.com/thumb.jpg,False,False,Test description,youtube,youtube_trending_kaggle,False,,,0,0,,,,,real,2023-01-03 00:00:00+00:00,1.0.0,612,11147,557,55,0,120.0,0.0549,1082.0,59.0,1082.0,59.0,1082.0,59.0,1082.0,180.33,17.66,2023-01-03,1,0,0.5747,0.1089,0.7013,0.0139,0.0253,0,0.0,0.0016,336064,1.0,0.0992,0.0992,0.21052631578947367,0.18421052631578946,10,low_motion_slow_cuts_has_face_med_bright,,test|video|trend,710,16,0,1.11,0,1.23,0,1.36,2023-01-03,2023-01-04,2023-01-03,2023-01-05,2023-01-03,2023-01-06,0,0,0,11147,180.33,0.003015753079735604,4.7548241438009504e-05,0.0011593313913643125,test,0
vid_0003,Test Video 3,2022-12-29 00:00:00+00:00,chan_3,Channel 3,8,2023-01-04 00:00:00+00:00,test|video|trend,12345,617,0,61,http://example.com/thumb.jpg,False,False,Test description,youtube,youtube_trending_kaggle,False,,,0,0,,,,,real,2023-01-04 00:00:00+00:00,1.0.0,678,12345,617,61,0,144.0,0.0549,1198.0,66.0,1198.0,66.0,1198.0,66.0,1198.0,199.67,19.34,2023-01-04,1,0,0.5747,0.1089,0.7013,0.0139,0.0253,0,0.0,0.0016,336064,1.0,0.0992,0.0992,0.23255813953488372,0.2558139534883721,10,low_motion_slow_cuts_has_face_med_bright,,test|video|trend,803,17,0,1.11,0,1.23,0,1.36,2023-01-04,2023-01-05,2023-01-04,2023-01-06,2023-01-04,2023-01-07,0,0,0,12345,199.67,0.0001550782764130196,4.7548241438009504e-05,0.00012004721436535699,test,0
vid_0003,Test Video 3,2022-12-29 00:00:00+00:00,chan_3,Channel 3,15,2023-01-05 00:00:00+00:00,test|video|trend,13671,683,0,68,http://example.com/thumb.jpg,False,False,Test description,youtube,youtube_trending_kaggle,False,,,0,0,,,,,real,2023-01-05 00:00:00+00:00,1.0.0,751,13671,683,68,0,168.0,0.0549,1326.0,73.0,1326.0,73.0,1326.0,73.0,1326.0,221.0,21.33,2023-01-05,1,0,0.5747,0.1089,0.7013,0.0139,0.0253,0,0.0,0.0016,336064,1.0,0.0992,0.0992,0.11538461538461539,0.34615384615384615,10,low_motion_slow_cuts_has_face_med_bright,,test|video|trend,856,18,0,1.11,0,1.23,0,1.23,2023-01-05,2023-01-06,2023-01-05,2023-01-07,2023-01-05,2023-01-08,0,0,0,13671,221.0,0.00017162850729008714,4.7548241438009504e-05,0.00014647307072424253,test,0
vid_0003,Test Video 3,2022-12-29 00:00:00+00:00,chan_3,Channel 3,24,2023-01-06 00:00:00+00:00,test|video|trend,15140,757,0,75,http://example.com/thumb.jpg,False,False,Test description,youtube,youtube_trending_kaggle,False,,,0,0,,,,,real,2023-01-06 00:00:00+00:00,1.0.0,832,15140,757,75,0,192.0,0.055,1469.0,81.0,1469.0,81.0,1469.0,81.0,1469.0,244.83,23.83,2023-01-06,1,0,0.5747,0.1089,0.7013,0.0139,0.0253,0,0.0,0.0016,336064,1.0,0.0992,0.0992,0.15555555555555556,0.3111111111111111,10,low_motion_slow_cuts_has_face_med_bright,,test|video|trend,895,19,0,1.11,0,1.11,0,1.11,2023-01-06,2023-01-07,2023-01-06,2023-01-08,2023-01-06,2023-01-09,0,0,0,15140,244.83,1.926328364766532e-05,4.7548241438009504e-05,2.3613693402585173e-05,test,0
vid_0003,Test Video 3,2022-12-29 00:00:00+00:00,chan_3,Channel 3,5,2023-01-07 00:00:00+00:00,test|video|trend,16767,838,0,83,http://example.com/thumb.jpg,False,False,Test description,youtube,youtube_trending_kaggle,False,,,0,0,,,,,real,2023-01-07 00:00:00+00:00,1.0.0,921,16767,838,83,0,216.0,0.0549,1627.0,89.0,1627.0,89.0,1627.0,89.0,1627.0,271.17,26.34,2023-01-07,1,0,0.5747,0.1089,0.7013,0.0139,0.0253,0,0.0,0.0016,336064,1.0,0.0992,0.0992,0.1935483870967742,0.25806451612903225,10,low_motion_slow_cuts_has_face_med_bright,,test|video|trend,964,20,0,1.0,0,1.0,0,1.0,2023-01-07,2023-01-08,2023-01-07,2023-01-09,2023-01-07,2023-01-10,0,0,0,16767,271.17,2.819892243457309e-05,4.7548241438009504e-05,1.8224995016976792e-05,test,0
vid_0004,Test Video 4,2022-12-23 00:00:00+00:00,chan_4,Channel 4,22,2022-12-23 00:00:00+00:00,test|video|trend,9630,481,0,48,http://example.com/thumb.jpg,False,False,Test description,youtube,youtube_trending_kaggle,False,,,0,0,,,,,real,2022-12-23 00:00:00+00:00,1.0.0,529,9630,481,48,0,0.0,0.0549,0.0,0.0,0.0,0.0,0.0,0.0,0.0,0.0,0.0,,1,0,0.0,0.0,0.0,0.0,0.0,0,0.0,0.0,0,0.0,0.0,0.0,0.09375,0.0625,10,low_motion_slow_cuts_no_face_dark,,test|video|trend,12,12,0,1.21,0,1.47,0,1.79,2022-12-23,2022-12-24,2022-12-23,2022-12-25,2022-12-23,2022-12-26,0,0,0,9630,0.0,0.0043913157758584415,0.14727444217171368,0.004547462513718916,train,0
vid_0004,Test Video 4,2022-12-23 00:00:00+00:00,chan_4,Channel 4,6,2022-12-24 00:00:00+00:00,test|video|trend,11695,584,0,58,http://example.com/thumb.jpg,False,False,Test description,youtube,youtube_trending_kaggle,False,,,0,0,,,,,real,2022-12-24 00:00:00+00:00,1.0.0,642,11695,584,58,0,24.0,0.0549,2065.0,113.0,2065.0,113.0,2065.0,113.0,2065.0,344.17,0.0,2022-12-24,1,0,0.0,0.0,0.0,0.0,0.0,0,0.0,0.0,0,0.0,0.0,0.0,0.23684210526315788,0.3157894736842105,10,low_motion_slow_cuts_no_face_dark,,test|video|trend,16,15,0,1.21,0,1.47,0,1.79,2022-12-24,2022-12-25,2022-12-24,2022-12-26,2022-12-24,2022-12-27,0,0,0,11695,344.17,0.020019460667782114,0.14727444217171368,0.015247795597551165,train,0
vid_0004,Test Video 4,2022-12-23 00:00:00+00:00,chan_4,Channel 4,20,2022-12-25 00:00:00+00:00,test|video|trend,14203,710,0,71,http://example.com/thumb.jpg,False,False,Test description,youtube,youtube_trending_kaggle,False,,,0,0,,,,,real,2022-12-25 00:00:00+00:00,1.0.0,781,14203,710,71,0,48.0,0.055,2508.0,139.0,2508.0,139.0,2508.0,139.0,2508.0,418.0,73.83,2022-12-25,1,0,0.0,0.0,0.0,0.0,0.0,0,0.0,0.0,0,0.0,0.0,0.0,0.12903225806451613,0.3870967741935484,10,low_motion_slow_cuts_no_face_dark,,test|video|trend,62,61,0,1.21,0,1.48,0,1.79,2022-12-25,2022-12-26,2022-12-25,2022-12-27,2022-12-25,2022-12-28,0,0,0,14203,418.0,0.039954870086160124,0.14727444217171368,0.040934340578116,train,0
vid_0004,Test Video 4,2022-12-23 00:00:00+00:00,chan_4,Channel 4,22,2022-12-26 00:00:00+00:00,test|video|trend,17250,862,0,86,http://example.com/thumb.jpg,False,False,Test description,youtube,youtube_trending_kaggle,False,,,0,0,,,,,real,2022-12-26 00:00:00+00:00,1.0.0,948,17250,862,86,0,72.0,0.055,3047.0,167.0,3047.0,167.0,3047.0,167.0,3047.0,507.83,89.83,2022-12-26,1,0,0.0,0.0,0.0,0.0,0.0,0,0.0,0.0,0,0.0,0.0,0.0,0.1875,0.375,10,low_motion_slow_cuts_no_face_dark,,test|video|trend,106,103,0,1.21,0,1.47,0,1.79,2022-12-26,2022-12-27,2022-12-26,2022-12-28,2022-12-26,2022-12-29,0,0,0,17250,507.83,0.0028294761975061647,0.14727444217171368,0.002984982609329622,train,0
vid_0004,Test Video 4,2022-12-23 00:00:00+00:00,chan_4,Channel 4,10,2022-12-27 00:00:00+00:00,test|video|trend,20950,1047,0,104,http://example.com/thumb.jpg,False,False,Test description,youtube,youtube_trending_kaggle,False,,,0,0,,,,,real,2022-12-27 00:00:00+00:00,1.0.0,1151,20950,1047,104,0,96.0,0.0549,3700.0,203.0,3700.0,203.0,3700.0,203.0,3700.0,616.67,108.84,2022-12-27,1,0,0.0,0.0,0.0,0.0,0.0,0,0.0,0.0,0,0.0,0.0,0.0,0.3333333333333333,0.36363636363636365,10,low_motion_slow_cuts_no_face_dark,,test|video|trend,151,148,0,1.21,0,1.47,0,1.79,2022-12-27,2022-12-28,2022-12-27,2022-12-29,2022-12-27,2022-12-30,0,0,0,20950,616.67,0.0002723192806781375,0.14727444217171368,0.0003684365627082488,train,0
vid_0004,Test Video 4,2022-12-23 00:00:00+00:00,chan_4,Channel 4,9,2022-12-28 00:00:00+00:00,test|video|trend,25443,1272,0,127,http://example.com/thumb.jpg,False,False,Test description,youtube,youtube_trending_kaggle,False,,,0,0,,,,,real,2022-12-28 00:00:00+00:00,1.0.0,1399,25443,1272,127,0,120.0,0.055,4493.0,248.0,4493.0,248.0,4493.0,248.0,4493.0,748.83,132.16,2022-12-28,1,0,0.0,0.0,0.0,0.0,0.0,0,0.0,0.0,0,0.0,0.0,0.0,0.36363636363636365,0.5757575757575758,10,low_motion_slow_cuts_no_face_dark,,test|video|trend,192,186,0,1.21,0,1.47,0,1.79,2022-12-28,2022-12-29,2022-12-28,2022-12-30,2022-12-28,2022-12-31,0,0,0,25443,748.83,0.0020417368131490318,0.14727444217171368,0.002899894656451635,train,0
vid_0004,Test Video 4,2022-12-23 00:00:00+00:00,chan_4,Channel 4,21,2022-12-29 00:00:00+00:00,test|video|trend,30901,1545,0,154,http://example.com/thumb.jpg,False,False,Test description,youtube,youtube_trending_kaggle,False,,,0,0,,,,,real,2022-12-29 00:00:00+00:00,1.0.0,1699,30901,1545,154,0,144.0,0.055,5458.0,300.0,5458.0,300.0,5458.0,300.0,5458.0,909.67,160.84,2022-12-29,1,0,0.0,0.0,0.0,0.0,0.0,0,0.0,0.0,0,0.0,0.0,0.0,0.21052631578947367,0.2631578947368421,10,low_motion_slow_cuts_no_face_dark,,test|video|trend,309,301,0,1.21,0,1.47,0,1.79,2022-12-29,2022-12-30,2022-12-29,2022-12-31,2022-12-29,2023-01-01,0,0,0,30901,909.67,0.0002687071316279302,0.14727444217171368,0.00027645139385550934,train,0
vid_0004,Test Video 4,2022-12-23 00:00:00+00:00,chan_4,Channel 4,23,2022-12-30 00:00:00+00:00,test|video|trend,37528,1876,0,187,http://example.com/thumb.jpg,False,False,Test description,youtube,youtube_trending_kaggle,False,,,0,0,,,,,real,2022-12-30 00:00:00+00:00,1.0.0,2063,37528,1876,187,0,168.0,0.055,6627.0,364.0,6627.0,364.0,6627.0,364.0,6627.0,1104.5,194.83,2022-12-30,1,0,0.0,0.0,0.0,0.0,0.0,0,0.0,0.0,0,0.0,0.0,0.0,0.3333333333333333,0.4,10,low_motion_slow_cuts_no_face_dark,,test|video|trend,328,318,0,1.21,0,1.47,0,1.47,2022-12-30,2022-12-31,2022-12-30,2023-01-01,2022-12-30,2023-01-02,0,0,0,37528,1104.5,8.007762084415157e-05,0.14727444217171368,8.25827145805273e-05,train,0
vid_0004,Test Video 4,2022-12-23 00:00:00+00:00,chan_4,Channel 4,1,2022-12-31 00:00:00+00:00,test|video|trend,45578,2278,0,227,http://example.com/thumb.jpg,False,False,Test description,youtube,youtube_trending_kaggle,False,,,0,0,,,,,real,2022-12-31 00:00:00+00:00,1.0.0,2505,45578,2278,227,0,192.0,0.055,8050.0,442.0,8050.0,442.0,8050.0,442.0,8050.0,1341.67,237.17,2022-12-31,1,0,0.0,0.0,0.0,0.0,0.0,0,0.0,0.0,0,0.0,0.0,0.0,0.5757575757575758,0.6060606060606061,10,low_motion_slow_cuts_no_face_dark,,test|video|trend,478,465,0,1.21,0,1.21,0,1.21,2022-12-31,2023-01-01,2022-12-31,2023-01-02,2022-12-31,2023-01-03,0,0,0,45578,1341.67,0.0001403853944044014,0.14727444217171368,0.00010673753930552471,train,0
vid_0004,Test Video 4,2022-12-23 00:00:00+00:00,chan_4,Channel 4,24,2023-01-01 00:00:00+00:00,test|video|trend,55353,2767,0,276,http://example.com/thumb.jpg,False,False,Test description,youtube,youtube_trending_kaggle,False,,,0,0,,,,,real,2023-01-01 00:00:00+00:00,1.0.0,3043,55353,2767,276,0,216.0,0.055,9775.0,538.0,9775.0,538.0,9775.0,538.0,9775.0,1629.17,287.5,2023-01-01,1,0,0.0,0.0,0.0,0.0,0.0,0,0.0,0.0,0,0.0,0.0,0.0,0.5777777777777777,0.6222222222222222,10,low_motion_slow_cuts_no_face_dark,,test|video|trend,574,557,0,1.0,0,1.0,0,1.0,2023-01-01,2023-01-02,2023-01-01,2023-01-03,2023-01-01,2023-01-04,0,0,0,55353,1629.17,0.0004494248457655288,0.14727444217171368,0.0006170197433860568,train,0
vid_0005,Test Video 5,2022-12-29 00:00:00+00:00,chan_5,Channel 5,13,2022-12-29 00:00:00+00:00,test|video|trend,26206,1310,0,131,http://example.com/thumb.jpg,False,False,Test description,youtube,youtube_trending_kaggle,False,,,0,0,,,,,real,2022-12-29 00:00:00+00:00,1.0.0,1441,26206,1310,131,0,0.0,0.055,0.0,0.0,0.0,0.0,0.0,0.0,0.0,0.0,0.0,,1,0,0.0,0.0,0.0,0.0,0.0,0,0.0,0.0,0,0.0,0.0,0.0,0.3125,0.078125,10,low_motion_slow_cuts_no_face_dark,,test|video|trend,298,291,0,1.27,0,1.61,0,2.04,2022-12-29,2022-12-30,2022-12-29,2022-12-31,2022-12-29,2023-01-01,0,0,0,26206,0.0,0.07004907093045791,0.14727444217171368,0.09252385950455659,train,0
vid_0005,Test Video 5,2022-12-29 00:00:00+00:00,chan_5,Channel 5,13,2022-12-30 00:00:00+00:00,test|video|trend,33257,1662,0,166,http://example.com/thumb.jpg,False,False,Test description,youtube,youtube_trending_kaggle,False,,,0,0,,,,,real,2022-12-30 00:00:00+00:00,1.0.0,1828,33257,1662,166,0,24.0,0.055,7051.0,387.0,7051.0,387.0,7051.0,387.0,7051.0,1175.17,0.0,2022-12-30,1,0,0.0,0.0,0.0,0.0,0.0,0,0.0,0.0,0,0.0,0.0,0.0,0.34375,0.4375,10,low_motion_slow_cuts_no_face_dark,,test|video|trend,315,306,0,1.27,0,1.61,0,2.04,2022-12-30,2022-12-31,2022-12-30,2023-01-01,2022-12-30,2023-01-02,0,0,0,33257,1175.17,0.0005063182513277775,0.14727444217171368,0.0005889485673672592,train,0
vid_0005,Test Video 5,2022-12-29 00:00:00+00:00,chan_5,Channel 5,22,2022-12-31 00:00:00+00:00,test|video|trend,42205,2110,0,211,http://example.com/thumb.jpg,False,False,Test description,youtube,youtube_trending_kaggle,False,,,0,0,,,,,real,2022-12-31 00:00:00+00:00,1.0.0,2321,42205,2110,211,0,48.0,0.055,8948.0,493.0,8948.0,493.0,8948.0,493.0,8948.0,1491.33,316.16,2022-12-31,1,0,0.0,0.0,0.0,0.0,0.0,0,0.0,0.0,0,0.0,0.0,0.0,0.4375,0.59375,10,low_motion_slow_cuts_no_face_dark,,test|video|trend,484,470,0,1.27,0,1.61,0,2.04,2022-12-31,2023-01-01,2022-12-31,2023-01-02,2022-12-31,2023-01-03,0,0,0,42205,1491.33,0.005209971179145708,0.14727444217171368,0.0041765178053536365,train,0
vid_0005,Test Video 5,2022-12-29 00:00:00+00:00,chan_5,Channel 5,8,2023-01-01 00:00:00+00:00,test|video|trend,53561,2678,0,267,http://example.com/thumb.jpg,False,False,Test description,youtube,youtube_trending_kaggle,False,,,0,0,,,,,real,2023-01-01 00:00:00+00:00,1.0.0,2945,53561,2678,267,0,72.0,0.055,11356.0,624.0,11356.0,624.0,11356.0,624.0,11356.0,1892.67,401.34,2023-01-01,1,0,0.0,0.0,0.0,0.0,0.0,0,0.0,0.0,0,0.0,0.0,0.0,0.5581395348837209,0.6046511627906976,10,low_motion_slow_cuts_no_face_dark,,test|video|trend,541,526,0,1.27,0,1.61,0,2.04,2023-01-01,2023-01-02,2023-01-01,2023-01-03,2023-01-01,2023-01-04,0,0,0,53561,1892.67,0.00013102580914846478,0.14727444217171368,0.00031643400230054456,train,0
vid_0005,Test Video 5,2022-12-29 00:00:00+00:00,chan_5,Channel 5,2,2023-01-02 00:00:00+00:00,test|video|trend,67973,3398,0,339,http://example.com/thumb.jpg,False,False,Test description,youtube,youtube_trending_kaggle,False,,,0,0,,,,,real,2023-01-02 00:00:00+00:00,1.0.0,3737,67973,3398,339,0,96.0,0.055,14412.0,792.0,14412.0,792.0,14412.0,792.0,14412.0,2402.0,509.33,2023-01-02,1,0,0.0,0.0,0.0,0.0,0.0,0,0.0,0.0,0,0.0,0.0,0.0,0.5405405405405406,0.5675675675675675,10,low_motion_slow_cuts_no_face_dark,,test|video|trend,655,635,0,1.27,0,1.61,0,2.04,2023-01-02,2023-01-03,2023-01-02,2023-01-04,2023-01-02,2023-01-05,0,0,0,67973,2402.0,0.0034836427356988693,0.14727444217171368,0.001699693576991678,train,0
vid_0005,Test Video 5,2022-12-29 00:00:00+00:00,chan_5,Channel 5,2,2023-01-03 00:00:00+00:00,test|video|trend,86263,4313,0,431,http://example.com/thumb.jpg,False,False,Test description,youtube,youtube_trending_kaggle,False,,,0,0,,,,,real,2023-01-03 00:00:00+00:00,1.0.0,4744,86263,4313,431,0,120.0,0.055,18290.0,1007.0,18290.0,1007.0,18290.0,1007.0,18290.0,3048.33,646.33,2023-01-03,1,0,0.0,0.0,0.0,0.0,0.0,0,0.0,0.0,0,0.0,0.0,0.0,0.6216216216216216,0.6756756756756757,10,low_motion_slow_cuts_no_face_dark,,test|video|trend,698,677,0,1.27,0,1.61,0,2.04,2023-01-03,2023-01-04,2023-01-03,2023-01-05,2023-01-03,2023-01-06,0,0,0,86263,3048.33,0.0021556131616800255,0.14727444217171368,0.00538725717850943,train,0
vid_0005,Test Video 5,2022-12-29 00:00:00+00:00,chan_5,Channel 5,11,2023-01-04 00:00:00+00:00,test|video|trend,109473,5473,0,547,http://example.com/thumb.jpg,False,False,Test description,youtube,youtube_trending_kaggle,False,,,0,0,,,,,real,2023-01-04 00:00:00+00:00,1.0.0,6020,109473,5473,547,0,144.0,0.055,23210.0,1276.0,23210.0,1276.0,23210.0,1276.0,23210.0,3868.33,820.0,2023-01-04,1,0,0.0,0.0,0.0,0.0,0.0,0,0.0,0.0,0,0.0,0.0,0.0,0.7419354838709677,0.7096774193548387,10,low_motion_slow_cuts_no_face_dark,,test|video|trend,782,759,0,1.27,0,1.61,0,2.04,2023-01-04,2023-01-05,2023-01-04,2023-01-06,2023-01-04,2023-01-07,0,0,0,109473,3868.33,0.00011747841467383406,0.14727444217171368,0.00019655352228864332,test,0
vid_0005,Test Video 5,2022-12-29 00:00:00+00:00,chan_5,Channel 5,26,2023-01-05 00:00:00+00:00,test|video|trend,138929,6946,0,694,http://example.com/thumb.jpg,False,False,Test description,youtube,youtube_trending_kaggle,False,,,0,0,,,,,real,2023-01-05 00:00:00+00:00,1.0.0,7640,138929,6946,694,0,168.0,0.055,29456.0,1620.0,29456.0,1620.0,29456.0,1620.0,29456.0,4909.33,1041.0,2023-01-05,1,0,0.0,0.0,0.0,0.0,0.0,0,0.0,0.0,0,0.0,0.0,0.0,0.7692307692307693,0.7692307692307693,10,low_motion_slow_cuts_no_face_dark,,test|video|trend,861,835,0,1.27,0,1.61,0,1.61,2023-01-05,2023-01-06,2023-01-05,2023-01-07,2023-01-05,2023-01-08,0,0,0,138929,4909.33,0.0009662368422843209,0.14727444217171368,0.0011391475635875756,test,0
vid_0005,Test Video 5,2022-12-29 00:00:00+00:00,chan_5,Channel 5,3,2023-01-06 00:00:00+00:00,test|video|trend,176311,8815,0,881,http://example.com/thumb.jpg,False,False,Test description,youtube,youtube_trending_kaggle,False,,,0,0,,,,,real,2023-01-06 00:00:00+00:00,1.0.0,9696,176311,8815,881,0,192.0,0.055,37382.0,2056.0,37382.0,2056.0,37382.0,2056.0,37382.0,6230.33,1321.0,2023-01-06,1,0,0.0,0.0,0.0,0.0,0.0,0,0.0,0.0,0,0.0,0.0,0.0,0.8461538461538461,0.7435897435897436,10,low_motion_slow_cuts_no_face_dark,,test|video|trend,921,892,0,1.27,0,1.27,0,1.27,2023-01-06,2023-01-07,2023-01-06,2023-01-08,2023-01-06,2023-01-09,0,0,0,176311,6230.33,0.0017545635007985793,0.14727444217171368,0.001203671144766638,test,0
vid_0005,Test Video 5,2022-12-29 00:00:00+00:00,chan_5,Channel 5,18,2023-01-07 00:00:00+00:00,test|video|trend,223750,11187,0,1118,http://example.com/thumb.jpg,False,False,Test description,youtube,youtube_trending_kaggle,False,,,0,0,,,,,real,2023-01-07 00:00:00+00:00,1.0.0,12305,223750,11187,1118,0,216.0,0.055,47439.0,2609.0,47439.0,2609.0,47439.0,2609.0,47439.0,7906.5,1676.17,2023-01-07,1,0,0.0,0.0,0.0,0.0,0.0,0,0.0,0.0,0,0.0,0.0,0.0,0.8620689655172413,0.8275862068965517,10,low_motion_slow_cuts_no_face_dark,,test|video|trend,952,923,0,1.0,0,1.0,0,1.0,2023-01-07,2023-01-08,2023-01-07,2023-01-09,2023-01-07,2023-01-10,0,0,0,223750,7906.5,0.0014692133926734218,0.14727444217171368,0.0013651497216769055,test,0
vid_0006,Test Video 6,2022-12-30 00:00:00+00:00,chan_6,Channel 6,26,2022-12-30 00:00:00+00:00,test|video|trend,29406,1470,0,147,http://example.com/thumb.jpg,False,False,Test description,youtube,youtube_trending_kaggle,False,,,0,0,,,,,real,2022-12-30 00:00:00+00:00,1.0.0,1617,29406,1470,147,0,0.0,0.055,0.0,0.0,0.0,0.0,0.0,0.0,0.0,0.0,0.0,,1,0,0.0,0.0,0.0,0.0,0.0,0,0.0,0.0,0,0.0,0.0,0.0,0.28846153846153844,0.08653846153846154,10,low_motion_slow_cuts_no_face_dark,,test|video|trend,385,373,0,1.13,0,1.27,0,1.42,2022-12-30,2022-12-31,2022-12-30,2023-01-01,2022-12-30,2023-01-02,0,0,0,29406,0.0,0.04717520056680151,0.14727444217171368,0.0630494673385568,train,0
vid_0006,Test Video 6,2022-12-30 00:00:00+00:00,chan_6,Channel 6,1,2022-12-31 00:00:00+00:00,test|video|trend,33086,1654,0,165,http://example.com/thumb.jpg,False,False,Test description,youtube,youtube_trending_kaggle,False,,,0,0,,,,,real,2022-12-31 00:00:00+00:00,1.0.0,1819,33086,1654,165,0,24.0,0.055,3680.0,202.0,3680.0,202.0,3680.0,202.0,3680.0,613.33,0.0,2022-12-31,1,0,0.0,0.0,0.0,0.0,0.0,0,0.0,0.0,0,0.0,0.0,0.0,0.48484848484848486,0.45454545454545453,10,low_motion_slow_cuts_no_face_dark,,test|video|trend,404,392,0,1.13,0,1.27,0,1.42,2022-12-31,2023-01-01,2022-12-31,2023-01-02,2022-12-31,2023-01-03,0,0,0,33086,613.33,0.0018263865564883963,0.14727444217171368,0.0018049801071580076,train,0
vid_0006,Test Video 6,2022-12-30 00:00:00+00:00,chan_6,Channel 6,27,2023-01-01 00:00:00+00:00,test|video|trend,37227,1861,0,186,http://example.com/thumb.jpg,False,False,Test description,youtube,youtube_trending_kaggle,False,,,0,0,,,,,real,2023-01-01 00:00:00+00:00,1.0.0,2047,37227,1861,186,0,48.0,0.055,4141.0,228.0,4141.0,228.0,4141.0,228.0,4141.0,690.17,76.84,2023-01-01,1,0,0.0,0.0,0.0,0.0,0.0,0,0.0,0.0,0,0.0,0.0,0.0,0.3939393939393939,0.36363636363636365,10,low_motion_slow_cuts_no_face_dark,,test|video|trend,551,535,0,1.13,0,1.27,0,1.42,2023-01-01,2023-01-02,2023-01-01,2023-01-03,2023-01-01,2023-01-04,0,0,0,37227,690.17,0.0004399164649341309,0.14727444217171368,0.001025125233075231,train,0
vid_0006,Test Video 6,2022-12-30 00:00:00+00:00,chan_6,Channel 6,3,2023-01-02 00:00:00+00:00,test|video|trend,41886,2094,0,209,http://example.com/thumb.jpg,False,False,Test description,youtube,youtube_trending_kaggle,False,,,0,0,,,,,real,2023-01-02 00:00:00+00:00,1.0.0,2303,41886,2094,209,0,72.0,0.055,4659.0,256.0,4659.0,256.0,4659.0,256.0,4659.0,776.5,86.33,2023-01-02,1,0,0.0,0.0,0.0,0.0,0.0,0,0.0,0.0,0,0.0,0.0,0.0,0.3333333333333333,0.41025641025641024,10,low_motion_slow_cuts_no_face_dark,,test|video|trend,646,626,0,1.13,0,1.27,0,1.42,2023-01-02,2023-01-03,2023-01-02,2023-01-04,2023-01-02,2023-01-05,0,0,0,41886,776.5,8.217979535941311e-05,0.14727444217171368,0.0001516257004260849,train,0
vid_0006,Test Video 6,2022-12-30 00:00:00+00:00,chan_6,Channel 6,8,2023-01-03 00:00:00+00:00,test|video|trend,47128,2356,0,235,http://example.com/thumb.jpg,False,False,Test description,youtube,youtube_trending_kaggle,False,,,0,0,,,,,real,2023-01-03 00:00:00+00:00,1.0.0,2591,47128,2356,235,0,96.0,0.055,5242.0,288.0,5242.0,288.0,5242.0,288.0,5242.0,873.67,97.17,2023-01-03,1,0,0.0,0.0,0.0,0.0,0.0,0,0.0,0.0,0,0.0,0.0,0.0,0.4883720930232558,0.4418604651162791,10,low_motion_slow_cuts_no_face_dark,,test|video|trend,700,679,0,1.13,0,1.27,0,1.42,2023-01-03,2023-01-04,2023-01-03,2023-01-05,2023-01-03,2023-01-06,0,0,0,47128,873.67,0.00025737137452344616,0.14727444217171368,0.00017497645329641126,train,0
vid_0006,Test Video 6,2022-12-30 00:00:00+00:00,chan_6,Channel 6,27,2023-01-04 00:00:00+00:00,test|video|trend,53026,2651,0,265,http://example.com/thumb.jpg,False,False,Test description,youtube,youtube_trending_kaggle,False,,,0,0,,,,,real,2023-01-04 00:00:00+00:00,1.0.0,2916,53026,2651,265,0,120.0,0.055,5898.0,325.0,5898.0,325.0,5898.0,325.0,5898.0,983.0,109.33,2023-01-04,1,0,0.0,0.0,0.0,0.0,0.0,0,0.0,0.0,0,0.0,0.0,0.0,0.5454545454545454,0.45454545454545453,10,low_motion_slow_cuts_no_face_dark,,test|video|trend,776,753,0,1.13,0,1.27,0,1.42,2023-01-04,2023-01-05,2023-01-04,2023-01-06,2023-01-04,2023-01-07,0,0,0,53026,983.0,2.9310158244570245e-05,0.14727444217171368,1.4138356910604606e-05,test,0
vid_0006,Test Video 6,2022-12-30 00:00:00+00:00,chan_6,Channel 6,1,2023-01-05 00:00:00+00:00,test|video|trend,59663,2983,0,298,http://example.com/thumb.jpg,False,False,Test description,youtube,youtube_trending_kaggle,False,,,0,0,,,,,real,2023-01-05 00:00:00+00:00,1.0.0,3281,59663,2983,298,0,144.0,0.055,6637.0,365.0,6637.0,365.0,6637.0,365.0,6637.0,1106.17,123.17,2023-01-05,1,0,0.0,0.0,0.0,0.0,0.0,0,0.0,0.0,0,0.0,0.0,0.0,0.696969696969697,0.5454545454545454,10,low_motion_slow_cuts_no_face_dark,,test|video|trend,845,820,0,1.13,0,1.27,0,1.42,2023-01-05,2023-01-06,2023-01-05,2023-01-07,2023-01-05,2023-01-08,0,0,0,59663,1106.17,3.5679713896290914e-05,0.14727444217171368,2.4035910014586777e-05,test,0
vid_0006,Test Video 6,2022-12-30 00:00:00+00:00,chan_6,Channel 6,2,2023-01-06 00:00:00+00:00,test|video|trend,67130,3356,0,335,http://example.com/thumb.jpg,False,False,Test description,youtube,youtube_trending_kaggle,False,,,0,0,,,,,real,2023-01-06 00:00:00+00:00,1.0.0,3691,67130,3356,335,0,168.0,0.055,7467.0,410.0,7467.0,410.0,7467.0,410.0,7467.0,1244.5,138.33,2023-01-06,1,0,0.0,0.0,0.0,0.0,0.0,0,0.0,0.0,0,0.0,0.0,0.0,0.5135135135135135,0.35135135135135137,10,low_motion_slow_cuts_no_face_dark,,test|video|trend,913,884,0,1.13,0,1.27,0,1.27,2023-01-06,2023-01-07,2023-01-06,2023-01-08,2023-01-06,2023-01-09,0,0,0,67130,1244.5,0.0011818634948033051,0.14727444217171368,0.0007382868022788172,test,0
vid_0006,Test Video 6,2022-12-30 00:00:00+00:00,chan_6,Channel 6,21,2023-01-07 00:00:00+00:00,test|video|trend,75532,3776,0,377,http://example.com/thumb.jpg,False,False,Test description,youtube,youtube_trending_kaggle,False,,,0,0,,,,,real,2023-01-07 00:00:00+00:00,1.0.0,4153,75532,3776,377,0,192.0,0.055,8402.0,462.0,8402.0,462.0,8402.0,462.0,8402.0,1400.33,155.83,2023-01-07,1,0,0.0,0.0,0.0,0.0,0.0,0,0.0,0.0,0,0.0,0.0,0.0,0.5789473684210527,0.2894736842105263,10,low_motion_slow_cuts_no_face_dark,,test|video|trend,945,916,0,1.13,0,1.13,0,1.13,2023-01-07,2023-01-08,2023-01-07,2023-01-09,2023-01-07,2023-01-10,0,0,0,75532,1400.33,0.00018938236251406625,0.14727444217171368,0.0003015804557627511,test,0
vid_0006,Test Video 6,2022-12-30 00:00:00+00:00,chan_6,Channel 6,5,2023-01-08 00:00:00+00:00,test|video|trend,84985,4249,0,424,http://example.com/thumb.jpg,False,False,Test description,youtube,youtube_trending_kaggle,False,,,0,0,,,,,real,2023-01-08 00:00:00+00:00,1.0.0,4673,84985,4249,424,0,216.0,0.055,9453.0,520.0,9453.0,520.0,9453.0,520.0,9453.0,1575.5,175.17,2023-01-08,1,0,0.0,0.0,0.0,0.0,0.0,0,0.0,0.0,0,0.0,0.0,0.0,0.6451612903225806,0.4838709677419355,10,low_motion_slow_cuts_no_face_dark,,test|video|trend,972,942,0,1.0,0,1.0,0,1.0,2023-01-08,2023-01-09,2023-01-08,2023-01-10,2023-01-08,2023-01-11,0,0,0,84985,1575.5,0.00017813065178643684,0.14727444217171368,0.0001844076849063096,test,0
vid_0007,Test Video 7,2022-12-31 00:00:00+00:00,chan_7,Channel 7,4,2022-12-31 00:00:00+00:00,test|video|trend,26707,1335,0,133,http://example.com/thumb.jpg,False,False,Test description,youtube,youtube_trending_kaggle,False,,,0,0,,,,,real,2022-12-31 00:00:00+00:00,1.0.0,1468,26707,1335,133,0,0.0,0.055,0.0,0.0,0.0,0.0,0.0,0.0,0.0,0.0,0.0,,1,0,0.0,0.0,0.0,0.0,0.0,0,0.0,0.0,0,0.0,0.0,0.0,0.21052631578947367,0.10526315789473684,10,low_motion_slow_cuts_no_face_dark,,test|video|trend,443,431,0,1.31,0,1.72,0,2.26,2022-12-31,2023-01-01,2022-12-31,2023-01-02,2022-12-31,2023-01-03,0,0,0,26707,0.0,0.016395685952298653,0.14727444217171368,0.022360682814810625,train,0
vid_0007,Test Video 7,2022-12-31 00:00:00+00:00,chan_7,Channel 7,15,2023-01-01 00:00:00+00:00,test|video|trend,35033,1751,0,175,http://example.com/thumb.jpg,False,False,Test description,youtube,youtube_trending_kaggle,False,,,0,0,,,,,real,2023-01-01 00:00:00+00:00,1.0.0,1926,35033,1751,175,0,24.0,0.055,8326.0,458.0,8326.0,458.0,8326.0,458.0,8326.0,1387.67,0.0,2023-01-01,1,0,0.0,0.0,0.0,0.0,0.0,0,0.0,0.0,0,0.0,0.0,0.0,0.34615384615384615,0.5384615384615384,10,low_motion_slow_cuts_no_face_dark,,test|video|trend,511,496,0,1.31,0,1.72,0,2.26,2023-01-01,2023-01-02,2023-01-01,2023-01-03,2023-01-01,2023-01-04,0,0,0,35033,1387.67,0.008067826844692504,0.14727444217171368,0.005963268835191674,train,0
vid_0007,Test Video 7,2022-12-31 00:00:00+00:00,chan_7,Channel 7,17,2023-01-02 00:00:00+00:00,test|video|trend,45956,2297,0,229,http://example.com/thumb.jpg,False,False,Test description,youtube,youtube_trending_kaggle,False,,,0,0,,,,,real,2023-01-02 00:00:00+00:00,1.0.0,2526,45956,2297,229,0,48.0,0.055,10923.0,600.0,10923.0,600.0,10923.0,600.0,10923.0,1820.5,432.83,2023-01-02,1,0,0.0,0.0,0.0,0.0,0.0,0,0.0,0.0,0,0.0,0.0,0.0,0.45714285714285713,0.6,10,low_motion_slow_cuts_no_face_dark,,test|video|trend,654,634,0,1.31,0,1.72,0,2.26,2023-01-02,2023-01-03,2023-01-02,2023-01-04,2023-01-02,2023-01-05,0,0,0,45956,1820.5,0.015316111130795963,0.14727444217171368,0.015448941974881662,train,0
vid_0007,Test Video 7,2022-12-31 00:00:00+00:00,chan_7,Channel 7,20,2023-01-03 00:00:00+00:00,test|video|trend,60284,3014,0,301,http://example.com/thumb.jpg,False,False,Test description,youtube,youtube_trending_kaggle,False,,,0,0,,,,,real,2023-01-03 00:00:00+00:00,1.0.0,3315,60284,3014,301,0,72.0,0.055,14328.0,789.0,14328.0,789.0,14328.0,789.0,14328.0,2388.0,567.5,2023-01-03,1,0,0.0,0.0,0.0,0.0,0.0,0,0.0,0.0,0,0.0,0.0,0.0,0.6774193548387096,0.7096774193548387,10,low_motion_slow_cuts_no_face_dark,,test|video|trend,701,680,0,1.31,0,1.72,0,2.26,2023-01-03,2023-01-04,2023-01-03,2023-01-05,2023-01-03,2023-01-06,0,0,0,60284,2388.0,0.0001307150875388388,0.14727444217171368,0.00016932166069181067,test,0
vid_0007,Test Video 7,2022-12-31 00:00:00+00:00,chan_7,Channel 7,12,2023-01-04 00:00:00+00:00,test|video|trend,79079,3953,0,395,http://example.com/thumb.jpg,False,False,Test description,youtube,youtube_trending_kaggle,False,,,0,0,,,,,real,2023-01-04 00:00:00+00:00,1.0.0,4348,79079,3953,395,0,96.0,0.055,18795.0,1033.0,18795.0,1033.0,18795.0,1033.0,18795.0,3132.5,744.5,2023-01-04,1,0,0.0,0.0,0.0,0.0,0.0,0,0.0,0.0,0,0.0,0.0,0.0,0.7,0.7666666666666667,10,low_motion_slow_cuts_no_face_dark,,test|video|trend,771,748,0,1.31,0,1.72,0,2.26,2023-01-04,2023-01-05,2023-01-04,2023-01-06,2023-01-04,2023-01-07,0,0,0,79079,3132.5,0.0004540505458799409,0.14727444217171368,0.0006577437131715872,test,0
vid_0007,Test Video 7,2022-12-31 00:00:00+00:00,chan_7,Channel 7,28,2023-01-05 00:00:00+00:00,test|video|trend,103734,5186,0,518,http://example.com/thumb.jpg,False,False,Test description,youtube,youtube_trending_kaggle,False,,,0,0,,,,,real,2023-01-05 00:00:00+00:00,1.0.0,5704,103734,5186,518,0,120.0,0.055,24655.0,1356.0,24655.0,1356.0,24655.0,1356.0,24655.0,4109.17,976.67,2023-01-05,1,0,0.0,0.0,0.0,0.0,0.0,0,0.0,0.0,0,0.0,0.0,0.0,0.7333333333333333,0.7333333333333333,10,low_motion_slow_cuts_no_face_dark,,test|video|trend,871,845,0,1.31,0,1.72,0,2.26,2023-01-05,2023-01-06,2023-01-05,2023-01-07,2023-01-05,2023-01-08,0,0,0,103734,4109.17,0.00016387572424036976,0.14727444217171368,0.000253995500710394,test,0
vid_0007,Test Video 7,2022-12-31 00:00:00+00:00,chan_7,Channel 7,24,2023-01-06 00:00:00+00:00,test|video|trend,136075,6803,0,680,http://example.com/thumb.jpg,False,False,Test description,youtube,youtube_trending_kaggle,False,,,0,0,,,,,real,2023-01-06 00:00:00+00:00,1.0.0,7483,136075,6803,680,0,144.0,0.055,32341.0,1779.0,32341.0,1779.0,32341.0,1779.0,32341.0,5390.17,1281.0,2023-01-06,1,0,0.0,0.0,0.0,0.0,0.0,0,0.0,0.0,0,0.0,0.0,0.0,0.8666666666666667,0.8444444444444444,10,low_motion_slow_cuts_no_face_dark,,test|video|trend,920,891,0,1.31,0,1.72,0,2.26,2023-01-06,2023-01-07,2023-01-06,2023-01-08,2023-01-06,2023-01-09,0,0,0,136075,5390.17,0.017295192504945493,0.14727444217171368,0.017507214165869627,test,0
vid_0007,Test Video 7,2022-12-31 00:00:00+00:00,chan_7,Channel 7,11,2023-01-07 00:00:00+00:00,test|video|trend,178500,8925,0,892,http://example.com/thumb.jpg,False,False,Test description,youtube,youtube_trending_kaggle,False,,,0,0,,,,,real,2023-01-07 00:00:00+00:00,1.0.0,9817,178500,8925,892,0,168.0,0.055,42425.0,2334.0,42425.0,2334.0,42425.0,2334.0,42425.0,7070.83,1680.66,2023-01-07,1,0,0.0,0.0,0.0,0.0,0.0,0,0.0,0.0,0,0.0,0.0,0.0,0.8709677419354839,0.8709677419354839,10,low_motion_slow_cuts_no_face_dark,,test|video|trend,940,911,0,1.31,0,1.72,0,1.72,2023-01-07,2023-01-08,2023-01-07,2023-01-09,2023-01-07,2023-01-10,0,0,0,178500,7070.83,0.0046360652672759696,0.14727444217171368,0.0028570695956425434,test,0
vid_0007,Test Video 7,2022-12-31 00:00:00+00:00,chan_7,Channel 7,7,2023-01-08 00:00:00+00:00,test|video|trend,234152,11707,0,1170,http://example.com/thumb.jpg,False,False,Test description,youtube,youtube_trending_kaggle,False,,,0,0,,,,,real,2023-01-08 00:00:00+00:00,1.0.0,12877,234152,11707,1170,0,192.0,0.055,55652.0,3060.0,55652.0,3060.0,55652.0,3060.0,55652.0,9275.33,2204.5,2023-01-08,1,0,0.0,0.0,0.0,0.0,0.0,0,0.0,0.0,0,0.0,0.0,0.0,0.918918918918919,0.918918918918919,10,low_motion_slow_cuts_no_face_dark,,test|video|trend,980,950,0,1.31,0,1.31,0,1.31,2023-01-08,2023-01-09,2023-01-08,2023-01-10,2023-01-08,2023-01-11,0,0,0,234152,9275.33,0.00038332729880078754,0.14727444217171368,0.0003515786488247792,test,0
vid_0007,Test Video 7,2022-12-31 00:00:00+00:00,chan_7,Channel 7,29,2023-01-09 00:00:00+00:00,test|video|trend,307155,15357,0,1535,http://example.com/thumb.jpg,False,False,Test description,youtube,youtube_trending_kaggle,False,,,0,0,,,,,real,2023-01-09 00:00:00+00:00,1.0.0,16892,307155,15357,1535,0,216.0,0.055,73003.0,4015.0,73003.0,4015.0,73003.0,4015.0,73003.0,12167.17,2891.84,2023-01-09,1,0,0.0,0.0,0.0,0.0,0.0,0,0.0,0.0,0,0.0,0.0,0.0,0.8709677419354839,0.9354838709677419,10,low_motion_slow_cuts_no_face_dark,,test|video|trend,998,968,0,1.0,0,1.0,0,1.0,2023-01-09,2023-01-10,2023-01-09,2023-01-11,2023-01-09,2023-01-12,0,0,0,307155,12167.17,0.002362570739158158,0.14727444217171368,0.00203142772384119,test,0
vid_0008,Test Video 8,2022-12-27 00:00:00+00:00,chan_8,Channel 8,13,2022-12-27 00:00:00+00:00,test|video|trend,8079,403,0,40,http://example.com/thumb.jpg,False,False,Test description,youtube,youtube_trending_kaggle,False,,,0,0,,,,,real,2022-12-27 00:00:00+00:00,1.0.0,443,8079,403,40,0,0.0,0.0548,0.0,0.0,0.0,0.0,0.0,0.0,0.0,0.0,0.0,,1,0,0.0,0.0,0.0,0.0,0.0,0,0.0,0.0,0,0.0,0.0,0.0,0.15625,0.078125,10,low_motion_slow_cuts_no_face_dark,,test|video|trend,147,144,0,1.28,0,1.63,0,2.08,2022-12-27,2022-12-28,2022-12-27,2022-12-29,2022-12-27,2022-12-30,0,0,0,8079,0.0,0.08460079597973694,0.14727444217171368,0.09150569033468296,train,0
vid_0008,Test Video 8,2022-12-27 00:00:00+00:00,chan_8,Channel 8,5,2022-12-28 00:00:00+00:00,test|video|trend,10319,515,0,51,http://example.com/thumb.jpg,False,False,Test description,youtube,youtube_trending_kaggle,False,,,0,0,,,,,real,2022-12-28 00:00:00+00:00,1.0.0,566,10319,515,51,0,24.0,0.0549,2240.0,123.0,2240.0,123.0,2240.0,123.0,2240.0,373.33,0.0,2022-12-28,1,0,0.0,0.0,0.0,0.0,0.0,0,0.0,0.0,0,0.0,0.0,0.0,0.12903225806451613,0.2903225806451613,10,low_motion_slow_cuts_no_face_dark,,test|video|trend,172,168,0,1.28,0,1.63,0,2.08,2022-12-28,2022-12-29,2022-12-28,2022-12-30,2022-12-28,2022-12-31,0,0,0,10319,373.33,0.020143931566296618,0.14727444217171368,0.03877460919205731,train,0
vid_0008,Test Video 8,2022-12-27 00:00:00+00:00,chan_8,Channel 8,19,2022-12-29 00:00:00+00:00,test|video|trend,13180,659,0,65,http://example.com/thumb.jpg,False,False,Test description,youtube,youtube_trending_kaggle,False,,,0,0,,,,,real,2022-12-29 00:00:00+00:00,1.0.0,724,13180,659,65,0,48.0,0.0549,2861.0,158.0,2861.0,158.0,2861.0,158.0,2861.0,476.83,103.5,2022-12-29,1,0,0.0,0.0,0.0,0.0,0.0,0,0.0,0.0,0,0.0,0.0,0.0,0.08333333333333333,0.3055555555555556,10,low_motion_slow_cuts_no_face_dark,,test|video|trend,295,288,0,1.28,0,1.63,0,2.08,2022-12-29,2022-12-30,2022-12-29,2022-12-31,2022-12-29,2023-01-01,0,0,0,13180,476.83,0.020806492483129553,0.14727444217171368,0.010148294744802694,train,0
vid_0008,Test Video 8,2022-12-27 00:00:00+00:00,chan_8,Channel 8,23,2022-12-30 00:00:00+00:00,test|video|trend,16835,841,0,84,http://example.com/thumb.jpg,False,False,Test description,youtube,youtube_trending_kaggle,False,,,0,0,,,,,real,2022-12-30 00:00:00+00:00,1.0.0,925,16835,841,84,0,72.0,0.0549,3655.0,201.0,3655.0,201.0,3655.0,201.0,3655.0,609.17,132.34,2022-12-30,1,0,0.0,0.0,0.0,0.0,0.0,0,0.0,0.0,0,0.0,0.0,0.0,0.16666666666666666,0.36666666666666664,10,low_motion_slow_cuts_no_face_dark,,test|video|trend,322,313,0,1.28,0,1.63,0,2.08,2022-12-30,2022-12-31,2022-12-30,2023-01-01,2022-12-30,2023-01-02,0,0,0,16835,609.17,0.003108936113666333,0.14727444217171368,0.0036012656250913352,train,0
vid_0008,Test Video 8,2022-12-27 00:00:00+00:00,chan_8,Channel 8,26,2022-12-31 00:00:00+00:00,test|video|trend,21503,1075,0,107,http://example.com/thumb.jpg,False,False,Test description,youtube,youtube_trending_kaggle,False,,,0,0,,,,,real,2022-12-31 00:00:00+00:00,1.0.0,1182,21503,1075,107,0,96.0,0.055,4668.0,257.0,4668.0,257.0,4668.0,257.0,4668.0,778.0,168.83,2022-12-31,1,0,0.0,0.0,0.0,0.0,0.0,0,0.0,0.0,0,0.0,0.0,0.0,0.21153846153846154,0.4230769230769231,10,low_motion_slow_cuts_no_face_dark,,test|video|trend,456,444,0,1.28,0,1.63,0,2.08,2022-12-31,2023-01-01,2022-12-31,2023-01-02,2022-12-31,2023-01-03,0,0,0,21503,778.0,0.0062576980940276744,0.14727444217171368,0.0069820452893728895,train,0
vid_0008,Test Video 8,2022-12-27 00:00:00+00:00,chan_8,Channel 8,18,2023-01-01 00:00:00+00:00,test|video|trend,27465,1373,0,137,http://example.com/thumb.jpg,False,False,Test description,youtube,youtube_trending_kaggle,False,,,0,0,,,,,real,2023-01-01 00:00:00+00:00,1.0.0,1510,27465,1373,137,0,120.0,0.055,5962.0,328.0,5962.0,328.0,5962.0,328.0,5962.0,993.67,215.67,2023-01-01,1,0,0.0,0.0,0.0,0.0,0.0,0,0.0,0.0,0,0.0,0.0,0.0,0.3103448275862069,0.3793103448275862,10,low_motion_slow_cuts_no_face_dark,,test|video|trend,529,514,0,1.28,0,1.63,0,2.08,2023-01-01,2023-01-02,2023-01-01,2023-01-03,2023-01-01,2023-01-04,0,0,0,27465,993.67,0.0008934283634145736,0.14727444217171368,0.001204993863111249,train,0
vid_0008,Test Video 8,2022-12-27 00:00:00+00:00,chan_8,Channel 8,18,2023-01-02 00:00:00+00:00,test|video|trend,35081,1754,0,175,http://example.com/thumb.jpg,False,False,Test description,youtube,youtube_trending_kaggle,False,,,0,0,,,,,real,2023-01-02 00:00:00+00:00,1.0.0,1929,35081,1754,175,0,144.0,0.055,7616.0,419.0,7616.0,419.0,7616.0,419.0,7616.0,1269.33,275.66,2023-01-02,1,0,0.0,0.0,0.0,0.0,0.0,0,0.0,0.0,0,0.0,0.0,0.0,0.41379310344827586,0.4482758620689655,10,low_motion_slow_cuts_no_face_dark,,test|video|trend,685,664,0,1.28,0,1.63,0,2.08,2023-01-02,2023-01-03,2023-01-02,2023-01-04,2023-01-02,2023-01-05,0,0,0,35081,1269.33,0.0002661162420746055,0.14727444217171368,0.00040284947951315785,train,0
vid_0008,Test Video 8,2022-12-27 00:00:00+00:00,chan_8,Channel 8,8,2023-01-03 00:00:00+00:00,test|video|trend,44808,2240,0,224,http://example.com/thumb.jpg,False,False,Test description,youtube,youtube_trending_kaggle,False,,,0,0,,,,,real,2023-01-03 00:00:00+00:00,1.0.0,2464,44808,2240,224,0,168.0,0.055,9727.0,535.0,9727.0,535.0,9727.0,535.0,9727.0,1621.17,351.84,2023-01-03,1,0,0.0,0.0,0.0,0.0,0.0,0,0.0,0.0,0,0.0,0.0,0.0,0.46511627906976744,0.5813953488372093,10,low_motion_slow_cuts_no_face_dark,,test|video|trend,697,676,0,1.28,0,1.63,0,1.63,2023-01-03,2023-01-04,2023-01-03,2023-01-05,2023-01-03,2023-01-06,0,0,0,44808,1621.17,0.0007392900830631098,0.14727444217171368,0.0007383285111978525,train,0
vid_0008,Test Video 8,2022-12-27 00:00:00+00:00,chan_8,Channel 8,8,2023-01-04 00:00:00+00:00,test|video|trend,57233,2861,0,286,http://example.com/thumb.jpg,False,False,Test description,youtube,youtube_trending_kaggle,False,,,0,0,,,,,real,2023-01-04 00:00:00+00:00,1.0.0,3147,57233,2861,286,0,192.0,0.055,12425.0,683.0,12425.0,683.0,12425.0,683.0,12425.0,2070.83,449.66,2023-01-04,1,0,0.0,0.0,0.0,0.0,0.0,0,0.0,0.0,0,0.0,0.0,0.0,0.6046511627906976,0.6511627906976745,10,low_motion_slow_cuts_no_face_dark,,test|video|trend,830,805,0,1.28,0,1.28,0,1.28,2023-01-04,2023-01-05,2023-01-04,2023-01-06,2023-01-04,2023-01-07,0,0,0,57233,2070.83,0.0004861004801239464,0.14727444217171368,0.0007352183344142779,test,0
vid_0008,Test Video 8,2022-12-27 00:00:00+00:00,chan_8,Channel 8,3,2023-01-05 00:00:00+00:00,test|video|trend,73103,3655,0,365,http://example.com/thumb.jpg,False,False,Test description,youtube,youtube_trending_kaggle,False,,,0,0,,,,,real,2023-01-05 00:00:00+00:00,1.0.0,4020,73103,3655,365,0,216.0,0.055,15870.0,873.0,15870.0,873.0,15870.0,873.0,15870.0,2645.0,574.17,2023-01-05,1,0,0.0,0.0,0.0,0.0,0.0,0,0.0,0.0,0,0.0,0.0,0.0,0.5384615384615384,0.5384615384615384,10,low_motion_slow_cuts_no_face_dark,,test|video|trend,851,826,0,1.0,0,1.0,0,1.0,2023-01-05,2023-01-06,2023-01-05,2023-01-07,2023-01-05,2023-01-08,0,0,0,73103,2645.0,0.001075333083797954,0.14727444217171368,0.0011598632166054358,test,0
vid_0009,Test Video 9,2022-12-31 00:00:00+00:00,chan_9,Channel 9,5,2022-12-31 00:00:00+00:00,test|video|trend,46999,2349,0,234,http://example.com/thumb.jpg,False,False,Test description,youtube,youtube_trending_kaggle,False,,,0,0,,,,,real,2022-12-31 00:00:00+00:00,1.0.0,2583,46999,2349,234,0,0.0,0.055,0.0,0.0,0.0,0.0,0.0,0.0,0.0,0.0,0.0,,1,0,0.0,0.0,0.0,0.0,0.0,0,0.0,0.0,0,0.0,0.0,0.0,0.45161290322580644,0.08064516129032258,10,low_motion_slow_cuts_no_face_dark,,test|video|trend,418,406,0,1.27,0,1.62,0,2.06,2022-12-31,2023-01-01,2022-12-31,2023-01-02,2022-12-31,2023-01-03,0,0,0,46999,0.0,0.0428676620194634,0.14727444217171368,0.04451568132547473,train,0
vid_0009,Test Video 9,2022-12-31 00:00:00+00:00,chan_9,Channel 9,29,2023-01-01 00:00:00+00:00,test|video|trend,59848,2992,0,299,http://example.com/thumb.jpg,False,False,Test description,youtube,youtube_trending_kaggle,False,,,0,0,,,,,real,2023-01-01 00:00:00+00:00,1.0.0,3291,59848,2992,299,0,24.0,0.055,12849.0,708.0,12849.0,708.0,12849.0,708.0,12849.0,2141.5,0.0,2023-01-01,1,0,0.0,0.0,0.0,0.0,0.0,0,0.0,0.0,0,0.0,0.0,0.0,0.4838709677419355,0.5483870967741935,10,low_motion_slow_cuts_no_face_dark,,test|video|trend,534,519,0,1.27,0,1.62,0,2.06,2023-01-01,2023-01-02,2023-01-01,2023-01-03,2023-01-01,2023-01-04,0,0,0,59848,2141.5,0.000821076071232871,0.14727444217171368,0.0008642792608864768,train,0
vid_0009,Test Video 9,2022-12-31 00:00:00+00:00,chan_9,Channel 9,24,2023-01-02 00:00:00+00:00,test|video|trend,76210,3810,0,381,http://example.com/thumb.jpg,False,False,Test description,youtube,youtube_trending_kaggle,False,,,0,0,,,,,real,2023-01-02 00:00:00+00:00,1.0.0,4191,76210,3810,381,0,48.0,0.055,16362.0,900.0,16362.0,900.0,16362.0,900.0,16362.0,2727.0,585.5,2023-01-02,1,0,0.0,0.0,0.0,0.0,0.0,0,0.0,0.0,0,0.0,0.0,0.0,0.7333333333333333,0.7333333333333333,10,low_motion_slow_cuts_no_face_dark,,test|video|trend,616,597,0,1.27,0,1.62,0,2.06,2023-01-02,2023-01-03,2023-01-02,2023-01-04,2023-01-02,2023-01-05,0,0,0,76210,2727.0,1.830973709013454e-05,0.14727444217171368,1.7177335434505684e-05,train,0
vid_0009,Test Video 9,2022-12-31 00:00:00+00:00,chan_9,Channel 9,1,2023-01-03 00:00:00+00:00,test|video|trend,97046,4852,0,485,http://example.com/thumb.jpg,False,False,Test description,youtube,youtube_trending_kaggle,False,,,0,0,,,,,real,2023-01-03 00:00:00+00:00,1.0.0,5337,97046,4852,485,0,72.0,0.055,20836.0,1146.0,20836.0,1146.0,20836.0,1146.0,20836.0,3472.67,745.67,2023-01-03,1,0,0.0,0.0,0.0,0.0,0.0,0,0.0,0.0,0,0.0,0.0,0.0,0.8787878787878788,0.8181818181818182,10,low_motion_slow_cuts_no_face_dark,,test|video|trend,705,683,0,1.27,0,1.62,0,2.06,2023-01-03,2023-01-04,2023-01-03,2023-01-05,2023-01-03,2023-01-06,0,0,0,97046,3472.67,0.015288152311307314,0.14727444217171368,0.013203418163011694,test,0
vid_0009,Test Video 9,2022-12-31 00:00:00+00:00,chan_9,Channel 9,9,2023-01-04 00:00:00+00:00,test|video|trend,123577,6178,0,617,http://example.com/thumb.jpg,False,False,Test description,youtube,youtube_trending_kaggle,False,,,0,0,,,,,real,2023-01-04 00:00:00+00:00,1.0.0,6795,123577,6178,617,0,96.0,0.055,26531.0,1458.0,26531.0,1458.0,26531.0,1458.0,26531.0,4421.83,949.16,2023-01-04,1,0,0.0,0.0,0.0,0.0,0.0,0,0.0,0.0,0,0.0,0.0,0.0,0.8181818181818182,0.8181818181818182,10,low_motion_slow_cuts_no_face_dark,,test|video|trend,827,802,0,1.27,0,1.62,0,2.06,2023-01-04,2023-01-05,2023-01-04,2023-01-06,2023-01-04,2023-01-07,0,0,0,123577,4421.83,0.011304891246487125,0.14727444217171368,0.010227660912164866,test,0
vid_0009,Test Video 9,2022-12-31 00:00:00+00:00,chan_9,Channel 9,24,2023-01-05 00:00:00+00:00,test|video|trend,157363,7868,0,786,http://example.com/thumb.jpg,False,False,Test description,youtube,youtube_trending_kaggle,False,,,0,0,,,,,real,2023-01-05 00:00:00+00:00,1.0.0,8654,157363,7868,786,0,120.0,0.055,33786.0,1859.0,33786.0,1859.0,33786.0,1859.0,33786.0,5631.0,1209.17,2023-01-05,1,0,0.0,0.0,0.0,0.0,0.0,0,0.0,0.0,0,0.0,0.0,0.0,0.8888888888888888,0.8666666666666667,10,low_motion_slow_cuts_no_face_dark,,test|video|trend,843,818,0,1.27,0,1.62,0,2.06,2023-01-05,2023-01-06,2023-01-05,2023-01-07,2023-01-05,2023-01-08,0,0,0,157363,5631.0,0.0313250769068389,0.14727444217171368,0.04010140142257252,test,0
vid_0009,Test Video 9,2022-12-31 00:00:00+00:00,chan_9,Channel 9,2,2023-01-06 00:00:00+00:00,test|video|trend,200385,10019,0,1001,http://example.com/thumb.jpg,False,False,Test description,youtube,youtube_trending_kaggle,False,,,0,0,,,,,real,2023-01-06 00:00:00+00:00,1.0.0,11020,200385,10019,1001,0,144.0,0.055,43022.0,2366.0,43022.0,2366.0,43022.0,2366.0,43022.0,7170.33,1539.33,2023-01-06,1,0,0.0,0.0,0.0,0.0,0.0,0,0.0,0.0,0,0.0,0.0,0.0,0.9459459459459459,0.918918918918919,10,low_motion_slow_cuts_no_face_dark,,test|video|trend,910,882,0,1.27,0,1.62,0,2.06,2023-01-06,2023-01-07,2023-01-06,2023-01-08,2023-01-06,2023-01-09,0,0,0,200385,7170.33,0.03833276178280078,0.14727444217171368,0.03291318512112073,test,0
vid_0009,Test Video 9,2022-12-31 00:00:00+00:00,chan_9,Channel 9,13,2023-01-07 00:00:00+00:00,test|video|trend,255170,12758,0,1275,http://example.com/thumb.jpg,False,False,Test description,youtube,youtube_trending_kaggle,False,,,0,0,,,,,real,2023-01-07 00:00:00+00:00,1.0.0,14033,255170,12758,1275,0,168.0,0.055,54785.0,3013.0,54785.0,3013.0,54785.0,3013.0,54785.0,9130.83,1960.5,2023-01-07,1,0,0.0,0.0,0.0,0.0,0.0,0,0.0,0.0,0,0.0,0.0,0.0,0.875,0.8125,10,low_motion_slow_cuts_no_face_dark,,test|video|trend,954,925,0,1.27,0,1.62,0,1.62,2023-01-07,2023-01-08,2023-01-07,2023-01-09,2023-01-07,2023-01-10,0,0,0,255170,9130.83,0.00045792788040436135,0.14727444217171368,0.0005017655437375536,test,0
vid_0009,Test Video 9,2022-12-31 00:00:00+00:00,chan_9,Channel 9,28,2023-01-08 00:00:00+00:00,test|video|trend,324932,16246,0,1624,http://example.com/thumb.jpg,False,False,Test description,youtube,youtube_trending_kaggle,False,,,0,0,,,,,real,2023-01-08 00:00:00+00:00,1.0.0,17870,324932,16246,1624,0,192.0,0.055,69762.0,3837.0,69762.0,3837.0,69762.0,3837.0,69762.0,11627.0,2496.17,2023-01-08,1,0,0.0,0.0,0.0,0.0,0.0,0,0.0,0.0,0,0.0,0.0,0.0,0.9,0.8666666666666667,10,low_motion_slow_cuts_no_face_dark,,test|video|trend,977,947,0,1.27,0,1.27,0,1.27,2023-01-08,2023-01-09,2023-01-08,2023-01-10,2023-01-08,2023-01-11,0,0,0,324932,11627.0,0.0002501387077770023,0.14727444217171368,0.0002633250664947774,test,0
vid_0009,Test Video 9,2022-12-31 00:00:00+00:00,chan_9,Channel 9,16,2023-01-09 00:00:00+00:00,test|video|trend,413767,20688,0,2068,http://example.com/thumb.jpg,False,False,Test description,youtube,youtube_trending_kaggle,False,,,0,0,,,,,real,2023-01-09 00:00:00+00:00,1.0.0,22756,413767,20688,2068,0,216.0,0.055,88835.0,4886.0,88835.0,4886.0,88835.0,4886.0,88835.0,14805.83,3178.83,2023-01-09,1,0,0.0,0.0,0.0,0.0,0.0,0,0.0,0.0,0,0.0,0.0,0.0,0.9583333333333334,0.9583333333333334,10,low_motion_slow_cuts_no_face_dark,,test|video|trend,997,967,0,1.0,0,1.0,0,1.0,2023-01-09,2023-01-10,2023-01-09,2023-01-11,2023-01-09,2023-01-12,0,0,0,413767,14805.83,0.0008252050646230912,0.14727444217171368,0.0007326138107073466,test,0
vid_0010,Test Video 10,2022-12-26 00:00:00+00:00,chan_0,Channel 0,17,2022-12-26 00:00:00+00:00,test|video|trend,28985,1449,0,144,http://example.com/thumb.jpg,False,False,Test description,youtube,youtube_trending_kaggle,False,,,0,0,,,,,real,2022-12-26 00:00:00+00:00,1.0.0,1593,28985,1449,144,0,0.0,0.055,0.0,0.0,0.0,0.0,0.0,0.0,0.0,0.0,0.0,,1,0,0.0,0.0,0.0,0.0,0.0,0,0.0,0.0,0,0.0,0.0,0.0,0.3142857142857143,0.07142857142857142,10,low_motion_slow_cuts_no_face_dark,,test|video|trend,69,67,0,1.26,0,1.58,0,1.99,2022-12-26,2022-12-27,2022-12-26,2022-12-28,2022-12-26,2022-12-29,0,0,0,28985,0.0,0.059665844064663014,0.14727444217171368,0.052858468987730084,train,0
vid_0010,Test Video 10,2022-12-26 00:00:00+00:00,chan_0,Channel 0,11,2022-12-27 00:00:00+00:00,test|video|trend,36444,1822,0,182,http://example.com/thumb.jpg,False,False,Test description,youtube,youtube_trending_kaggle,False,,,0,0,,,,,real,2022-12-27 00:00:00+00:00,1.0.0,2004,36444,1822,182,0,24.0,0.055,7459.0,411.0,7459.0,411.0,7459.0,411.0,7459.0,1243.17,0.0,2022-12-27,1,0,0.0,0.0,0.0,0.0,0.0,0,0.0,0.0,0,0.0,0.0,0.0,0.3225806451612903,0.41935483870967744,10,low_motion_slow_cuts_no_face_dark,,test|video|trend,156,153,0,1.26,0,1.58,0,1.99,2022-12-27,2022-12-28,2022-12-27,2022-12-29,2022-12-27,2022-12-30,0,0,0,36444,1243.17,0.000909026798163234,0.14727444217171368,0.0018531874013736425,train,0
vid_0010,Test Video 10,2022-12-26 00:00:00+00:00,chan_0,Channel 0,6,2022-12-28 00:00:00+00:00,test|video|trend,45822,2291,0,229,http://example.com/thumb.jpg,False,False,Test description,youtube,youtube_trending_kaggle,False,,,0,0,,,,,real,2022-12-28 00:00:00+00:00,1.0.0,2520,45822,2291,229,0,48.0,0.055,9378.0,516.0,9378.0,516.0,9378.0,516.0,9378.0,1563.0,319.83,2022-12-28,1,0,0.0,0.0,0.0,0.0,0.0,0,0.0,0.0,0,0.0,0.0,0.0,0.5526315789473685,0.5263157894736842,10,low_motion_slow_cuts_no_face_dark,,test|video|trend,231,225,0,1.26,0,1.58,0,1.99,2022-12-28,2022-12-29,2022-12-28,2022-12-30,2022-12-28,2022-12-31,0,0,0,45822,1563.0,0.0021035026642677044,0.14727444217171368,0.00236739710852668,train,0
vid_0010,Test Video 10,2022-12-26 00:00:00+00:00,chan_0,Channel 0,18,2022-12-29 00:00:00+00:00,test|video|trend,57614,2880,0,288,http://example.com/thumb.jpg,False,False,Test description,youtube,youtube_trending_kaggle,False,,,0,0,,,,,real,2022-12-29 00:00:00+00:00,1.0.0,3168,57614,2880,288,0,72.0,0.055,11792.0,648.0,11792.0,648.0,11792.0,648.0,11792.0,1965.33,402.33,2022-12-29,1,0,0.0,0.0,0.0,0.0,0.0,0,0.0,0.0,0,0.0,0.0,0.0,0.5517241379310345,0.5517241379310345,10,low_motion_slow_cuts_no_face_dark,,test|video|trend,291,284,0,1.26,0,1.58,0,1.99,2022-12-29,2022-12-30,2022-12-29,2022-12-31,2022-12-29,2023-01-01,0,0,0,57614,1965.33,9.021928224767674e-05,0.14727444217171368,8.938054773254323e-05,train,0
vid_0010,Test Video 10,2022-12-26 00:00:00+00:00,chan_0,Channel 0,24,2022-12-30 00:00:00+00:00,test|video|trend,72441,3622,0,362,http://example.com/thumb.jpg,False,False,Test description,youtube,youtube_trending_kaggle,False,,,0,0,,,,,real,2022-12-30 00:00:00+00:00,1.0.0,3984,72441,3622,362,0,96.0,0.055,14827.0,816.0,14827.0,816.0,14827.0,816.0,14827.0,2471.17,505.84,2022-12-30,1,0,0.0,0.0,0.0,0.0,0.0,0,0.0,0.0,0,0.0,0.0,0.0,0.7111111111111111,0.6888888888888889,10,low_motion_slow_cuts_no_face_dark,,test|video|trend,360,350,0,1.26,0,1.58,0,1.99,2022-12-30,2022-12-31,2022-12-30,2023-01-01,2022-12-30,2023-01-02,0,0,0,72441,2471.17,6.659817397603515e-05,0.14727444217171368,6.249736835502812e-05,train,0
vid_0010,Test Video 10,2022-12-26 00:00:00+00:00,chan_0,Channel 0,7,2022-12-31 00:00:00+00:00,test|video|trend,91083,4554,0,455,http://example.com/thumb.jpg,False,False,Test description,youtube,youtube_trending_kaggle,False,,,0,0,,,,,real,2022-12-31 00:00:00+00:00,1.0.0,5009,91083,4554,455,0,120.0,0.055,18642.0,1025.0,18642.0,1025.0,18642.0,1025.0,18642.0,3107.0,635.83,2022-12-31,1,0,0.0,0.0,0.0,0.0,0.0,0,0.0,0.0,0,0.0,0.0,0.0,0.7027027027027027,0.7567567567567568,10,low_motion_slow_cuts_no_face_dark,,test|video|trend,434,422,0,1.26,0,1.58,0,1.99,2022-12-31,2023-01-01,2022-12-31,2023-01-02,2022-12-31,2023-01-03,0,0,0,91083,3107.0,5.175988302425121e-05,0.14727444217171368,0.00015098582677654875,train,0
vid_0010,Test Video 10,2022-12-26 00:00:00+00:00,chan_0,Channel 0,4,2023-01-01 00:00:00+00:00,test|video|trend,114522,5726,0,572,http://example.com/thumb.jpg,False,False,Test description,youtube,youtube_trending_kaggle,False,,,0,0,,,,,real,2023-01-01 00:00:00+00:00,1.0.0,6298,114522,5726,572,0,144.0,0.055,23439.0,1289.0,23439.0,1289.0,23439.0,1289.0,23439.0,3906.5,799.5,2023-01-01,1,0,0.0,0.0,0.0,0.0,0.0,0,0.0,0.0,0,0.0,0.0,0.0,0.6578947368421053,0.7105263157894737,10,low_motion_slow_cuts_no_face_dark,,test|video|trend,583,566,0,1.26,0,1.58,0,1.99,2023-01-01,2023-01-02,2023-01-01,2023-01-03,2023-01-01,2023-01-04,0,0,0,114522,3906.5,0.0036686040279155676,0.14727444217171368,0.0070716656640039234,train,0
vid_0010,Test Video 10,2022-12-26 00:00:00+00:00,chan_0,Channel 0,4,2023-01-02 00:00:00+00:00,test|video|trend,143993,7199,0,719,http://example.com/thumb.jpg,False,False,Test description,youtube,youtube_trending_kaggle,False,,,0,0,,,,,real,2023-01-02 00:00:00+00:00,1.0.0,7918,143993,7199,719,0,168.0,0.055,29471.0,1620.0,29471.0,1620.0,29471.0,1620.0,29471.0,4911.83,1005.33,2023-01-02,1,0,0.0,0.0,0.0,0.0,0.0,0,0.0,0.0,0,0.0,0.0,0.0,0.8421052631578947,0.7368421052631579,10,low_motion_slow_cuts_no_face_dark,,test|video|trend,625,605,0,1.26,0,1.58,0,1.58,2023-01-02,2023-01-03,2023-01-02,2023-01-04,2023-01-02,2023-01-05,0,0,0,143993,4911.83,0.004088667796783479,0.14727444217171368,0.0043730706734233845,train,0
vid_0010,Test Video 10,2022-12-26 00:00:00+00:00,chan_0,Channel 0,27,2023-01-03 00:00:00+00:00,test|video|trend,181049,9052,0,905,http://example.com/thumb.jpg,False,False,Test description,youtube,youtube_trending_kaggle,False,,,0,0,,,,,real,2023-01-03 00:00:00+00:00,1.0.0,9957,181049,9052,905,0,192.0,0.055,37056.0,2039.0,37056.0,2039.0,37056.0,2039.0,37056.0,6176.0,1264.17,2023-01-03,1,0,0.0,0.0,0.0,0.0,0.0,0,0.0,0.0,0,0.0,0.0,0.0,0.9393939393939394,0.9393939393939394,10,low_motion_slow_cuts_no_face_dark,,test|video|trend,714,691,0,1.26,0,1.26,0,1.26,2023-01-03,2023-01-04,2023-01-03,2023-01-05,2023-01-03,2023-01-06,0,0,0,181049,6176.0,0.0006689752676230852,0.14727444217171368,0.00045429896202326797,test,0
vid_0010,Test Video 10,2022-12-26 00:00:00+00:00,chan_0,Channel 0,10,2023-01-04 00:00:00+00:00,test|video|trend,227640,11382,0,1138,http://example.com/thumb.jpg,False,False,Test description,youtube,youtube_trending_kaggle,False,,,0,0,,,,,real,2023-01-04 00:00:00+00:00,1.0.0,12520,227640,11382,1138,0,216.0,0.055,46591.0,2563.0,46591.0,2563.0,46591.0,2563.0,46591.0,7765.17,1589.17,2023-01-04,1,0,0.0,0.0,0.0,0.0,0.0,0,0.0,0.0,0,0.0,0.0,0.0,0.9090909090909091,0.8787878787878788,10,low_motion_slow_cuts_no_face_dark,,test|video|trend,822,797,0,1.0,0,1.0,0,1.0,2023-01-04,2023-01-05,2023-01-04,2023-01-06,2023-01-04,2023-01-07,0,0,0,227640,7765.17,0.00068184959530126,0.14727444217171368,0.0006261627574533876,test,0
vid_0011,Test Video 11,2022-12-26 00:00:00+00:00,chan_1,Channel 1,19,2022-12-26 00:00:00+00:00,test|video|trend,24925,1246,0,124,http://example.com/thumb.jpg,False,False,Test description,youtube,youtube_trending_kaggle,False,,,0,0,,,,,real,2022-12-26 00:00:00+00:00,1.0.0,1370,24925,1246,124,0,0.0,0.055,0.0,0.0,0.0,0.0,0.0,0.0,0.0,0.0,0.0,,1,0,0.0,0.0,0.0,0.0,0.0,0,0.0,0.0,0,0.0,0.0,0.0,0.19444444444444445,0.05555555555555555,10,low_motion_slow_cuts_no_face_dark,,test|video|trend,65,63,0,1.39,0,1.94,0,2.7,2022-12-26,2022-12-27,2022-12-26,2022-12-28,2022-12-26,2022-12-29,0,0,0,24925,0.0,0.11264455810210165,0.14727444217171368,0.08560188720579857,train,0
vid_0011,Test Video 11,2022-12-26 00:00:00+00:00,chan_1,Channel 1,29,2022-12-27 00:00:00+00:00,test|video|trend,34706,1735,0,173,http://example.com/thumb.jpg,False,False,Test description,youtube,youtube_trending_kaggle,False,,,0,0,,,,,real,2022-12-27 00:00:00+00:00,1.0.0,1908,34706,1735,173,0,24.0,0.055,9781.0,538.0,9781.0,538.0,9781.0,538.0,9781.0,1630.17,0.0,2022-12-27,1,0,0.0,0.0,0.0,0.0,0.0,0,0.0,0.0,0,0.0,0.0,0.0,0.3225806451612903,0.45161290322580644,10,low_motion_slow_cuts_no_face_dark,,test|video|trend,138,135,0,1.39,0,1.94,0,2.7,2022-12-27,2022-12-28,2022-12-27,2022-12-29,2022-12-27,2022-12-30,0,0,0,34706,1630.17,0.04932220531086958,0.14727444217171368,0.03954258891551139,train,0
vid_0011,Test Video 11,2022-12-26 00:00:00+00:00,chan_1,Channel 1,19,2022-12-28 00:00:00+00:00,test|video|trend,48326,2416,0,241,http://example.com/thumb.jpg,False,False,Test description,youtube,youtube_trending_kaggle,False,,,0,0,,,,,real,2022-12-28 00:00:00+00:00,1.0.0,2657,48326,2416,241,0,48.0,0.055,13620.0,749.0,13620.0,749.0,13620.0,749.0,13620.0,2270.0,639.83,2022-12-28,1,0,0.0,0.0,0.0,0.0,0.0,0,0.0,0.0,0,0.0,0.0,0.0,0.4166666666666667,0.5833333333333334,10,low_motion_slow_cuts_no_face_dark,,test|video|trend,222,216,0,1.39,0,1.94,0,2.7,2022-12-28,2022-12-29,2022-12-28,2022-12-30,2022-12-28,2022-12-31,0,0,0,48326,2270.0,0.041722632406168074,0.14727444217171368,0.0335332241079318,train,0
vid_0011,Test Video 11,2022-12-26 00:00:00+00:00,chan_1,Channel 1,27,2022-12-29 00:00:00+00:00,test|video|trend,67291,3364,0,336,http://example.com/thumb.jpg,False,False,Test description,youtube,youtube_trending_kaggle,False,,,0,0,,,,,real,2022-12-29 00:00:00+00:00,1.0.0,3700,67291,3364,336,0,72.0,0.055,18965.0,1043.0,18965.0,1043.0,18965.0,1043.0,18965.0,3160.83,890.83,2022-12-29,1,0,0.0,0.0,0.0,0.0,0.0,0,0.0,0.0,0,0.0,0.0,0.0,0.6666666666666666,0.7878787878787878,10,low_motion_slow_cuts_no_face_dark,,test|video|trend,293,286,1,1.39,1,1.94,1,2.7,2022-12-29,2022-12-30,2022-12-29,2022-12-31,2022-12-29,2023-01-01,0,0,0,67291,3160.83,0.9550293681414365,0.14727444217171368,0.9418188955144018,train,1
vid_0011,Test Video 11,2022-12-26 00:00:00+00:00,chan_1,Channel 1,10,2022-12-30 00:00:00+00:00,test|video|trend,93699,4684,0,468,http://example.com/thumb.jpg,False,False,Test description,youtube,youtube_trending_kaggle,False,,,0,0,,,,,real,2022-12-30 00:00:00+00:00,1.0.0,5152,93699,4684,468,0,96.0,0.055,26408.0,1452.0,26408.0,1452.0,26408.0,1452.0,26408.0,4401.33,1240.5,2022-12-30,1,0,0.0,0.0,0.0,0.0,0.0,0,0.0,0.0,0,0.0,0.0,0.0,0.7878787878787878,0.8181818181818182,10,low_motion_slow_cuts_no_face_dark,,test|video|trend,375,364,0,1.39,0,1.94,0,2.7,2022-12-30,2022-12-31,2022-12-30,2023-01-01,2022-12-30,2023-01-02,0,0,0,93699,4401.33,0.061718615579351,0.14727444217171368,0.0601592385027573,train,0
vid_0011,Test Video 11,2022-12-26 00:00:00+00:00,chan_1,Channel 1,22,2022-12-31 00:00:00+00:00,test|video|trend,130470,6523,0,652,http://example.com/thumb.jpg,False,False,Test description,youtube,youtube_trending_kaggle,False,,,0,0,,,,,real,2022-12-31 00:00:00+00:00,1.0.0,7175,130470,6523,652,0,120.0,0.055,36771.0,2023.0,36771.0,2023.0,36771.0,2023.0,36771.0,6128.5,1727.17,2022-12-31,1,0,0.0,0.0,0.0,0.0,0.0,0,0.0,0.0,0,0.0,0.0,0.0,0.75,0.8125,10,low_motion_slow_cuts_no_face_dark,,test|video|trend,432,420,0,1.39,0,1.94,0,2.7,2022-12-31,2023-01-01,2022-12-31,2023-01-02,2022-12-31,2023-01-03,0,0,0,130470,6128.5,0.0338905841140728,0.14727444217171368,0.05098528965911482,train,0
vid_0011,Test Video 11,2022-12-26 00:00:00+00:00,chan_1,Channel 1,2,2023-01-01 00:00:00+00:00,test|video|trend,181672,9083,0,908,http://example.com/thumb.jpg,False,False,Test description,youtube,youtube_trending_kaggle,False,,,0,0,,,,,real,2023-01-01 00:00:00+00:00,1.0.0,9991,181672,9083,908,0,144.0,0.055,51202.0,2816.0,51202.0,2816.0,51202.0,2816.0,51202.0,8533.67,2405.17,2023-01-01,1,0,0.0,0.0,0.0,0.0,0.0,0,0.0,0.0,0,0.0,0.0,0.0,0.918918918918919,0.9459459459459459,10,low_motion_slow_cuts_no_face_dark,,test|video|trend,568,551,0,1.39,0,1.94,0,2.7,2023-01-01,2023-01-02,2023-01-01,2023-01-03,2023-01-01,2023-01-04,0,0,0,181672,8533.67,0.22458965265839836,0.14727444217171368,0.20694299431807586,train,0
vid_0011,Test Video 11,2022-12-26 00:00:00+00:00,chan_1,Channel 1,13,2023-01-02 00:00:00+00:00,test|video|trend,252967,12648,0,1264,http://example.com/thumb.jpg,False,False,Test description,youtube,youtube_trending_kaggle,False,,,0,0,,,,,real,2023-01-02 00:00:00+00:00,1.0.0,13912,252967,12648,1264,0,168.0,0.055,71295.0,3921.0,71295.0,3921.0,71295.0,3921.0,71295.0,11882.5,3348.83,2023-01-02,1,0,0.0,0.0,0.0,0.0,0.0,0,0.0,0.0,0,0.0,0.0,0.0,0.84375,0.875,10,low_motion_slow_cuts_no_face_dark,,test|video|trend,601,583,0,1.39,1,1.94,0,1.94,2023-01-02,2023-01-03,2023-01-02,2023-01-04,2023-01-02,2023-01-05,0,0,0,252967,11882.5,0.00569803684554976,0.14727444217171368,0.005445541247701384,train,0
vid_0011,Test Video 11,2022-12-26 00:00:00+00:00,chan_1,Channel 1,14,2023-01-03 00:00:00+00:00,test|video|trend,352241,17612,0,1761,http://example.com/thumb.jpg,False,False,Test description,youtube,youtube_trending_kaggle,False,,,0,0,,,,,real,2023-01-03 00:00:00+00:00,1.0.0,19373,352241,17612,1761,0,192.0,0.055,99274.0,5461.0,99274.0,5461.0,99274.0,5461.0,99274.0,16545.67,4663.17,2023-01-03,1,0,0.0,0.0,0.0,0.0,0.0,0,0.0,0.0,0,0.0,0.0,0.0,0.9444444444444444,0.9444444444444444,10,low_motion_slow_cuts_no_face_dark,,test|video|trend,695,674,0,1.39,0,1.39,0,1.39,2023-01-03,2023-01-04,2023-01-03,2023-01-05,2023-01-03,2023-01-06,0,0,0,352241,16545.67,0.00034275222794249034,0.14727444217171368,0.00031735860578760135,train,0
vid_0011,Test Video 11,2022-12-26 00:00:00+00:00,chan_1,Channel 1,3,2023-01-04 00:00:00+00:00,test|video|trend,490474,24523,0,2452,http://example.com/thumb.jpg,False,False,Test description,youtube,youtube_trending_kaggle,False,,,0,0,,,,,real,2023-01-04 00:00:00+00:00,1.0.0,26975,490474,24523,2452,0,216.0,0.055,138233.0,7602.0,138233.0,7602.0,138233.0,7602.0,138233.0,23038.83,6493.16,2023-01-04,1,0,0.0,0.0,0.0,0.0,0.0,0,0.0,0.0,0,0.0,0.0,0.0,1.0,1.0,10,low_motion_slow_cuts_no_face_dark,,test|video|trend,777,754,0,1.0,0,1.0,0,1.0,2023-01-04,2023-01-05,2023-01-04,2023-01-06,2023-01-04,2023-01-07,0,0,0,490474,23038.83,0.006808080242211765,0.14727444217171368,0.006023642691354063,test,0
vid_0012,Test Video 12,2022-12-28 00:00:00+00:00,chan_2,Channel 2,19,2022-12-28 00:00:00+00:00,test|video|trend,22122,1106,0,110,http://example.com/thumb.jpg,False,False,Test description,youtube,youtube_trending_kaggle,False,,,0,0,,,,,real,2022-12-28 00:00:00+00:00,1.0.0,1216,22122,1106,110,0,0.0,0.055,0.0,0.0,0.0,0.0,0.0,0.0,0.0,0.0,0.0,,1,0,0.0,0.0,0.0,0.0,0.0,0,0.0,0.0,0,0.0,0.0,0.0,0.1388888888888889,0.05555555555555555,10,low_motion_slow_cuts_no_face_dark,,test|video|trend,207,201,0,1.4,0,1.96,0,2.75,2022-12-28,2022-12-29,2022-12-28,2022-12-30,2022-12-28,2022-12-31,0,0,0,22122,0.0,0.1652271308436011,0.14727444217171368,0.11658571497029924,train,0
vid_0012,Test Video 12,2022-12-28 00:00:00+00:00,chan_2,Channel 2,27,2022-12-29 00:00:00+00:00,test|video|trend,30985,1549,0,154,http://example.com/thumb.jpg,False,False,Test description,youtube,youtube_trending_kaggle,False,,,0,0,,,,,real,2022-12-29 00:00:00+00:00,1.0.0,1703,30985,1549,154,0,24.0,0.055,8863.0,487.0,8863.0,487.0,8863.0,487.0,8863.0,1477.17,0.0,2022-12-29,1,0,0.0,0.0,0.0,0.0,0.0,0,0.0,0.0,0,0.0,0.0,0.0,0.3333333333333333,0.5454545454545454,10,low_motion_slow_cuts_no_face_dark,,test|video|trend,308,300,1,1.4,1,1.96,1,2.75,2022-12-29,2022-12-30,2022-12-29,2022-12-31,2022-12-29,2023-01-01,0,0,0,30985,1477.17,0.918052335554469,0.14727444217171368,0.9286553095700644,train,1
vid_0012,Test Video 12,2022-12-28 00:00:00+00:00,chan_2,Channel 2,6,2022-12-30 00:00:00+00:00,test|video|trend,43399,2169,0,216,http://example.com/thumb.jpg,False,False,Test description,youtube,youtube_trending_kaggle,False,,,0,0,,,,,real,2022-12-30 00:00:00+00:00,1.0.0,2385,43399,2169,216,0,48.0,0.055,12414.0,682.0,12414.0,682.0,12414.0,682.0,12414.0,2069.0,591.83,2022-12-30,1,0,0.0,0.0,0.0,0.0,0.0,0,0.0,0.0,0,0.0,0.0,0.0,0.47368421052631576,0.6052631578947368,10,low_motion_slow_cuts_no_face_dark,,test|video|trend,395,383,0,1.4,0,1.96,0,2.75,2022-12-30,2022-12-31,2022-12-30,2023-01-01,2022-12-30,2023-01-02,0,0,0,43399,2069.0,0.02609828880829975,0.14727444217171368,0.028516568896821564,train,0
vid_0012,Test Video 12,2022-12-28 00:00:00+00:00,chan_2,Channel 2,7,2022-12-31 00:00:00+00:00,test|video|trend,60787,3039,0,303,http://example.com/thumb.jpg,False,False,Test description,youtube,youtube_trending_kaggle,False,,,0,0,,,,,real,2022-12-31 00:00:00+00:00,1.0.0,3342,60787,3039,303,0,72.0,0.055,17388.0,957.0,17388.0,957.0,17388.0,957.0,17388.0,2898.0,829.0,2022-12-31,1,0,0.0,0.0,0.0,0.0,0.0,0,0.0,0.0,0,0.0,0.0,0.0,0.6486486486486487,0.7297297297297297,10,low_motion_slow_cuts_no_face_dark,,test|video|trend,433,421,0,1.4,0,1.96,0,2.75,2022-12-31,2023-01-01,2022-12-31,2023-01-02,2022-12-31,2023-01-03,0,0,0,60787,2898.0,0.09356756664116395,0.14727444217171368,0.1103959944537897,train,0
vid_0012,Test Video 12,2022-12-28 00:00:00+00:00,chan_2,Channel 2,10,2023-01-01 00:00:00+00:00,test|video|trend,85141,4257,0,425,http://example.com/thumb.jpg,False,False,Test description,youtube,youtube_trending_kaggle,False,,,0,0,,,,,real,2023-01-01 00:00:00+00:00,1.0.0,4682,85141,4257,425,0,96.0,0.055,24354.0,1340.0,24354.0,1340.0,24354.0,1340.0,24354.0,4059.0,1161.0,2023-01-01,1,0,0.0,0.0,0.0,0.0,0.0,0,0.0,0.0,0,0.0,0.0,0.0,0.7575757575757576,0.7878787878787878,10,low_motion_slow_cuts_no_face_dark,,test|video|trend,554,538,0,1.4,0,1.96,0,2.75,2023-01-01,2023-01-02,2023-01-01,2023-01-03,2023-01-01,2023-01-04,0,0,0,85141,4059.0,0.08753864433606443,0.14727444217171368,0.08717983611407422,train,0
vid_0012,Test Video 12,2022-12-28 00:00:00+00:00,chan_2,Channel 2,2,2023-01-02 00:00:00+00:00,test|video|trend,119253,5962,0,596,http://example.com/thumb.jpg,False,False,Test description,youtube,youtube_trending_kaggle,False,,,0,0,,,,,real,2023-01-02 00:00:00+00:00,1.0.0,6558,119253,5962,596,0,120.0,0.055,34112.0,1876.0,34112.0,1876.0,34112.0,1876.0,34112.0,5685.33,1626.33,2023-01-02,1,0,0.0,0.0,0.0,0.0,0.0,0,0.0,0.0,0,0.0,0.0,0.0,0.7837837837837838,0.8648648648648649,10,low_motion_slow_cuts_no_face_dark,,test|video|trend,628,608,0,1.4,0,1.96,0,2.75,2023-01-02,2023-01-03,2023-01-02,2023-01-04,2023-01-02,2023-01-05,0,0,0,119253,5685.33,0.11118438521762009,0.14727444217171368,0.11146279610563327,train,0
vid_0012,Test Video 12,2022-12-28 00:00:00+00:00,chan_2,Channel 2,22,2023-01-03 00:00:00+00:00,test|video|trend,167031,8351,0,835,http://example.com/thumb.jpg,False,False,Test description,youtube,youtube_trending_kaggle,False,,,0,0,,,,,real,2023-01-03 00:00:00+00:00,1.0.0,9186,167031,8351,835,0,144.0,0.055,47778.0,2628.0,47778.0,2628.0,47778.0,2628.0,47778.0,7963.0,2277.67,2023-01-03,1,0,0.0,0.0,0.0,0.0,0.0,0,0.0,0.0,0,0.0,0.0,0.0,0.8125,0.84375,10,low_motion_slow_cuts_no_face_dark,,test|video|trend,748,725,0,1.4,1,1.96,1,2.75,2023-01-03,2023-01-04,2023-01-03,2023-01-05,2023-01-03,2023-01-06,0,0,0,167031,7963.0,0.5105260942160672,0.14727444217171368,0.49329167785737704,test,1
vid_0012,Test Video 12,2022-12-28 00:00:00+00:00,chan_2,Channel 2,26,2023-01-04 00:00:00+00:00,test|video|trend,233952,11697,0,1169,http://example.com/thumb.jpg,False,False,Test description,youtube,youtube_trending_kaggle,False,,,0,0,,,,,real,2023-01-04 00:00:00+00:00,1.0.0,12866,233952,11697,1169,0,168.0,0.055,66921.0,3680.0,66921.0,3680.0,66921.0,3680.0,66921.0,11153.5,3190.5,2023-01-04,1,0,0.0,0.0,0.0,0.0,0.0,0,0.0,0.0,0,0.0,0.0,0.0,0.8653846153846154,0.8653846153846154,10,low_motion_slow_cuts_no_face_dark,,test|video|trend,823,798,0,1.4,0,1.96,0,1.96,2023-01-04,2023-01-05,2023-01-04,2023-01-06,2023-01-04,2023-01-07,0,0,0,233952,11153.5,0.014314510629222772,0.14727444217171368,0.014987521823581807,test,0
vid_0012,Test Video 12,2022-12-28 00:00:00+00:00,chan_2,Channel 2,3,2023-01-05 00:00:00+00:00,test|video|trend,327685,16384,0,1638,http://example.com/thumb.jpg,False,False,Test description,youtube,youtube_trending_kaggle,False,,,0,0,,,,,real,2023-01-05 00:00:00+00:00,1.0.0,18022,327685,16384,1638,0,192.0,0.055,93733.0,5156.0,93733.0,5156.0,93733.0,5156.0,93733.0,15622.17,4468.67,2023-01-05,1,0,0.0,0.0,0.0,0.0,0.0,0,0.0,0.0,0,0.0,0.0,0.0,0.9487179487179487,0.9487179487179487,10,low_motion_slow_cuts_no_face_dark,,test|video|trend,864,838,0,1.4,0,1.4,0,1.4,2023-01-05,2023-01-06,2023-01-05,2023-01-07,2023-01-05,2023-01-08,0,0,0,327685,15622.17,0.00034275222794249034,0.14727444217171368,0.0003421155017336521,test,0
vid_0012,Test Video 12,2022-12-28 00:00:00+00:00,chan_2,Channel 2,15,2023-01-06 00:00:00+00:00,test|video|trend,458971,22948,0,2294,http://example.com/thumb.jpg,False,False,Test description,youtube,youtube_trending_kaggle,False,,,0,0,,,,,real,2023-01-06 00:00:00+00:00,1.0.0,25242,458971,22948,2294,0,216.0,0.055,131286.0,7220.0,131286.0,7220.0,131286.0,7220.0,131286.0,21881.0,6258.83,2023-01-06,1,0,0.0,0.0,0.0,0.0,0.0,0,0.0,0.0,0,0.0,0.0,0.0,0.9615384615384616,0.9615384615384616,10,low_motion_slow_cuts_no_face_dark,,test|video|trend,906,878,0,1.0,0,1.0,0,1.0,2023-01-06,2023-01-07,2023-01-06,2023-01-08,2023-01-06,2023-01-09,0,0,0,458971,21881.0,0.006808080242211765,0.14727444217171368,0.006023642691354063,test,0
vid_0013,Test Video 13,2022-12-27 00:00:00+00:00,chan_3,Channel 3,4,2022-12-27 00:00:00+00:00,test|video|trend,29254,1462,0,146,http://example.com/thumb.jpg,False,False,Test description,youtube,youtube_trending_kaggle,False,,,0,0,,,,,real,2022-12-27 00:00:00+00:00,1.0.0,1608,29254,1462,146,0,0.0,0.055,0.0,0.0,0.0,0.0,0.0,0.0,0.0,0.0,0.0,,1,0,0.0,0.0,0.0,0.0,0.0,0,0.0,0.0,0,0.0,0.0,0.0,0.3157894736842105,0.10526315789473684,10,low_motion_slow_cuts_no_face_dark,,test|video|trend,149,146,1,1.49,1,2.21,1,3.29,2022-12-27,2022-12-28,2022-12-27,2022-12-29,2022-12-27,2022-12-30,0,0,1,29254,0.0,0.690421019037938,0.14727444217171368,0.7278253659794092,train,1
vid_0013,Test Video 13,2022-12-27 00:00:00+00:00,chan_3,Channel 3,26,2022-12-28 00:00:00+00:00,test|video|trend,43519,2175,0,217,http://example.com/thumb.jpg,False,False,Test description,youtube,youtube_trending_kaggle,False,,,0,0,,,,,real,2022-12-28 00:00:00+00:00,1.0.0,2392,43519,2175,217,0,24.0,0.055,14265.0,784.0,14265.0,784.0,14265.0,784.0,14265.0,2377.5,0.0,2022-12-28,1,0,0.0,0.0,0.0,0.0,0.0,0,0.0,0.0,0,0.0,0.0,0.0,0.4423076923076923,0.6730769230769231,10,low_motion_slow_cuts_no_face_dark,,test|video|trend,205,199,1,1.49,1,2.21,1,3.29,2022-12-28,2022-12-29,2022-12-28,2022-12-30,2022-12-28,2022-12-31,0,0,1,43519,2377.5,0.9679383596767386,0.14727444217171368,0.9724288959275895,train,1
vid_0013,Test Video 13,2022-12-27 00:00:00+00:00,chan_3,Channel 3,8,2022-12-29 00:00:00+00:00,test|video|trend,64741,3237,0,323,http://example.com/thumb.jpg,False,False,Test description,youtube,youtube_trending_kaggle,False,,,0,0,,,,,real,2022-12-29 00:00:00+00:00,1.0.0,3560,64741,3237,323,0,48.0,0.055,21222.0,1168.0,21222.0,1168.0,21222.0,1168.0,21222.0,3537.0,1159.5,2022-12-29,1,0,0.0,0.0,0.0,0.0,0.0,0,0.0,0.0,0,0.0,0.0,0.0,0.6744186046511628,0.7441860465116279,10,low_motion_slow_cuts_no_face_dark,,test|video|trend,305,298,1,1.49,1,2.21,1,3.29,2022-12-29,2022-12-30,2022-12-29,2022-12-31,2022-12-29,2023-01-01,0,0,1,64741,3537.0,0.9767770250436735,0.14727444217171368,0.9819490113422117,train,1
vid_0013,Test Video 13,2022-12-27 00:00:00+00:00,chan_3,Channel 3,5,2022-12-30 00:00:00+00:00,test|video|trend,96312,4815,0,481,http://example.com/thumb.jpg,False,False,Test description,youtube,youtube_trending_kaggle,False,,,0,0,,,,,real,2022-12-30 00:00:00+00:00,1.0.0,5296,96312,4815,481,0,72.0,0.055,31571.0,1736.0,31571.0,1736.0,31571.0,1736.0,31571.0,5261.83,1724.83,2022-12-30,1,0,0.0,0.0,0.0,0.0,0.0,0,0.0,0.0,0,0.0,0.0,0.0,0.7741935483870968,0.8064516129032258,10,low_motion_slow_cuts_no_face_dark,,test|video|trend,365,355,1,1.49,1,2.21,1,3.29,2022-12-30,2022-12-31,2022-12-30,2023-01-01,2022-12-30,2023-01-02,0,0,1,96312,5261.83,0.9506376307659494,0.14727444217171368,0.9570005375285724,train,1
vid_0013,Test Video 13,2022-12-27 00:00:00+00:00,chan_3,Channel 3,18,2022-12-31 00:00:00+00:00,test|video|trend,143279,7163,0,716,http://example.com/thumb.jpg,False,False,Test description,youtube,youtube_trending_kaggle,False,,,0,0,,,,,real,2022-12-31 00:00:00+00:00,1.0.0,7879,143279,7163,716,0,96.0,0.055,46967.0,2583.0,46967.0,2583.0,46967.0,2583.0,46967.0,7827.83,2566.0,2022-12-31,1,0,0.0,0.0,0.0,0.0,0.0,0,0.0,0.0,0,0.0,0.0,0.0,0.6551724137931034,0.7931034482758621,10,low_motion_slow_cuts_no_face_dark,,test|video|trend,423,411,1,1.49,1,2.21,1,3.29,2022-12-31,2023-01-01,2022-12-31,2023-01-02,2022-12-31,2023-01-03,0,0,1,143279,7827.83,0.8770651148037919,0.14727444217171368,0.8866281945196839,train,1
vid_0013,Test Video 13,2022-12-27 00:00:00+00:00,chan_3,Channel 3,9,2023-01-01 00:00:00+00:00,test|video|trend,213148,10657,0,1065,http://example.com/thumb.jpg,False,False,Test description,youtube,youtube_trending_kaggle,False,,,0,0,,,,,real,2023-01-01 00:00:00+00:00,1.0.0,11722,213148,10657,1065,0,120.0,0.055,69869.0,3843.0,69869.0,3843.0,69869.0,3843.0,69869.0,11644.83,3817.0,2023-01-01,1,0,0.0,0.0,0.0,0.0,0.0,0,0.0,0.0,0,0.0,0.0,0.0,0.9393939393939394,0.9393939393939394,10,low_motion_slow_cuts_no_face_dark,,test|video|trend,507,492,1,1.49,1,2.21,1,3.29,2023-01-01,2023-01-02,2023-01-01,2023-01-03,2023-01-01,2023-01-04,0,0,1,213148,11644.83,0.8207256112657346,0.14727444217171368,0.8463215261516674,train,1
vid_0013,Test Video 13,2022-12-27 00:00:00+00:00,chan_3,Channel 3,17,2023-01-02 00:00:00+00:00,test|video|trend,317089,15854,0,1585,http://example.com/thumb.jpg,False,False,Test description,youtube,youtube_trending_kaggle,False,,,0,0,,,,,real,2023-01-02 00:00:00+00:00,1.0.0,17439,317089,15854,1585,0,144.0,0.055,103941.0,5717.0,103941.0,5717.0,103941.0,5717.0,103941.0,17323.5,5678.67,2023-01-02,1,0,0.0,0.0,0.0,0.0,0.0,0,0.0,0.0,0,0.0,0.0,0.0,0.9142857142857143,0.9714285714285714,10,low_motion_slow_cuts_no_face_dark,,test|video|trend,612,593,1,1.49,1,2.21,1,3.29,2023-01-02,2023-01-03,2023-01-02,2023-01-04,2023-01-02,2023-01-05,0,0,1,317089,17323.5,0.925359497413756,0.14727444217171368,0.9244354580853333,train,1
vid_0013,Test Video 13,2022-12-27 00:00:00+00:00,chan_3,Channel 3,10,2023-01-03 00:00:00+00:00,test|video|trend,471716,23585,0,2358,http://example.com/thumb.jpg,False,False,Test description,youtube,youtube_trending_kaggle,False,,,0,0,,,,,real,2023-01-03 00:00:00+00:00,1.0.0,25943,471716,23585,2358,0,168.0,0.055,154627.0,8504.0,154627.0,8504.0,154627.0,8504.0,154627.0,25771.17,8447.67,2023-01-03,1,0,0.0,0.0,0.0,0.0,0.0,0,0.0,0.0,0,0.0,0.0,0.0,1.0,1.0,10,low_motion_slow_cuts_no_face_dark,,test|video|trend,728,705,1,1.49,1,2.21,0,2.21,2023-01-03,2023-01-04,2023-01-03,2023-01-05,2023-01-03,2023-01-06,0,0,0,471716,25771.17,0.05165396985903424,0.14727444217171368,0.052003767445587046,test,0
vid_0013,Test Video 13,2022-12-27 00:00:00+00:00,chan_3,Channel 3,22,2023-01-04 00:00:00+00:00,test|video|trend,701747,35087,0,3508,http://example.com/thumb.jpg,False,False,Test description,youtube,youtube_trending_kaggle,False,,,0,0,,,,,real,2023-01-04 00:00:00+00:00,1.0.0,38595,701747,35087,3508,0,192.0,0.055,230031.0,12652.0,230031.0,12652.0,230031.0,12652.0,230031.0,38338.5,12567.33,2023-01-04,1,0,0.0,0.0,0.0,0.0,0.0,0,0.0,0.0,0,0.0,0.0,0.0,1.0,1.0,10,low_motion_slow_cuts_no_face_dark,,test|video|trend,836,811,1,1.49,0,1.49,0,1.49,2023-01-04,2023-01-05,2023-01-04,2023-01-06,2023-01-04,2023-01-07,0,0,0,701747,38338.5,0.006808080242211765,0.14727444217171368,0.006023642691354063,test,0
vid_0013,Test Video 13,2022-12-27 00:00:00+00:00,chan_3,Channel 3,18,2023-01-05 00:00:00+00:00,test|video|trend,1043951,52197,0,5219,http://example.com/thumb.jpg,False,False,Test description,youtube,youtube_trending_kaggle,False,,,0,0,,,,,real,2023-01-05 00:00:00+00:00,1.0.0,57416,1043951,52197,5219,0,216.0,0.055,342204.0,18821.0,342204.0,18821.0,342204.0,18821.0,342204.0,57034.0,18695.5,2023-01-05,1,0,0.0,0.0,0.0,0.0,0.0,0,0.0,0.0,0,0.0,0.0,0.0,0.9655172413793104,0.9655172413793104,10,low_motion_slow_cuts_no_face_dark,,test|video|trend,849,824,0,1.0,0,1.0,0,1.0,2023-01-05,2023-01-06,2023-01-05,2023-01-07,2023-01-05,2023-01-08,0,0,0,1043951,57034.0,0.006808080242211765,0.14727444217171368,0.006023642691354063,test,0
vid_0014,Test Video 14,2022-12-28 00:00:00+00:00,chan_4,Channel 4,13,2022-12-28 00:00:00+00:00,test|video|trend,11756,587,0,58,http://example.com/thumb.jpg,False,False,Test description,youtube,youtube_trending_kaggle,False,,,0,0,,,,,real,2022-12-28 00:00:00+00:00,1.0.0,645,11756,587,58,0,0.0,0.0549,0.0,0.0,0.0,0.0,0.0,0.0,0.0,0.0,0.0,,1,0,0.0,0.0,0.0,0.0,0.0,0,0.0,0.0,0,0.0,0.0,0.0,0.1875,0.078125,10,low_motion_slow_cuts_no_face_dark,,test|video|trend,225,219,0,1.34,0,1.8,1,2.41,2022-12-28,2022-12-29,2022-12-28,2022-12-30,2022-12-28,2022-12-31,0,0,0,11756,0.0,0.7531535670599776,0.14727444217171368,0.7436502626485423,train,1
vid_0014,Test Video 14,2022-12-28 00:00:00+00:00,chan_4,Channel 4,4,2022-12-29 00:00:00+00:00,test|video|trend,15752,787,0,78,http://example.com/thumb.jpg,False,False,Test description,youtube,youtube_trending_kaggle,False,,,0,0,,,,,real,2022-12-29 00:00:00+00:00,1.0.0,865,15752,787,78,0,24.0,0.0549,3996.0,220.0,3996.0,220.0,3996.0,220.0,3996.0,666.0,0.0,2022-12-29,1,0,0.0,0.0,0.0,0.0,0.0,0,0.0,0.0,0,0.0,0.0,0.0,0.13157894736842105,0.3684210526315789,10,low_motion_slow_cuts_no_face_dark,,test|video|trend,304,297,0,1.34,0,1.8,0,2.41,2022-12-29,2022-12-30,2022-12-29,2022-12-31,2022-12-29,2023-01-01,0,0,0,15752,666.0,0.0043800997774505,0.14727444217171368,0.00415726818356518,train,0
vid_0014,Test Video 14,2022-12-28 00:00:00+00:00,chan_4,Channel 4,24,2022-12-30 00:00:00+00:00,test|video|trend,21108,1055,0,105,http://example.com/thumb.jpg,False,False,Test description,youtube,youtube_trending_kaggle,False,,,0,0,,,,,real,2022-12-30 00:00:00+00:00,1.0.0,1160,21108,1055,105,0,48.0,0.055,5356.0,295.0,5356.0,295.0,5356.0,295.0,5356.0,892.67,226.67,2022-12-30,1,0,0.0,0.0,0.0,0.0,0.0,0,0.0,0.0,0,0.0,0.0,0.0,0.26666666666666666,0.4888888888888889,10,low_motion_slow_cuts_no_face_dark,,test|video|trend,355,345,0,1.34,0,1.8,0,2.41,2022-12-30,2022-12-31,2022-12-30,2023-01-01,2022-12-30,2023-01-02,0,0,0,21108,892.67,0.008281399940814314,0.14727444217171368,0.014852584264115854,train,0
vid_0014,Test Video 14,2022-12-28 00:00:00+00:00,chan_4,Channel 4,26,2022-12-31 00:00:00+00:00,test|video|trend,28285,1414,0,141,http://example.com/thumb.jpg,False,False,Test description,youtube,youtube_trending_kaggle,False,,,0,0,,,,,real,2022-12-31 00:00:00+00:00,1.0.0,1555,28285,1414,141,0,72.0,0.055,7177.0,395.0,7177.0,395.0,7177.0,395.0,7177.0,1196.17,303.5,2022-12-31,1,0,0.0,0.0,0.0,0.0,0.0,0,0.0,0.0,0,0.0,0.0,0.0,0.2692307692307692,0.5,10,low_motion_slow_cuts_no_face_dark,,test|video|trend,435,423,0,1.34,0,1.8,0,2.41,2022-12-31,2023-01-01,2022-12-31,2023-01-02,2022-12-31,2023-01-03,0,0,0,28285,1196.17,0.009883809577557766,0.14727444217171368,0.012005890402938745,train,0
vid_0014,Test Video 14,2022-12-28 00:00:00+00:00,chan_4,Channel 4,23,2023-01-01 00:00:00+00:00,test|video|trend,37901,1895,0,189,http://example.com/thumb.jpg,False,False,Test description,youtube,youtube_trending_kaggle,False,,,0,0,,,,,real,2023-01-01 00:00:00+00:00,1.0.0,2084,37901,1895,189,0,96.0,0.055,9616.0,529.0,9616.0,529.0,9616.0,529.0,9616.0,1602.67,406.5,2023-01-01,1,0,0.0,0.0,0.0,0.0,0.0,0,0.0,0.0,0,0.0,0.0,0.0,0.36666666666666664,0.5,10,low_motion_slow_cuts_no_face_dark,,test|video|trend,520,505,0,1.34,0,1.8,0,2.41,2023-01-01,2023-01-02,2023-01-01,2023-01-03,2023-01-01,2023-01-04,0,0,0,37901,1602.67,0.0012461832880734482,0.14727444217171368,0.001139633900926323,train,0
vid_0014,Test Video 14,2022-12-28 00:00:00+00:00,chan_4,Channel 4,21,2023-01-02 00:00:00+00:00,test|video|trend,50787,2539,0,253,http://example.com/thumb.jpg,False,False,Test description,youtube,youtube_trending_kaggle,False,,,0,0,,,,,real,2023-01-02 00:00:00+00:00,1.0.0,2792,50787,2539,253,0,120.0,0.055,12886.0,708.0,12886.0,708.0,12886.0,708.0,12886.0,2147.67,545.0,2023-01-02,1,0,0.0,0.0,0.0,0.0,0.0,0,0.0,0.0,0,0.0,0.0,0.0,0.34210526315789475,0.5263157894736842,10,low_motion_slow_cuts_no_face_dark,,test|video|trend,630,610,0,1.34,0,1.8,0,2.41,2023-01-02,2023-01-03,2023-01-02,2023-01-04,2023-01-02,2023-01-05,0,0,0,50787,2147.67,0.002326024110795812,0.14727444217171368,0.000986451362278864,train,0
vid_0014,Test Video 14,2022-12-28 00:00:00+00:00,chan_4,Channel 4,27,2023-01-03 00:00:00+00:00,test|video|trend,68054,3402,0,340,http://example.com/thumb.jpg,False,False,Test description,youtube,youtube_trending_kaggle,False,,,0,0,,,,,real,2023-01-03 00:00:00+00:00,1.0.0,3742,68054,3402,340,0,144.0,0.055,17267.0,950.0,17267.0,950.0,17267.0,950.0,17267.0,2877.83,730.16,2023-01-03,1,0,0.0,0.0,0.0,0.0,0.0,0,0.0,0.0,0,0.0,0.0,0.0,0.696969696969697,0.696969696969697,10,low_motion_slow_cuts_no_face_dark,,test|video|trend,735,712,0,1.34,0,1.8,0,2.41,2023-01-03,2023-01-04,2023-01-03,2023-01-05,2023-01-03,2023-01-06,0,0,0,68054,2877.83,0.002522138147837631,0.14727444217171368,0.0015526079565346294,test,0
vid_0014,Test Video 14,2022-12-28 00:00:00+00:00,chan_4,Channel 4,19,2023-01-04 00:00:00+00:00,test|video|trend,91192,4559,0,455,http://example.com/thumb.jpg,False,False,Test description,youtube,youtube_trending_kaggle,False,,,0,0,,,,,real,2023-01-04 00:00:00+00:00,1.0.0,5014,91192,4559,455,0,168.0,0.055,23138.0,1272.0,23138.0,1272.0,23138.0,1272.0,23138.0,3856.33,978.5,2023-01-04,1,0,0.0,0.0,0.0,0.0,0.0,0,0.0,0.0,0,0.0,0.0,0.0,0.75,0.8055555555555556,10,low_motion_slow_cuts_no_face_dark,,test|video|trend,832,807,0,1.34,0,1.8,0,1.8,2023-01-04,2023-01-05,2023-01-04,2023-01-06,2023-01-04,2023-01-07,0,0,0,91192,3856.33,0.006512872299138944,0.14727444217171368,0.004800174861207673,test,0
vid_0014,Test Video 14,2022-12-28 00:00:00+00:00,chan_4,Channel 4,4,2023-01-05 00:00:00+00:00,test|video|trend,122196,6109,0,610,http://example.com/thumb.jpg,False,False,Test description,youtube,youtube_trending_kaggle,False,,,0,0,,,,,real,2023-01-05 00:00:00+00:00,1.0.0,6719,122196,6109,610,0,192.0,0.055,31004.0,1705.0,31004.0,1705.0,31004.0,1705.0,31004.0,5167.33,1311.0,2023-01-05,1,0,0.0,0.0,0.0,0.0,0.0,0,0.0,0.0,0,0.0,0.0,0.0,0.6842105263157895,0.7631578947368421,10,low_motion_slow_cuts_no_face_dark,,test|video|trend,860,834,0,1.34,0,1.34,0,1.34,2023-01-05,2023-01-06,2023-01-05,2023-01-07,2023-01-05,2023-01-08,0,0,0,122196,5167.33,0.028957090590069005,0.14727444217171368,0.022083320366379788,test,0
vid_0014,Test Video 14,2022-12-28 00:00:00+00:00,chan_4,Channel 4,4,2023-01-06 00:00:00+00:00,test|video|trend,163741,8187,0,818,http://example.com/thumb.jpg,False,False,Test description,youtube,youtube_trending_kaggle,False,,,0,0,,,,,real,2023-01-06 00:00:00+00:00,1.0.0,9005,163741,8187,818,0,216.0,0.055,41545.0,2286.0,41545.0,2286.0,41545.0,2286.0,41545.0,6924.17,1756.84,2023-01-06,1,0,0.0,0.0,0.0,0.0,0.0,0,0.0,0.0,0,0.0,0.0,0.0,0.868421052631579,0.8421052631578947,10,low_motion_slow_cuts_no_face_dark,,test|video|trend,935,906,0,1.0,0,1.0,0,1.0,2023-01-06,2023-01-07,2023-01-06,2023-01-08,2023-01-06,2023-01-09,0,0,0,163741,6924.17,0.0034957653487768248,0.14727444217171368,0.0038198360305516147,test,0
vid_0015,Test Video 15,2022-12-29 00:00:00+00:00,chan_5,Channel 5,18,2022-12-29 00:00:00+00:00,test|video|trend,34885,1744,0,174,http://example.com/thumb.jpg,False,False,Test description,youtube,youtube_trending_kaggle,False,,,0,0,,,,,real,2022-12-29 00:00:00+00:00,1.0.0,1918,34885,1744,174,0,0.0,0.055,0.0,0.0,0.0,0.0,0.0,0.0,0.0,0.0,0.0,,1,0,0.0,0.0,0.0,0.0,0.0,0,0.0,0.0,0,0.0,0.0,0.0,0.3793103448275862,0.05172413793103448,10,low_motion_slow_cuts_no_face_dark,,test|video|trend,292,285,0,1.4,0,1.97,0,2.76,2022-12-29,2022-12-30,2022-12-29,2022-12-31,2022-12-29,2023-01-01,0,0,0,34885,0.0,0.019834585993713332,0.14727444217171368,0.021103823282886278,train,0
vid_0015,Test Video 15,2022-12-29 00:00:00+00:00,chan_5,Channel 5,6,2022-12-30 00:00:00+00:00,test|video|trend,48921,2446,0,244,http://example.com/thumb.jpg,False,False,Test description,youtube,youtube_trending_kaggle,False,,,0,0,,,,,real,2022-12-30 00:00:00+00:00,1.0.0,2690,48921,2446,244,0,24.0,0.055,14036.0,772.0,14036.0,772.0,14036.0,772.0,14036.0,2339.33,0.0,2022-12-30,1,0,0.0,0.0,0.0,0.0,0.0,0,0.0,0.0,0,0.0,0.0,0.0,0.5789473684210527,0.6842105263157895,10,low_motion_slow_cuts_no_face_dark,,test|video|trend,324,315,0,1.4,0,1.97,0,2.76,2022-12-30,2022-12-31,2022-12-30,2023-01-01,2022-12-30,2023-01-02,0,0,0,48921,2339.33,0.014029217624764357,0.14727444217171368,0.013313663983697056,train,0
vid_0015,Test Video 15,2022-12-29 00:00:00+00:00,chan_5,Channel 5,25,2022-12-31 00:00:00+00:00,test|video|trend,68604,3430,0,343,http://example.com/thumb.jpg,False,False,Test description,youtube,youtube_trending_kaggle,False,,,0,0,,,,,real,2022-12-31 00:00:00+00:00,1.0.0,3773,68604,3430,343,0,48.0,0.055,19683.0,1083.0,19683.0,1083.0,19683.0,1083.0,19683.0,3280.5,941.17,2022-12-31,1,0,0.0,0.0,0.0,0.0,0.0,0,0.0,0.0,0,0.0,0.0,0.0,0.7027027027027027,0.7567567567567568,10,low_motion_slow_cuts_no_face_dark,,test|video|trend,454,442,0,1.4,0,1.97,0,2.76,2022-12-31,2023-01-01,2022-12-31,2023-01-02,2022-12-31,2023-01-03,0,0,0,68604,3280.5,0.07958457638241012,0.14727444217171368,0.07556765723083332,train,0
vid_0015,Test Video 15,2022-12-29 00:00:00+00:00,chan_5,Channel 5,1,2023-01-01 00:00:00+00:00,test|video|trend,96208,4810,0,481,http://example.com/thumb.jpg,False,False,Test description,youtube,youtube_trending_kaggle,False,,,0,0,,,,,real,2023-01-01 00:00:00+00:00,1.0.0,5291,96208,4810,481,0,72.0,0.055,27604.0,1518.0,27604.0,1518.0,27604.0,1518.0,27604.0,4600.67,1320.17,2023-01-01,1,0,0.0,0.0,0.0,0.0,0.0,0,0.0,0.0,0,0.0,0.0,0.0,0.8484848484848485,0.9090909090909091,10,low_motion_slow_cuts_no_face_dark,,test|video|trend,540,525,0,1.4,1,1.97,1,2.76,2023-01-01,2023-01-02,2023-01-01,2023-01-03,2023-01-01,2023-01-04,0,0,0,96208,4600.67,0.8521487519746749,0.14727444217171368,0.8545932928608451,train,1
vid_0015,Test Video 15,2022-12-29 00:00:00+00:00,chan_5,Channel 5,3,2023-01-02 00:00:00+00:00,test|video|trend,134917,6745,0,674,http://example.com/thumb.jpg,False,False,Test description,youtube,youtube_trending_kaggle,False,,,0,0,,,,,real,2023-01-02 00:00:00+00:00,1.0.0,7419,134917,6745,674,0,96.0,0.055,38709.0,2128.0,38709.0,2128.0,38709.0,2128.0,38709.0,6451.5,1850.83,2023-01-02,1,0,0.0,0.0,0.0,0.0,0.0,0,0.0,0.0,0,0.0,0.0,0.0,0.717948717948718,0.7692307692307693,10,low_motion_slow_cuts_no_face_dark,,test|video|trend,669,649,0,1.4,0,1.97,0,2.76,2023-01-02,2023-01-03,2023-01-02,2023-01-04,2023-01-02,2023-01-05,0,0,0,134917,6451.5,0.05878120278906097,0.14727444217171368,0.053906606584182865,train,0
vid_0015,Test Video 15,2022-12-29 00:00:00+00:00,chan_5,Channel 5,7,2023-01-03 00:00:00+00:00,test|video|trend,189202,9460,0,946,http://example.com/thumb.jpg,False,False,Test description,youtube,youtube_trending_kaggle,False,,,0,0,,,,,real,2023-01-03 00:00:00+00:00,1.0.0,10406,189202,9460,946,0,120.0,0.055,54285.0,2987.0,54285.0,2987.0,54285.0,2987.0,54285.0,9047.5,2596.0,2023-01-03,1,0,0.0,0.0,0.0,0.0,0.0,0,0.0,0.0,0,0.0,0.0,0.0,0.8648648648648649,0.8918918918918919,10,low_motion_slow_cuts_no_face_dark,,test|video|trend,753,730,0,1.4,1,1.97,1,2.76,2023-01-03,2023-01-04,2023-01-03,2023-01-05,2023-01-03,2023-01-06,0,0,0,189202,9047.5,0.8436426182657795,0.14727444217171368,0.8420682668287167,test,1
vid_0015,Test Video 15,2022-12-29 00:00:00+00:00,chan_5,Channel 5,5,2023-01-04 00:00:00+00:00,test|video|trend,265328,13266,0,1326,http://example.com/thumb.jpg,False,False,Test description,youtube,youtube_trending_kaggle,False,,,0,0,,,,,real,2023-01-04 00:00:00+00:00,1.0.0,14592,265328,13266,1326,0,144.0,0.055,76126.0,4186.0,76126.0,4186.0,76126.0,4186.0,76126.0,12687.67,3640.17,2023-01-04,1,0,0.0,0.0,0.0,0.0,0.0,0,0.0,0.0,0,0.0,0.0,0.0,0.8709677419354839,0.8709677419354839,10,low_motion_slow_cuts_no_face_dark,,test|video|trend,814,789,0,1.4,0,1.97,0,2.76,2023-01-04,2023-01-05,2023-01-04,2023-01-06,2023-01-04,2023-01-07,0,0,0,265328,12687.67,0.6650704802892964,0.14727444217171368,0.6634865495439157,test,0
vid_0015,Test Video 15,2022-12-29 00:00:00+00:00,chan_5,Channel 5,26,2023-01-05 00:00:00+00:00,test|video|trend,372084,18604,0,1860,http://example.com/thumb.jpg,False,False,Test description,youtube,youtube_trending_kaggle,False,,,0,0,,,,,real,2023-01-05 00:00:00+00:00,1.0.0,20464,372084,18604,1860,0,168.0,0.055,106756.0,5872.0,106756.0,5872.0,106756.0,5872.0,106756.0,17792.67,5105.0,2023-01-05,1,0,0.0,0.0,0.0,0.0,0.0,0,0.0,0.0,0,0.0,0.0,0.0,0.9423076923076923,0.9423076923076923,10,low_motion_slow_cuts_no_face_dark,,test|video|trend,874,847,0,1.4,0,1.97,0,1.97,2023-01-05,2023-01-06,2023-01-05,2023-01-07,2023-01-05,2023-01-08,0,0,0,372084,17792.67,0.0027170207824161762,0.14727444217171368,0.002865411224599184,test,0
vid_0015,Test Video 15,2022-12-29 00:00:00+00:00,chan_5,Channel 5,23,2023-01-06 00:00:00+00:00,test|video|trend,521793,26089,0,2608,http://example.com/thumb.jpg,False,False,Test description,youtube,youtube_trending_kaggle,False,,,0,0,,,,,real,2023-01-06 00:00:00+00:00,1.0.0,28697,521793,26089,2608,0,192.0,0.055,149709.0,8233.0,149709.0,8233.0,149709.0,8233.0,149709.0,24951.5,7158.83,2023-01-06,1,0,0.0,0.0,0.0,0.0,0.0,0,0.0,0.0,0,0.0,0.0,0.0,0.9,0.9,10,low_motion_slow_cuts_no_face_dark,,test|video|trend,928,899,0,1.4,0,1.4,0,1.4,2023-01-06,2023-01-07,2023-01-06,2023-01-08,2023-01-06,2023-01-09,0,0,0,521793,24951.5,0.0020723336831301323,0.14727444217171368,0.0019696750803448082,test,0
vid_0015,Test Video 15,2022-12-29 00:00:00+00:00,chan_5,Channel 5,28,2023-01-07 00:00:00+00:00,test|video|trend,731739,36586,0,3658,http://example.com/thumb.jpg,False,False,Test description,youtube,youtube_trending_kaggle,False,,,0,0,,,,,real,2023-01-07 00:00:00+00:00,1.0.0,40244,731739,36586,3658,0,216.0,0.055,209946.0,11547.0,209946.0,11547.0,209946.0,11547.0,209946.0,34991.0,10039.5,2023-01-07,1,0,0.0,0.0,0.0,0.0,0.0,0,0.0,0.0,0,0.0,0.0,0.0,0.9666666666666667,0.9666666666666667,10,low_motion_slow_cuts_no_face_dark,,test|video|trend,960,931,0,1.0,0,1.0,0,1.0,2023-01-07,2023-01-08,2023-01-07,2023-01-09,2023-01-07,2023-01-10,0,0,0,731739,34991.0,0.006808080242211765,0.14727444217171368,0.006023642691354063,test,0
vid_0016,Test Video 16,2022-12-25 00:00:00+00:00,chan_6,Channel 6,23,2022-12-25 00:00:00+00:00,test|video|trend,41698,2084,0,208,http://example.com/thumb.jpg,False,False,Test description,youtube,youtube_trending_kaggle,False,,,0,0,,,,,real,2022-12-25 00:00:00+00:00,1.0.0,2292,41698,2084,208,0,0.0,0.055,0.0,0.0,0.0,0.0,0.0,0.0,0.0,0.0,0.0,,1,0,0.0,0.0,0.0,0.0,0.0,0,0.0,0.0,0,0.0,0.0,0.0,0.4666666666666667,0.06666666666666667,10,low_motion_slow_cuts_no_face_dark,,test|video|trend,37,36,0,1.35,0,1.82,0,2.45,2022-12-25,2022-12-26,2022-12-25,2022-12-27,2022-12-25,2022-12-28,0,0,0,41698,0.0,0.05494825063997879,0.14727444217171368,0.02390552636911915,train,0
vid_0016,Test Video 16,2022-12-25 00:00:00+00:00,chan_6,Channel 6,2,2022-12-26 00:00:00+00:00,test|video|trend,56227,2811,0,281,http://example.com/thumb.jpg,False,False,Test description,youtube,youtube_trending_kaggle,False,,,0,0,,,,,real,2022-12-26 00:00:00+00:00,1.0.0,3092,56227,2811,281,0,24.0,0.055,14529.0,800.0,14529.0,800.0,14529.0,800.0,14529.0,2421.5,0.0,2022-12-26,1,0,0.0,0.0,0.0,0.0,0.0,0,0.0,0.0,0,0.0,0.0,0.0,0.4864864864864865,0.5945945945945946,10,low_motion_slow_cuts_no_face_dark,,test|video|trend,83,81,0,1.35,0,1.82,0,2.45,2022-12-26,2022-12-27,2022-12-26,2022-12-28,2022-12-26,2022-12-29,0,0,0,56227,2421.5,0.01079423284611765,0.14727444217171368,0.012413683410940598,train,0
vid_0016,Test Video 16,2022-12-25 00:00:00+00:00,chan_6,Channel 6,3,2022-12-27 00:00:00+00:00,test|video|trend,75818,3790,0,379,http://example.com/thumb.jpg,False,False,Test description,youtube,youtube_trending_kaggle,False,,,0,0,,,,,real,2022-12-27 00:00:00+00:00,1.0.0,4169,75818,3790,379,0,48.0,0.055,19591.0,1077.0,19591.0,1077.0,19591.0,1077.0,19591.0,3265.17,843.67,2022-12-27,1,0,0.0,0.0,0.0,0.0,0.0,0,0.0,0.0,0,0.0,0.0,0.0,0.5641025641025641,0.5897435897435898,10,low_motion_slow_cuts_no_face_dark,,test|video|trend,115,112,0,1.35,0,1.82,0,2.45,2022-12-27,2022-12-28,2022-12-27,2022-12-29,2022-12-27,2022-12-30,0,0,0,75818,3265.17,0.031237107631083692,0.14727444217171368,0.0330921765923842,train,0
vid_0016,Test Video 16,2022-12-25 00:00:00+00:00,chan_6,Channel 6,21,2022-12-28 00:00:00+00:00,test|video|trend,102236,5111,0,511,http://example.com/thumb.jpg,False,False,Test description,youtube,youtube_trending_kaggle,False,,,0,0,,,,,real,2022-12-28 00:00:00+00:00,1.0.0,5622,102236,5111,511,0,72.0,0.055,26418.0,1453.0,26418.0,1453.0,26418.0,1453.0,26418.0,4403.0,1137.83,2022-12-28,1,0,0.0,0.0,0.0,0.0,0.0,0,0.0,0.0,0,0.0,0.0,0.0,0.7894736842105263,0.7631578947368421,10,low_motion_slow_cuts_no_face_dark,,test|video|trend,213,207,0,1.35,0,1.82,0,2.45,2022-12-28,2022-12-29,2022-12-28,2022-12-30,2022-12-28,2022-12-31,0,0,0,102236,4403.0,0.02103800011914976,0.14727444217171368,0.02276699329312047,train,0
vid_0016,Test Video 16,2022-12-25 00:00:00+00:00,chan_6,Channel 6,23,2022-12-29 00:00:00+00:00,test|video|trend,137858,6892,0,689,http://example.com/thumb.jpg,False,False,Test description,youtube,youtube_trending_kaggle,False,,,0,0,,,,,real,2022-12-29 00:00:00+00:00,1.0.0,7581,137858,6892,689,0,96.0,0.055,35622.0,1959.0,35622.0,1959.0,35622.0,1959.0,35622.0,5937.0,1534.0,2022-12-29,1,0,0.0,0.0,0.0,0.0,0.0,0,0.0,0.0,0,0.0,0.0,0.0,0.8,0.8,10,low_motion_slow_cuts_no_face_dark,,test|video|trend,312,303,0,1.35,0,1.82,0,2.45,2022-12-29,2022-12-30,2022-12-29,2022-12-31,2022-12-29,2023-01-01,0,0,0,137858,5937.0,0.022456646716233472,0.14727444217171368,0.01996207520537506,train,0
vid_0016,Test Video 16,2022-12-25 00:00:00+00:00,chan_6,Channel 6,28,2022-12-30 00:00:00+00:00,test|video|trend,185893,9294,0,929,http://example.com/thumb.jpg,False,False,Test description,youtube,youtube_trending_kaggle,False,,,0,0,,,,,real,2022-12-30 00:00:00+00:00,1.0.0,10223,185893,9294,929,0,120.0,0.055,48035.0,2642.0,48035.0,2642.0,48035.0,2642.0,48035.0,8005.83,2068.83,2022-12-30,1,0,0.0,0.0,0.0,0.0,0.0,0,0.0,0.0,0,0.0,0.0,0.0,0.8,0.8,10,low_motion_slow_cuts_no_face_dark,,test|video|trend,347,337,0,1.35,0,1.82,1,2.45,2022-12-30,2022-12-31,2022-12-30,2023-01-01,2022-12-30,2023-01-02,0,0,0,185893,8005.83,0.7998622958935948,0.14727444217171368,0.7627007105973073,train,1
vid_0016,Test Video 16,2022-12-25 00:00:00+00:00,chan_6,Channel 6,26,2022-12-31 00:00:00+00:00,test|video|trend,250665,12533,0,1253,http://example.com/thumb.jpg,False,False,Test description,youtube,youtube_trending_kaggle,False,,,0,0,,,,,real,2022-12-31 00:00:00+00:00,1.0.0,13786,250665,12533,1253,0,144.0,0.055,64772.0,3563.0,64772.0,3563.0,64772.0,3563.0,64772.0,10795.33,2789.5,2022-12-31,1,0,0.0,0.0,0.0,0.0,0.0,0,0.0,0.0,0,0.0,0.0,0.0,0.8846153846153846,0.8461538461538461,10,low_motion_slow_cuts_no_face_dark,,test|video|trend,448,436,0,1.35,0,1.82,0,2.45,2022-12-31,2023-01-01,2022-12-31,2023-01-02,2022-12-31,2023-01-03,0,0,0,250665,10795.33,0.024485813201971587,0.14727444217171368,0.02616901112788772,train,0
vid_0016,Test Video 16,2022-12-25 00:00:00+00:00,chan_6,Channel 6,4,2023-01-01 00:00:00+00:00,test|video|trend,338006,16900,0,1690,http://example.com/thumb.jpg,False,False,Test description,youtube,youtube_trending_kaggle,False,,,0,0,,,,,real,2023-01-01 00:00:00+00:00,1.0.0,18590,338006,16900,1690,0,168.0,0.055,87341.0,4804.0,87341.0,4804.0,87341.0,4804.0,87341.0,14556.83,3761.5,2023-01-01,1,0,0.0,0.0,0.0,0.0,0.0,0,0.0,0.0,0,0.0,0.0,0.0,0.9473684210526315,0.9473684210526315,10,low_motion_slow_cuts_no_face_dark,,test|video|trend,506,491,0,1.35,0,1.82,0,1.82,2023-01-01,2023-01-02,2023-01-01,2023-01-03,2023-01-01,2023-01-04,0,0,0,338006,14556.83,0.0022147303916312355,0.14727444217171368,0.0025715216527724327,train,0
vid_0016,Test Video 16,2022-12-25 00:00:00+00:00,chan_6,Channel 6,7,2023-01-02 00:00:00+00:00,test|video|trend,455779,22788,0,2278,http://example.com/thumb.jpg,False,False,Test description,youtube,youtube_trending_kaggle,False,,,0,0,,,,,real,2023-01-02 00:00:00+00:00,1.0.0,25066,455779,22788,2278,0,192.0,0.055,117773.0,6476.0,117773.0,6476.0,117773.0,6476.0,117773.0,19628.83,5072.0,2023-01-02,1,0,0.0,0.0,0.0,0.0,0.0,0,0.0,0.0,0,0.0,0.0,0.0,1.0,1.0,10,low_motion_slow_cuts_no_face_dark,,test|video|trend,682,661,0,1.35,0,1.35,0,1.35,2023-01-02,2023-01-03,2023-01-02,2023-01-04,2023-01-02,2023-01-05,0,0,0,455779,19628.83,0.0013226086947136068,0.14727444217171368,0.0011496000764751985,train,0
vid_0016,Test Video 16,2022-12-25 00:00:00+00:00,chan_6,Channel 6,26,2023-01-03 00:00:00+00:00,test|video|trend,614588,30729,0,3072,http://example.com/thumb.jpg,False,False,Test description,youtube,youtube_trending_kaggle,False,,,0,0,,,,,real,2023-01-03 00:00:00+00:00,1.0.0,33801,614588,30729,3072,0,216.0,0.055,158809.0,8735.0,158809.0,8735.0,158809.0,8735.0,158809.0,26468.17,6839.34,2023-01-03,1,0,0.0,0.0,0.0,0.0,0.0,0,0.0,0.0,0,0.0,0.0,0.0,0.9807692307692307,0.9807692307692307,10,low_motion_slow_cuts_no_face_dark,,test|video|trend,743,720,0,1.0,0,1.0,0,1.0,2023-01-03,2023-01-04,2023-01-03,2023-01-05,2023-01-03,2023-01-06,0,0,0,614588,26468.17,0.006808080242211765,0.14727444217171368,0.006023642691354063,test,0
vid_0017,Test Video 17,2022-12-31 00:00:00+00:00,chan_7,Channel 7,26,2022-12-31 00:00:00+00:00,test|video|trend,31872,1593,0,159,http://example.com/thumb.jpg,False,False,Test description,youtube,youtube_trending_kaggle,False,,,0,0,,,,,real,2022-12-31 00:00:00+00:00,1.0.0,1752,31872,1593,159,0,0.0,0.055,0.0,0.0,0.0,0.0,0.0,0.0,0.0,0.0,0.0,,1,0,0.0,0.0,0.0,0.0,0.0,0,0.0,0.0,0,0.0,0.0,0.0,0.34615384615384615,0.08653846153846154,10,low_motion_slow_cuts_no_face_dark,,test|video|trend,445,433,0,1.19,0,1.42,0,1.69,2022-12-31,2023-01-01,2022-12-31,2023-01-02,2022-12-31,2023-01-03,0,0,0,31872,0.0,0.09850238248582151,0.14727444217171368,0.09087746050963438,train,0
vid_0017,Test Video 17,2022-12-31 00:00:00+00:00,chan_7,Channel 7,25,2023-01-01 00:00:00+00:00,test|video|trend,37987,1899,0,189,http://example.com/thumb.jpg,False,False,Test description,youtube,youtube_trending_kaggle,False,,,0,0,,,,,real,2023-01-01 00:00:00+00:00,1.0.0,2088,37987,1899,189,0,24.0,0.055,6115.0,336.0,6115.0,336.0,6115.0,336.0,6115.0,1019.17,0.0,2023-01-01,1,0,0.0,0.0,0.0,0.0,0.0,0,0.0,0.0,0,0.0,0.0,0.0,0.5135135135135135,0.5405405405405406,10,low_motion_slow_cuts_no_face_dark,,test|video|trend,508,493,0,1.19,0,1.42,0,1.69,2023-01-01,2023-01-02,2023-01-01,2023-01-03,2023-01-01,2023-01-04,0,0,0,37987,1019.17,0.0014965698568869255,0.14727444217171368,0.0027430261392532066,train,0
vid_0017,Test Video 17,2022-12-31 00:00:00+00:00,chan_7,Channel 7,20,2023-01-02 00:00:00+00:00,test|video|trend,45277,2263,0,226,http://example.com/thumb.jpg,False,False,Test description,youtube,youtube_trending_kaggle,False,,,0,0,,,,,real,2023-01-02 00:00:00+00:00,1.0.0,2489,45277,2263,226,0,48.0,0.055,7290.0,401.0,7290.0,401.0,7290.0,401.0,7290.0,1215.0,195.83,2023-01-02,1,0,0.0,0.0,0.0,0.0,0.0,0,0.0,0.0,0,0.0,0.0,0.0,0.5161290322580645,0.5806451612903226,10,low_motion_slow_cuts_no_face_dark,,test|video|trend,632,612,0,1.19,0,1.42,0,1.69,2023-01-02,2023-01-03,2023-01-02,2023-01-04,2023-01-02,2023-01-05,0,0,0,45277,1215.0,0.000611833569018832,0.14727444217171368,0.0007758226025081491,train,0
vid_0017,Test Video 17,2022-12-31 00:00:00+00:00,chan_7,Channel 7,27,2023-01-03 00:00:00+00:00,test|video|trend,53965,2698,0,269,http://example.com/thumb.jpg,False,False,Test description,youtube,youtube_trending_kaggle,False,,,0,0,,,,,real,2023-01-03 00:00:00+00:00,1.0.0,2967,53965,2698,269,0,72.0,0.055,8688.0,478.0,8688.0,478.0,8688.0,478.0,8688.0,1448.0,233.0,2023-01-03,1,0,0.0,0.0,0.0,0.0,0.0,0,0.0,0.0,0,0.0,0.0,0.0,0.5757575757575758,0.5151515151515151,10,low_motion_slow_cuts_no_face_dark,,test|video|trend,759,736,0,1.19,0,1.42,0,1.69,2023-01-03,2023-01-04,2023-01-03,2023-01-05,2023-01-03,2023-01-06,0,0,0,53965,1448.0,3.471644745530762e-05,0.14727444217171368,3.836309560252905e-05,test,0
vid_0017,Test Video 17,2022-12-31 00:00:00+00:00,chan_7,Channel 7,13,2023-01-04 00:00:00+00:00,test|video|trend,64321,3216,0,321,http://example.com/thumb.jpg,False,False,Test description,youtube,youtube_trending_kaggle,False,,,0,0,,,,,real,2023-01-04 00:00:00+00:00,1.0.0,3537,64321,3216,321,0,96.0,0.055,10356.0,570.0,10356.0,570.0,10356.0,570.0,10356.0,1726.0,278.0,2023-01-04,1,0,0.0,0.0,0.0,0.0,0.0,0,0.0,0.0,0,0.0,0.0,0.0,0.5,0.46875,10,low_motion_slow_cuts_no_face_dark,,test|video|trend,779,756,0,1.19,0,1.42,0,1.69,2023-01-04,2023-01-05,2023-01-04,2023-01-06,2023-01-04,2023-01-07,0,0,0,64321,1726.0,5.987829374946036e-05,0.14727444217171368,3.274353104415615e-05,test,0
vid_0017,Test Video 17,2022-12-31 00:00:00+00:00,chan_7,Channel 7,22,2023-01-05 00:00:00+00:00,test|video|trend,76663,3833,0,383,http://example.com/thumb.jpg,False,False,Test description,youtube,youtube_trending_kaggle,False,,,0,0,,,,,real,2023-01-05 00:00:00+00:00,1.0.0,4216,76663,3833,383,0,120.0,0.055,12342.0,679.0,12342.0,679.0,12342.0,679.0,12342.0,2057.0,331.0,2023-01-05,1,0,0.0,0.0,0.0,0.0,0.0,0,0.0,0.0,0,0.0,0.0,0.0,0.65625,0.65625,10,low_motion_slow_cuts_no_face_dark,,test|video|trend,866,840,0,1.19,0,1.42,0,1.69,2023-01-05,2023-01-06,2023-01-05,2023-01-07,2023-01-05,2023-01-08,0,0,0,76663,2057.0,0.00010546344892735867,0.14727444217171368,0.00016678593459203405,test,0
vid_0017,Test Video 17,2022-12-31 00:00:00+00:00,chan_7,Channel 7,5,2023-01-06 00:00:00+00:00,test|video|trend,91374,4568,0,456,http://example.com/thumb.jpg,False,False,Test description,youtube,youtube_trending_kaggle,False,,,0,0,,,,,real,2023-01-06 00:00:00+00:00,1.0.0,5024,91374,4568,456,0,144.0,0.055,14711.0,808.0,14711.0,808.0,14711.0,808.0,14711.0,2451.83,394.83,2023-01-06,1,0,0.0,0.0,0.0,0.0,0.0,0,0.0,0.0,0,0.0,0.0,0.0,0.7096774193548387,0.6129032258064516,10,low_motion_slow_cuts_no_face_dark,,test|video|trend,923,894,0,1.19,0,1.42,0,1.69,2023-01-06,2023-01-07,2023-01-06,2023-01-08,2023-01-06,2023-01-09,0,0,0,91374,2451.83,1.6446411146050583e-05,0.14727444217171368,1.131165325029621e-05,test,0
vid_0017,Test Video 17,2022-12-31 00:00:00+00:00,chan_7,Channel 7,27,2023-01-07 00:00:00+00:00,test|video|trend,108908,5445,0,544,http://example.com/thumb.jpg,False,False,Test description,youtube,youtube_trending_kaggle,False,,,0,0,,,,,real,2023-01-07 00:00:00+00:00,1.0.0,5989,108908,5445,544,0,168.0,0.055,17534.0,965.0,17534.0,965.0,17534.0,965.0,17534.0,2922.33,470.5,2023-01-07,1,0,0.0,0.0,0.0,0.0,0.0,0,0.0,0.0,0,0.0,0.0,0.0,0.8484848484848485,0.7575757575757576,10,low_motion_slow_cuts_no_face_dark,,test|video|trend,938,909,0,1.19,0,1.42,0,1.42,2023-01-07,2023-01-08,2023-01-07,2023-01-09,2023-01-07,2023-01-10,0,0,0,108908,2922.33,0.0003381962741672698,0.14727444217171368,0.0003656730203320467,test,0
vid_0017,Test Video 17,2022-12-31 00:00:00+00:00,chan_7,Channel 7,29,2023-01-08 00:00:00+00:00,test|video|trend,129807,6490,0,649,http://example.com/thumb.jpg,False,False,Test description,youtube,youtube_trending_kaggle,False,,,0,0,,,,,real,2023-01-08 00:00:00+00:00,1.0.0,7139,129807,6490,649,0,192.0,0.055,20899.0,1150.0,20899.0,1150.0,20899.0,1150.0,20899.0,3483.17,560.84,2023-01-08,1,0,0.0,0.0,0.0,0.0,0.0,0,0.0,0.0,0,0.0,0.0,0.0,0.8064516129032258,0.6451612903225806,10,low_motion_slow_cuts_no_face_dark,,test|video|trend,981,951,0,1.19,0,1.19,0,1.19,2023-01-08,2023-01-09,2023-01-08,2023-01-10,2023-01-08,2023-01-11,0,0,0,129807,3483.17,0.00024910495561074797,0.14727444217171368,0.00022610441878765178,test,0
vid_0017,Test Video 17,2022-12-31 00:00:00+00:00,chan_7,Channel 7,5,2023-01-09 00:00:00+00:00,test|video|trend,154716,7735,0,773,http://example.com/thumb.jpg,False,False,Test description,youtube,youtube_trending_kaggle,False,,,0,0,,,,,real,2023-01-09 00:00:00+00:00,1.0.0,8508,154716,7735,773,0,216.0,0.055,24909.0,1369.0,24909.0,1369.0,24909.0,1369.0,24909.0,4151.5,668.33,2023-01-09,1,0,0.0,0.0,0.0,0.0,0.0,0,0.0,0.0,0,0.0,0.0,0.0,0.8064516129032258,0.7741935483870968,10,low_motion_slow_cuts_no_face_dark,,test|video|trend,996,966,0,1.0,0,1.0,0,1.0,2023-01-09,2023-01-10,2023-01-09,2023-01-11,2023-01-09,2023-01-12,0,0,0,154716,4151.5,0.0008168083021608222,0.14727444217171368,0.0008023279534661639,test,0
vid_0018,Test Video 18,2022-12-24 00:00:00+00:00,chan_8,Channel 8,2,2022-12-24 00:00:00+00:00,test|video|trend,7796,389,0,38,http://example.com/thumb.jpg,False,False,Test description,youtube,youtube_trending_kaggle,False,,,0,0,,,,,real,2022-12-24 00:00:00+00:00,1.0.0,427,7796,389,38,0,0.0,0.0548,0.0,0.0,0.0,0.0,0.0,0.0,0.0,0.0,0.0,,1,0,0.0,0.0,0.0,0.0,0.0,0,0.0,0.0,0,0.0,0.0,0.0,0.16216216216216217,0.05405405405405406,10,low_motion_slow_cuts_no_face_dark,,test|video|trend,27,26,0,1.21,0,1.46,0,1.77,2022-12-24,2022-12-25,2022-12-24,2022-12-26,2022-12-24,2022-12-27,0,0,0,7796,0.0,0.04708285145480832,0.14727444217171368,0.039185479339011384,train,0
vid_0018,Test Video 18,2022-12-24 00:00:00+00:00,chan_8,Channel 8,6,2022-12-25 00:00:00+00:00,test|video|trend,9426,471,0,47,http://example.com/thumb.jpg,False,False,Test description,youtube,youtube_trending_kaggle,False,,,0,0,,,,,real,2022-12-25 00:00:00+00:00,1.0.0,518,9426,471,47,0,24.0,0.055,1630.0,91.0,1630.0,91.0,1630.0,91.0,1630.0,271.67,0.0,2022-12-25,1,0,0.0,0.0,0.0,0.0,0.0,0,0.0,0.0,0,0.0,0.0,0.0,0.13157894736842105,0.23684210526315788,10,low_motion_slow_cuts_no_face_dark,,test|video|trend,44,43,0,1.21,0,1.46,0,1.77,2022-12-25,2022-12-26,2022-12-25,2022-12-27,2022-12-25,2022-12-28,0,0,0,9426,271.67,0.008105241025758374,0.14727444217171368,0.012664876368648102,train,0
vid_0018,Test Video 18,2022-12-24 00:00:00+00:00,chan_8,Channel 8,14,2022-12-26 00:00:00+00:00,test|video|trend,11397,569,0,56,http://example.com/thumb.jpg,False,False,Test description,youtube,youtube_trending_kaggle,False,,,0,0,,,,,real,2022-12-26 00:00:00+00:00,1.0.0,625,11397,569,56,0,48.0,0.0548,1971.0,107.0,1971.0,107.0,1971.0,107.0,1971.0,328.5,56.83,2022-12-26,1,0,0.0,0.0,0.0,0.0,0.0,0,0.0,0.0,0,0.0,0.0,0.0,0.1388888888888889,0.2777777777777778,10,low_motion_slow_cuts_no_face_dark,,test|video|trend,75,73,0,1.21,0,1.46,0,1.77,2022-12-26,2022-12-27,2022-12-26,2022-12-28,2022-12-26,2022-12-29,0,0,0,11397,328.5,0.012745519906645799,0.14727444217171368,0.009572710755550192,train,0
vid_0018,Test Video 18,2022-12-24 00:00:00+00:00,chan_8,Channel 8,28,2022-12-27 00:00:00+00:00,test|video|trend,13780,689,0,68,http://example.com/thumb.jpg,False,False,Test description,youtube,youtube_trending_kaggle,False,,,0,0,,,,,real,2022-12-27 00:00:00+00:00,1.0.0,757,13780,689,68,0,72.0,0.0549,2383.0,132.0,2383.0,132.0,2383.0,132.0,2383.0,397.17,68.67,2022-12-27,1,0,0.0,0.0,0.0,0.0,0.0,0,0.0,0.0,0,0.0,0.0,0.0,0.16666666666666666,0.23333333333333334,10,low_motion_slow_cuts_no_face_dark,,test|video|trend,134,131,0,1.21,0,1.46,0,1.77,2022-12-27,2022-12-28,2022-12-27,2022-12-29,2022-12-27,2022-12-30,0,0,0,13780,397.17,0.008196567313115717,0.14727444217171368,0.006377508747217139,train,0
vid_0018,Test Video 18,2022-12-24 00:00:00+00:00,chan_8,Channel 8,25,2022-12-28 00:00:00+00:00,test|video|trend,16661,833,0,83,http://example.com/thumb.jpg,False,False,Test description,youtube,youtube_trending_kaggle,False,,,0,0,,,,,real,2022-12-28 00:00:00+00:00,1.0.0,916,16661,833,83,0,96.0,0.055,2881.0,159.0,2881.0,159.0,2881.0,159.0,2881.0,480.17,83.0,2022-12-28,1,0,0.0,0.0,0.0,0.0,0.0,0,0.0,0.0,0,0.0,0.0,0.0,0.24324324324324326,0.3783783783783784,10,low_motion_slow_cuts_no_face_dark,,test|video|trend,210,204,0,1.21,0,1.46,0,1.77,2022-12-28,2022-12-29,2022-12-28,2022-12-30,2022-12-28,2022-12-31,0,0,0,16661,480.17,0.0025300138179447113,0.14727444217171368,0.002101681873736658,train,0
vid_0018,Test Video 18,2022-12-24 00:00:00+00:00,chan_8,Channel 8,25,2022-12-29 00:00:00+00:00,test|video|trend,20145,1007,0,100,http://example.com/thumb.jpg,False,False,Test description,youtube,youtube_trending_kaggle,False,,,0,0,,,,,real,2022-12-29 00:00:00+00:00,1.0.0,1107,20145,1007,100,0,120.0,0.055,3484.0,191.0,3484.0,191.0,3484.0,191.0,3484.0,580.67,100.5,2022-12-29,1,0,0.0,0.0,0.0,0.0,0.0,0,0.0,0.0,0,0.0,0.0,0.0,0.32432432432432434,0.4864864864864865,10,low_motion_slow_cuts_no_face_dark,,test|video|trend,288,282,0,1.21,0,1.46,0,1.77,2022-12-29,2022-12-30,2022-12-29,2022-12-31,2022-12-29,2023-01-01,0,0,0,20145,580.67,0.003333910603121678,0.14727444217171368,0.0051344363800437855,train,0
vid_0018,Test Video 18,2022-12-24 00:00:00+00:00,chan_8,Channel 8,17,2022-12-30 00:00:00+00:00,test|video|trend,24357,1217,0,121,http://example.com/thumb.jpg,False,False,Test description,youtube,youtube_trending_kaggle,False,,,0,0,,,,,real,2022-12-30 00:00:00+00:00,1.0.0,1338,24357,1217,121,0,144.0,0.0549,4212.0,231.0,4212.0,231.0,4212.0,231.0,4212.0,702.0,121.33,2022-12-30,1,0,0.0,0.0,0.0,0.0,0.0,0,0.0,0.0,0,0.0,0.0,0.0,0.2571428571428571,0.2857142857142857,10,low_motion_slow_cuts_no_face_dark,,test|video|trend,333,323,0,1.21,0,1.46,0,1.77,2022-12-30,2022-12-31,2022-12-30,2023-01-01,2022-12-30,2023-01-02,0,0,0,24357,702.0,0.00012923389243106628,0.14727444217171368,0.00034716478131462233,train,0
vid_0018,Test Video 18,2022-12-24 00:00:00+00:00,chan_8,Channel 8,9,2022-12-31 00:00:00+00:00,test|video|trend,29450,1472,0,147,http://example.com/thumb.jpg,False,False,Test description,youtube,youtube_trending_kaggle,False,,,0,0,,,,,real,2022-12-31 00:00:00+00:00,1.0.0,1619,29450,1472,147,0,168.0,0.055,5093.0,281.0,5093.0,281.0,5093.0,281.0,5093.0,848.83,146.83,2022-12-31,1,0,0.0,0.0,0.0,0.0,0.0,0,0.0,0.0,0,0.0,0.0,0.0,0.45454545454545453,0.6363636363636364,10,low_motion_slow_cuts_no_face_dark,,test|video|trend,401,389,0,1.21,0,1.46,0,1.46,2022-12-31,2023-01-01,2022-12-31,2023-01-02,2022-12-31,2023-01-03,0,0,0,29450,848.83,0.0003710810592688105,0.14727444217171368,0.0004485972300415996,train,0
vid_0018,Test Video 18,2022-12-24 00:00:00+00:00,chan_8,Channel 8,4,2023-01-01 00:00:00+00:00,test|video|trend,35608,1780,0,178,http://example.com/thumb.jpg,False,False,Test description,youtube,youtube_trending_kaggle,False,,,0,0,,,,,real,2023-01-01 00:00:00+00:00,1.0.0,1958,35608,1780,178,0,192.0,0.055,6158.0,339.0,6158.0,339.0,6158.0,339.0,6158.0,1026.33,177.5,2023-01-01,1,0,0.0,0.0,0.0,0.0,0.0,0,0.0,0.0,0,0.0,0.0,0.0,0.3684210526315789,0.4473684210526316,10,low_motion_slow_cuts_no_face_dark,,test|video|trend,591,574,0,1.21,0,1.21,0,1.21,2023-01-01,2023-01-02,2023-01-01,2023-01-03,2023-01-01,2023-01-04,0,0,0,35608,1026.33,1.8792082583139216e-05,0.14727444217171368,1.9583230373187515e-05,train,0
vid_0018,Test Video 18,2022-12-24 00:00:00+00:00,chan_8,Channel 8,20,2023-01-02 00:00:00+00:00,test|video|trend,43054,2152,0,215,http://example.com/thumb.jpg,False,False,Test description,youtube,youtube_trending_kaggle,False,,,0,0,,,,,real,2023-01-02 00:00:00+00:00,1.0.0,2367,43054,2152,215,0,216.0,0.055,7446.0,409.0,7446.0,409.0,7446.0,409.0,7446.0,1241.0,214.67,2023-01-02,1,0,0.0,0.0,0.0,0.0,0.0,0,0.0,0.0,0,0.0,0.0,0.0,0.45161290322580644,0.6129032258064516,10,low_motion_slow_cuts_no_face_dark,,test|video|trend,643,623,0,1.0,0,1.0,0,1.0,2023-01-02,2023-01-03,2023-01-02,2023-01-04,2023-01-02,2023-01-05,0,0,0,43054,1241.0,6.176296464982916e-05,0.14727444217171368,3.078673120391952e-05,train,0
vid_0019,Test Video 19,2022-12-27 00:00:00+00:00,chan_9,Channel 9,6,2022-12-27 00:00:00+00:00,test|video|trend,44563,2228,0,222,http://example.com/thumb.jpg,False,False,Test description,youtube,youtube_trending_kaggle,False,,,0,0,,,,,real,2022-12-27 00:00:00+00:00,1.0.0,2450,44563,2228,222,0,0.0,0.055,0.0,0.0,0.0,0.0,0.0,0.0,0.0,0.0,0.0,,1,0,0.0,0.0,0.0,0.0,0.0,0,0.0,0.0,0,0.0,0.0,0.0,0.5,0.05263157894736842,10,low_motion_slow_cuts_no_face_dark,,test|video|trend,130,127,0,1.01,0,1.03,0,1.04,2022-12-27,2022-12-28,2022-12-27,2022-12-29,2022-12-27,2022-12-30,0,0,0,44563,0.0,0.09164499454096947,0.14727444217171368,0.09265501270261439,train,0
vid_0019,Test Video 19,2022-12-27 00:00:00+00:00,chan_9,Channel 9,4,2022-12-28 00:00:00+00:00,test|video|trend,45194,2259,0,225,http://example.com/thumb.jpg,False,False,Test description,youtube,youtube_trending_kaggle,False,,,0,0,,,,,real,2022-12-28 00:00:00+00:00,1.0.0,2484,45194,2259,225,0,24.0,0.055,631.0,34.0,631.0,34.0,631.0,34.0,631.0,105.17,0.0,2022-12-28,1,0,0.0,0.0,0.0,0.0,0.0,0,0.0,0.0,0,0.0,0.0,0.0,0.42105263157894735,0.23684210526315788,10,low_motion_slow_cuts_no_face_dark,,test|video|trend,203,197,0,1.01,0,1.03,0,1.04,2022-12-28,2022-12-29,2022-12-28,2022-12-30,2022-12-28,2022-12-31,0,0,0,45194,105.17,0.00021166019690114344,0.14727444217171368,0.00019175990055366626,train,0
vid_0019,Test Video 19,2022-12-27 00:00:00+00:00,chan_9,Channel 9,7,2022-12-29 00:00:00+00:00,test|video|trend,45834,2291,0,229,http://example.com/thumb.jpg,False,False,Test description,youtube,youtube_trending_kaggle,False,,,0,0,,,,,real,2022-12-29 00:00:00+00:00,1.0.0,2520,45834,2291,229,0,48.0,0.055,640.0,36.0,640.0,36.0,640.0,36.0,640.0,106.67,1.5,2022-12-29,1,0,0.0,0.0,0.0,0.0,0.0,0,0.0,0.0,0,0.0,0.0,0.0,0.4864864864864865,0.24324324324324326,10,low_motion_slow_cuts_no_face_dark,,test|video|trend,294,287,0,1.01,0,1.03,0,1.04,2022-12-29,2022-12-30,2022-12-29,2022-12-31,2022-12-29,2023-01-01,0,0,0,45834,106.67,0.0014955708740685798,0.14727444217171368,0.00236541396800326,train,0
vid_0019,Test Video 19,2022-12-27 00:00:00+00:00,chan_9,Channel 9,1,2022-12-30 00:00:00+00:00,test|video|trend,46484,2324,0,232,http://example.com/thumb.jpg,False,False,Test description,youtube,youtube_trending_kaggle,False,,,0,0,,,,,real,2022-12-30 00:00:00+00:00,1.0.0,2556,46484,2324,232,0,72.0,0.055,650.0,36.0,650.0,36.0,650.0,36.0,650.0,108.33,1.66,2022-12-30,1,0,0.0,0.0,0.0,0.0,0.0,0,0.0,0.0,0,0.0,0.0,0.0,0.6060606060606061,0.2727272727272727,10,low_motion_slow_cuts_no_face_dark,,test|video|trend,353,343,0,1.01,0,1.03,0,1.04,2022-12-30,2022-12-31,2022-12-30,2023-01-01,2022-12-30,2023-01-02,0,0,0,46484,108.33,0.000562222441243142,0.14727444217171368,0.000623004714360995,train,0
vid_0019,Test Video 19,2022-12-27 00:00:00+00:00,chan_9,Channel 9,24,2022-12-31 00:00:00+00:00,test|video|trend,47143,2357,0,235,http://example.com/thumb.jpg,False,False,Test description,youtube,youtube_trending_kaggle,False,,,0,0,,,,,real,2022-12-31 00:00:00+00:00,1.0.0,2592,47143,2357,235,0,96.0,0.055,659.0,36.0,659.0,36.0,659.0,36.0,659.0,109.83,1.5,2022-12-31,1,0,0.0,0.0,0.0,0.0,0.0,0,0.0,0.0,0,0.0,0.0,0.0,0.4888888888888889,0.24444444444444444,10,low_motion_slow_cuts_no_face_dark,,test|video|trend,403,391,0,1.01,0,1.03,0,1.04,2022-12-31,2023-01-01,2022-12-31,2023-01-02,2022-12-31,2023-01-03,0,0,0,47143,109.83,0.0019465658000532918,0.14727444217171368,0.0010011982688160447,train,0
vid_0019,Test Video 19,2022-12-27 00:00:00+00:00,chan_9,Channel 9,10,2023-01-01 00:00:00+00:00,test|video|trend,47811,2390,0,239,http://example.com/thumb.jpg,False,False,Test description,youtube,youtube_trending_kaggle,False,,,0,0,,,,,real,2023-01-01 00:00:00+00:00,1.0.0,2629,47811,2390,239,0,120.0,0.055,668.0,37.0,668.0,37.0,668.0,37.0,668.0,111.33,1.5,2023-01-01,1,0,0.0,0.0,0.0,0.0,0.0,0,0.0,0.0,0,0.0,0.0,0.0,0.48484848484848486,0.12121212121212122,10,low_motion_slow_cuts_no_face_dark,,test|video|trend,580,563,0,1.01,0,1.03,0,1.04,2023-01-01,2023-01-02,2023-01-01,2023-01-03,2023-01-01,2023-01-04,0,0,0,47811,111.33,0.0003131675285411318,0.14727444217171368,0.0002201607593769593,train,0
vid_0019,Test Video 19,2022-12-27 00:00:00+00:00,chan_9,Channel 9,20,2023-01-02 00:00:00+00:00,test|video|trend,48488,2424,0,242,http://example.com/thumb.jpg,False,False,Test description,youtube,youtube_trending_kaggle,False,,,0,0,,,,,real,2023-01-02 00:00:00+00:00,1.0.0,2666,48488,2424,242,0,144.0,0.055,677.0,37.0,677.0,37.0,677.0,37.0,677.0,112.83,1.5,2023-01-02,1,0,0.0,0.0,0.0,0.0,0.0,0,0.0,0.0,0,0.0,0.0,0.0,0.5806451612903226,0.16129032258064516,10,low_motion_slow_cuts_no_face_dark,,test|video|trend,645,625,0,1.01,0,1.03,0,1.04,2023-01-02,2023-01-03,2023-01-02,2023-01-04,2023-01-02,2023-01-05,0,0,0,48488,112.83,7.312174099363679e-05,0.14727444217171368,0.0001068460755418902,train,0
vid_0019,Test Video 19,2022-12-27 00:00:00+00:00,chan_9,Channel 9,20,2023-01-03 00:00:00+00:00,test|video|trend,49175,2458,0,245,http://example.com/thumb.jpg,False,False,Test description,youtube,youtube_trending_kaggle,False,,,0,0,,,,,real,2023-01-03 00:00:00+00:00,1.0.0,2703,49175,2458,245,0,168.0,0.055,687.0,37.0,687.0,37.0,687.0,37.0,687.0,114.5,1.67,2023-01-03,1,0,0.0,0.0,0.0,0.0,0.0,0,0.0,0.0,0,0.0,0.0,0.0,0.6129032258064516,0.1935483870967742,10,low_motion_slow_cuts_no_face_dark,,test|video|trend,739,716,0,1.01,0,1.03,0,1.03,2023-01-03,2023-01-04,2023-01-03,2023-01-05,2023-01-03,2023-01-06,0,0,0,49175,114.5,0.0004200359110869265,0.14727444217171368,0.00021251775355271256,test,0
vid_0019,Test Video 19,2022-12-27 00:00:00+00:00,chan_9,Channel 9,14,2023-01-04 00:00:00+00:00,test|video|trend,49872,2493,0,249,http://example.com/thumb.jpg,False,False,Test description,youtube,youtube_trending_kaggle,False,,,0,0,,,,,real,2023-01-04 00:00:00+00:00,1.0.0,2742,49872,2493,249,0,192.0,0.055,697.0,39.0,697.0,39.0,697.0,39.0,697.0,116.17,1.67,2023-01-04,1,0,0.0,0.0,0.0,0.0,0.0,0,0.0,0.0,0,0.0,0.0,0.0,0.4722222222222222,0.19444444444444445,10,low_motion_slow_cuts_no_face_dark,,test|video|trend,797,773,0,1.01,0,1.01,0,1.01,2023-01-04,2023-01-05,2023-01-04,2023-01-06,2023-01-04,2023-01-07,0,0,0,49872,116.17,0.0001933156526466898,0.14727444217171368,0.00012922916409442738,test,0
vid_0019,Test Video 19,2022-12-27 00:00:00+00:00,chan_9,Channel 9,19,2023-01-05 00:00:00+00:00,test|video|trend,50579,2528,0,252,http://example.com/thumb.jpg,False,False,Test description,youtube,youtube_trending_kaggle,False,,,0,0,,,,,real,2023-01-05 00:00:00+00:00,1.0.0,2780,50579,2528,252,0,216.0,0.055,707.0,38.0,707.0,38.0,707.0,38.0,707.0,117.83,1.66,2023-01-05,1,0,0.0,0.0,0.0,0.0,0.0,0,0.0,0.0,0,0.0,0.0,0.0,0.5,0.16666666666666666,10,low_motion_slow_cuts_no_face_dark,,test|video|trend,859,833,0,1.0,0,1.0,0,1.0,2023-01-05,2023-01-06,2023-01-05,2023-01-07,2023-01-05,2023-01-08,0,0,0,50579,117.83,0.00025580713744018915,0.14727444217171368,0.00013150749877802187,test,0
vid_0020,Test Video 20,2022-12-23 00:00:00+00:00,chan_0,Channel 0,26,2022-12-23 00:00:00+00:00,test|video|trend,10059,502,0,50,http://example.com/thumb.jpg,False,False,Test description,youtube,youtube_trending_kaggle,False,,,0,0,,,,,real,2022-12-23 00:00:00+00:00,1.0.0,552,10059,502,50,0,0.0,0.0549,0.0,0.0,0.0,0.0,0.0,0.0,0.0,0.0,0.0,,1,0,0.0,0.0,0.0,0.0,0.0,0,0.0,0.0,0,0.0,0.0,0.0,0.07692307692307693,0.08653846153846154,10,low_motion_slow_cuts_no_face_dark,,test|video|trend,11,11,0,1.11,0,1.24,0,1.37,2022-12-23,2022-12-24,2022-12-23,2022-12-25,2022-12-23,2022-12-26,0,0,0,10059,0.0,0.01572578512121276,0.14727444217171368,0.010328091647478322,train,0
vid_0020,Test Video 20,2022-12-23 00:00:00+00:00,chan_0,Channel 0,9,2022-12-24 00:00:00+00:00,test|video|trend,11182,559,0,55,http://example.com/thumb.jpg,False,False,Test description,youtube,youtube_trending_kaggle,False,,,0,0,,,,,real,2022-12-24 00:00:00+00:00,1.0.0,614,11182,559,55,0,24.0,0.0549,1123.0,62.0,1123.0,62.0,1123.0,62.0,1123.0,187.17,0.0,2022-12-24,1,0,0.0,0.0,0.0,0.0,0.0,0,0.0,0.0,0,0.0,0.0,0.0,0.15151515151515152,0.2727272727272727,10,low_motion_slow_cuts_no_face_dark,,test|video|trend,28,27,0,1.11,0,1.24,0,1.37,2022-12-24,2022-12-25,2022-12-24,2022-12-26,2022-12-24,2022-12-27,0,0,0,11182,187.17,0.0032860702906762295,0.14727444217171368,0.006083594298279919,train,0
vid_0020,Test Video 20,2022-12-23 00:00:00+00:00,chan_0,Channel 0,10,2022-12-25 00:00:00+00:00,test|video|trend,12432,621,0,62,http://example.com/thumb.jpg,False,False,Test description,youtube,youtube_trending_kaggle,False,,,0,0,,,,,real,2022-12-25 00:00:00+00:00,1.0.0,683,12432,621,62,0,48.0,0.0549,1250.0,69.0,1250.0,69.0,1250.0,69.0,1250.0,208.33,21.16,2022-12-25,1,0,0.0,0.0,0.0,0.0,0.0,0,0.0,0.0,0,0.0,0.0,0.0,0.15151515151515152,0.18181818181818182,10,low_motion_slow_cuts_no_face_dark,,test|video|trend,36,35,0,1.11,0,1.24,0,1.37,2022-12-25,2022-12-26,2022-12-25,2022-12-27,2022-12-25,2022-12-28,0,0,0,12432,208.33,0.0013873179926337492,0.14727444217171368,0.0015633364290710402,train,0
vid_0020,Test Video 20,2022-12-23 00:00:00+00:00,chan_0,Channel 0,12,2022-12-26 00:00:00+00:00,test|video|trend,13821,691,0,69,http://example.com/thumb.jpg,False,False,Test description,youtube,youtube_trending_kaggle,False,,,0,0,,,,,real,2022-12-26 00:00:00+00:00,1.0.0,760,13821,691,69,0,72.0,0.055,1389.0,77.0,1389.0,77.0,1389.0,77.0,1389.0,231.5,23.17,2022-12-26,1,0,0.0,0.0,0.0,0.0,0.0,0,0.0,0.0,0,0.0,0.0,0.0,0.2,0.3,10,low_motion_slow_cuts_no_face_dark,,test|video|trend,88,85,0,1.11,0,1.24,0,1.37,2022-12-26,2022-12-27,2022-12-26,2022-12-28,2022-12-26,2022-12-29,0,0,0,13821,231.5,0.001297186368703118,0.14727444217171368,0.000957337255507285,train,0
vid_0020,Test Video 20,2022-12-23 00:00:00+00:00,chan_0,Channel 0,4,2022-12-27 00:00:00+00:00,test|video|trend,15365,768,0,76,http://example.com/thumb.jpg,False,False,Test description,youtube,youtube_trending_kaggle,False,,,0,0,,,,,real,2022-12-27 00:00:00+00:00,1.0.0,844,15365,768,76,0,96.0,0.0549,1544.0,84.0,1544.0,84.0,1544.0,84.0,1544.0,257.33,25.83,2022-12-27,1,0,0.0,0.0,0.0,0.0,0.0,0,0.0,0.0,0,0.0,0.0,0.0,0.07894736842105263,0.2894736842105263,10,low_motion_slow_cuts_no_face_dark,,test|video|trend,123,120,0,1.11,0,1.24,0,1.37,2022-12-27,2022-12-28,2022-12-27,2022-12-29,2022-12-27,2022-12-30,0,0,0,15365,257.33,0.0002566830846721175,0.14727444217171368,0.0002307976983401653,train,0
vid_0020,Test Video 20,2022-12-23 00:00:00+00:00,chan_0,Channel 0,1,2022-12-28 00:00:00+00:00,test|video|trend,17082,854,0,85,http://example.com/thumb.jpg,False,False,Test description,youtube,youtube_trending_kaggle,False,,,0,0,,,,,real,2022-12-28 00:00:00+00:00,1.0.0,939,17082,854,85,0,120.0,0.055,1717.0,95.0,1717.0,95.0,1717.0,95.0,1717.0,286.17,28.84,2022-12-28,1,0,0.0,0.0,0.0,0.0,0.0,0,0.0,0.0,0,0.0,0.0,0.0,0.2727272727272727,0.36363636363636365,10,low_motion_slow_cuts_no_face_dark,,test|video|trend,228,222,0,1.11,0,1.24,0,1.37,2022-12-28,2022-12-29,2022-12-28,2022-12-30,2022-12-28,2022-12-31,0,0,0,17082,286.17,0.00014115828401414776,0.14727444217171368,0.00019782841094197074,train,0
vid_0020,Test Video 20,2022-12-23 00:00:00+00:00,chan_0,Channel 0,3,2022-12-29 00:00:00+00:00,test|video|trend,18991,949,0,94,http://example.com/thumb.jpg,False,False,Test description,youtube,youtube_trending_kaggle,False,,,0,0,,,,,real,2022-12-29 00:00:00+00:00,1.0.0,1043,18991,949,94,0,144.0,0.0549,1909.0,104.0,1909.0,104.0,1909.0,104.0,1909.0,318.17,32.0,2022-12-29,1,0,0.0,0.0,0.0,0.0,0.0,0,0.0,0.0,0,0.0,0.0,0.0,0.28205128205128205,0.2564102564102564,10,low_motion_slow_cuts_no_face_dark,,test|video|trend,311,302,0,1.11,0,1.24,0,1.37,2022-12-29,2022-12-30,2022-12-29,2022-12-31,2022-12-29,2023-01-01,0,0,0,18991,318.17,9.870119667038709e-05,0.14727444217171368,8.585005878849776e-05,train,0
vid_0020,Test Video 20,2022-12-23 00:00:00+00:00,chan_0,Channel 0,27,2022-12-30 00:00:00+00:00,test|video|trend,21113,1055,0,105,http://example.com/thumb.jpg,False,False,Test description,youtube,youtube_trending_kaggle,False,,,0,0,,,,,real,2022-12-30 00:00:00+00:00,1.0.0,1160,21113,1055,105,0,168.0,0.0549,2122.0,117.0,2122.0,117.0,2122.0,117.0,2122.0,353.67,35.5,2022-12-30,1,0,0.0,0.0,0.0,0.0,0.0,0,0.0,0.0,0,0.0,0.0,0.0,0.2727272727272727,0.30303030303030304,10,low_motion_slow_cuts_no_face_dark,,test|video|trend,362,352,0,1.11,0,1.24,0,1.24,2022-12-30,2022-12-31,2022-12-30,2023-01-01,2022-12-30,2023-01-02,0,0,0,21113,353.67,4.5085480572620245e-05,0.14727444217171368,3.229128088446701e-05,train,0
vid_0020,Test Video 20,2022-12-23 00:00:00+00:00,chan_0,Channel 0,22,2022-12-31 00:00:00+00:00,test|video|trend,23472,1173,0,117,http://example.com/thumb.jpg,False,False,Test description,youtube,youtube_trending_kaggle,False,,,0,0,,,,,real,2022-12-31 00:00:00+00:00,1.0.0,1290,23472,1173,117,0,192.0,0.055,2359.0,130.0,2359.0,130.0,2359.0,130.0,2359.0,393.17,39.5,2022-12-31,1,0,0.0,0.0,0.0,0.0,0.0,0,0.0,0.0,0,0.0,0.0,0.0,0.28125,0.25,10,low_motion_slow_cuts_no_face_dark,,test|video|trend,405,393,0,1.11,0,1.11,0,1.11,2022-12-31,2023-01-01,2022-12-31,2023-01-02,2022-12-31,2023-01-03,0,0,0,23472,393.17,1.5670167104390703e-05,0.14727444217171368,1.9255995287079245e-05,train,0
vid_0020,Test Video 20,2022-12-23 00:00:00+00:00,chan_0,Channel 0,9,2023-01-01 00:00:00+00:00,test|video|trend,26094,1304,0,130,http://example.com/thumb.jpg,False,False,Test description,youtube,youtube_trending_kaggle,False,,,0,0,,,,,real,2023-01-01 00:00:00+00:00,1.0.0,1434,26094,1304,130,0,216.0,0.055,2622.0,144.0,2622.0,144.0,2622.0,144.0,2622.0,437.0,43.83,2023-01-01,1,0,0.0,0.0,0.0,0.0,0.0,0,0.0,0.0,0,0.0,0.0,0.0,0.3939393939393939,0.5151515151515151,10,low_motion_slow_cuts_no_face_dark,,test|video|trend,575,558,0,1.0,0,1.0,0,1.0,2023-01-01,2023-01-02,2023-01-01,2023-01-03,2023-01-01,2023-01-04,0,0,0,26094,437.0,3.8582625412578365e-05,0.14727444217171368,5.6525324701372274e-05,train,0
vid_0021,Test Video 21,2022-12-28 00:00:00+00:00,chan_1,Channel 1,6,2022-12-28 00:00:00+00:00,test|video|trend,8734,436,0,43,http://example.com/thumb.jpg,False,False,Test description,youtube,youtube_trending_kaggle,False,,,0,0,,,,,real,2022-12-28 00:00:00+00:00,1.0.0,479,8734,436,43,0,0.0,0.0548,0.0,0.0,0.0,0.0,0.0,0.0,0.0,0.0,0.0,,1,0,0.0,0.0,0.0,0.0,0.0,0,0.0,0.0,0,0.0,0.0,0.0,0.10526315789473684,0.05263157894736842,10,low_motion_slow_cuts_no_face_dark,,test|video|trend,214,208,0,1.27,0,1.61,0,2.05,2022-12-28,2022-12-29,2022-12-28,2022-12-30,2022-12-28,2022-12-31,0,0,0,8734,0.0,0.00453241777858924,0.14727444217171368,0.0040664064277577345,train,0
vid_0021,Test Video 21,2022-12-28 00:00:00+00:00,chan_1,Channel 1,6,2022-12-29 00:00:00+00:00,test|video|trend,11096,554,0,55,http://example.com/thumb.jpg,False,False,Test description,youtube,youtube_trending_kaggle,False,,,0,0,,,,,real,2022-12-29 00:00:00+00:00,1.0.0,609,11096,554,55,0,24.0,0.0549,2362.0,130.0,2362.0,130.0,2362.0,130.0,2362.0,393.67,0.0,2022-12-29,1,0,0.0,0.0,0.0,0.0,0.0,0,0.0,0.0,0,0.0,0.0,0.0,0.18421052631578946,0.34210526315789475,10,low_motion_slow_cuts_no_face_dark,,test|video|trend,302,295,0,1.27,0,1.61,0,2.05,2022-12-29,2022-12-30,2022-12-29,2022-12-31,2022-12-29,2023-01-01,0,0,0,11096,393.67,0.0288193635477353,0.14727444217171368,0.027913370835819344,train,0
vid_0021,Test Video 21,2022-12-28 00:00:00+00:00,chan_1,Channel 1,29,2022-12-30 00:00:00+00:00,test|video|trend,14098,704,0,70,http://example.com/thumb.jpg,False,False,Test description,youtube,youtube_trending_kaggle,False,,,0,0,,,,,real,2022-12-30 00:00:00+00:00,1.0.0,774,14098,704,70,0,48.0,0.0549,3002.0,165.0,3002.0,165.0,3002.0,165.0,3002.0,500.33,106.66,2022-12-30,1,0,0.0,0.0,0.0,0.0,0.0,0,0.0,0.0,0,0.0,0.0,0.0,0.1935483870967742,0.25806451612903225,10,low_motion_slow_cuts_no_face_dark,,test|video|trend,364,354,0,1.27,0,1.61,0,2.05,2022-12-30,2022-12-31,2022-12-30,2023-01-01,2022-12-30,2023-01-02,0,0,0,14098,500.33,0.006160312206015886,0.14727444217171368,0.005157555066218756,train,0
vid_0021,Test Video 21,2022-12-28 00:00:00+00:00,chan_1,Channel 1,10,2022-12-31 00:00:00+00:00,test|video|trend,17911,895,0,89,http://example.com/thumb.jpg,False,False,Test description,youtube,youtube_trending_kaggle,False,,,0,0,,,,,real,2022-12-31 00:00:00+00:00,1.0.0,984,17911,895,89,0,72.0,0.0549,3813.0,210.0,3813.0,210.0,3813.0,210.0,3813.0,635.5,135.17,2022-12-31,1,0,0.0,0.0,0.0,0.0,0.0,0,0.0,0.0,0,0.0,0.0,0.0,0.24242424242424243,0.3939393939393939,10,low_motion_slow_cuts_no_face_dark,,test|video|trend,458,446,0,1.27,0,1.61,0,2.05,2022-12-31,2023-01-01,2022-12-31,2023-01-02,2022-12-31,2023-01-03,0,0,0,17911,635.5,0.03441837118159091,0.14727444217171368,0.0376773007405513,train,0
vid_0021,Test Video 21,2022-12-28 00:00:00+00:00,chan_1,Channel 1,9,2023-01-01 00:00:00+00:00,test|video|trend,22756,1137,0,113,http://example.com/thumb.jpg,False,False,Test description,youtube,youtube_trending_kaggle,False,,,0,0,,,,,real,2023-01-01 00:00:00+00:00,1.0.0,1250,22756,1137,113,0,96.0,0.0549,4845.0,266.0,4845.0,266.0,4845.0,266.0,4845.0,807.5,172.0,2023-01-01,1,0,0.0,0.0,0.0,0.0,0.0,0,0.0,0.0,0,0.0,0.0,0.0,0.3333333333333333,0.6060606060606061,10,low_motion_slow_cuts_no_face_dark,,test|video|trend,577,560,0,1.27,0,1.61,0,2.05,2023-01-01,2023-01-02,2023-01-01,2023-01-03,2023-01-01,2023-01-04,0,0,0,22756,807.5,0.002549123741485141,0.14727444217171368,0.0017580053086643024,train,0
vid_0021,Test Video 21,2022-12-28 00:00:00+00:00,chan_1,Channel 1,28,2023-01-02 00:00:00+00:00,test|video|trend,28911,1445,0,144,http://example.com/thumb.jpg,False,False,Test description,youtube,youtube_trending_kaggle,False,,,0,0,,,,,real,2023-01-02 00:00:00+00:00,1.0.0,1589,28911,1445,144,0,120.0,0.055,6155.0,339.0,6155.0,339.0,6155.0,339.0,6155.0,1025.83,218.33,2023-01-02,1,0,0.0,0.0,0.0,0.0,0.0,0,0.0,0.0,0,0.0,0.0,0.0,0.26666666666666666,0.36666666666666664,10,low_motion_slow_cuts_no_face_dark,,test|video|trend,648,628,0,1.27,0,1.61,0,2.05,2023-01-02,2023-01-03,2023-01-02,2023-01-04,2023-01-02,2023-01-05,0,0,0,28911,1025.83,0.0019627406710494683,0.14727444217171368,0.0018843319859119544,train,0
vid_0021,Test Video 21,2022-12-28 00:00:00+00:00,chan_1,Channel 1,23,2023-01-03 00:00:00+00:00,test|video|trend,36732,1836,0,183,http://example.com/thumb.jpg,False,False,Test description,youtube,youtube_trending_kaggle,False,,,0,0,,,,,real,2023-01-03 00:00:00+00:00,1.0.0,2019,36732,1836,183,0,144.0,0.055,7821.0,430.0,7821.0,430.0,7821.0,430.0,7821.0,1303.5,277.67,2023-01-03,1,0,0.0,0.0,0.0,0.0,0.0,0,0.0,0.0,0,0.0,0.0,0.0,0.3,0.43333333333333335,10,low_motion_slow_cuts_no_face_dark,,test|video|trend,740,717,0,1.27,0,1.61,0,2.05,2023-01-03,2023-01-04,2023-01-03,2023-01-05,2023-01-03,2023-01-06,0,0,0,36732,1303.5,0.00039804578654093305,0.14727444217171368,0.0006791854452885526,test,0
vid_0021,Test Video 21,2022-12-28 00:00:00+00:00,chan_1,Channel 1,3,2023-01-04 00:00:00+00:00,test|video|trend,46668,2333,0,233,http://example.com/thumb.jpg,False,False,Test description,youtube,youtube_trending_kaggle,False,,,0,0,,,,,real,2023-01-04 00:00:00+00:00,1.0.0,2566,46668,2333,233,0,168.0,0.055,9936.0,547.0,9936.0,547.0,9936.0,547.0,9936.0,1656.0,352.5,2023-01-04,1,0,0.0,0.0,0.0,0.0,0.0,0,0.0,0.0,0,0.0,0.0,0.0,0.38461538461538464,0.46153846153846156,10,low_motion_slow_cuts_no_face_dark,,test|video|trend,809,784,0,1.27,0,1.61,0,1.61,2023-01-04,2023-01-05,2023-01-04,2023-01-06,2023-01-04,2023-01-07,0,0,0,46668,1656.0,0.000694981265817657,0.14727444217171368,0.0007817535382892037,test,0
vid_0021,Test Video 21,2022-12-28 00:00:00+00:00,chan_1,Channel 1,11,2023-01-05 00:00:00+00:00,test|video|trend,59291,2964,0,296,http://example.com/thumb.jpg,False,False,Test description,youtube,youtube_trending_kaggle,False,,,0,0,,,,,real,2023-01-05 00:00:00+00:00,1.0.0,3260,59291,2964,296,0,192.0,0.055,12623.0,694.0,12623.0,694.0,12623.0,694.0,12623.0,2103.83,447.83,2023-01-05,1,0,0.0,0.0,0.0,0.0,0.0,0,0.0,0.0,0,0.0,0.0,0.0,0.5483870967741935,0.5483870967741935,10,low_motion_slow_cuts_no_face_dark,,test|video|trend,852,827,0,1.27,0,1.27,0,1.27,2023-01-05,2023-01-06,2023-01-05,2023-01-07,2023-01-05,2023-01-08,0,0,0,59291,2103.83,0.0004639154643402119,0.14727444217171368,0.0005276065041672116,test,0
vid_0021,Test Video 21,2022-12-28 00:00:00+00:00,chan_1,Channel 1,16,2023-01-06 00:00:00+00:00,test|video|trend,75329,3766,0,376,http://example.com/thumb.jpg,False,False,Test description,youtube,youtube_trending_kaggle,False,,,0,0,,,,,real,2023-01-06 00:00:00+00:00,1.0.0,4142,75329,3766,376,0,216.0,0.055,16038.0,882.0,16038.0,882.0,16038.0,882.0,16038.0,2673.0,569.17,2023-01-06,1,0,0.0,0.0,0.0,0.0,0.0,0,0.0,0.0,0,0.0,0.0,0.0,0.625,0.75,10,low_motion_slow_cuts_no_face_dark,,test|video|trend,912,883,0,1.0,0,1.0,0,1.0,2023-01-06,2023-01-07,2023-01-06,2023-01-08,2023-01-06,2023-01-09,0,0,0,75329,2673.0,0.0010859152189888481,0.14727444217171368,0.0015716287683265552,test,0
vid_0022,Test Video 22,2022-12-28 00:00:00+00:00,chan_2,Channel 2,12,2022-12-28 00:00:00+00:00,test|video|trend,32521,1626,0,162,http://example.com/thumb.jpg,False,False,Test description,youtube,youtube_trending_kaggle,False,,,0,0,,,,,real,2022-12-28 00:00:00+00:00,1.0.0,1788,32521,1626,162,0,0.0,0.055,0.0,0.0,0.0,0.0,0.0,0.0,0.0,0.0,0.0,,1,0,0.0,0.0,0.0,0.0,0.0,0,0.0,0.0,0,0.0,0.0,0.0,0.43333333333333335,0.08333333333333333,10,low_motion_slow_cuts_no_face_dark,,test|video|trend,171,167,0,1.27,0,1.61,0,2.05,2022-12-28,2022-12-29,2022-12-28,2022-12-30,2022-12-28,2022-12-31,0,0,0,32521,0.0,0.08260473581461525,0.14727444217171368,0.058841387070452326,train,0
vid_0022,Test Video 22,2022-12-28 00:00:00+00:00,chan_2,Channel 2,14,2022-12-29 00:00:00+00:00,test|video|trend,41324,2066,0,206,http://example.com/thumb.jpg,False,False,Test description,youtube,youtube_trending_kaggle,False,,,0,0,,,,,real,2022-12-29 00:00:00+00:00,1.0.0,2272,41324,2066,206,0,24.0,0.055,8803.0,484.0,8803.0,484.0,8803.0,484.0,8803.0,1467.17,0.0,2022-12-29,1,0,0.0,0.0,0.0,0.0,0.0,0,0.0,0.0,0,0.0,0.0,0.0,0.3888888888888889,0.4722222222222222,10,low_motion_slow_cuts_no_face_dark,,test|video|trend,289,283,0,1.27,0,1.61,0,2.05,2022-12-29,2022-12-30,2022-12-29,2022-12-31,2022-12-29,2023-01-01,0,0,0,41324,1467.17,0.0028352143597824213,0.14727444217171368,0.007041917951485517,train,0
vid_0022,Test Video 22,2022-12-28 00:00:00+00:00,chan_2,Channel 2,2,2022-12-30 00:00:00+00:00,test|video|trend,52511,2625,0,262,http://example.com/thumb.jpg,False,False,Test description,youtube,youtube_trending_kaggle,False,,,0,0,,,,,real,2022-12-30 00:00:00+00:00,1.0.0,2887,52511,2625,262,0,48.0,0.055,11187.0,615.0,11187.0,615.0,11187.0,615.0,11187.0,1864.5,397.33,2022-12-30,1,0,0.0,0.0,0.0,0.0,0.0,0,0.0,0.0,0,0.0,0.0,0.0,0.43243243243243246,0.5405405405405406,10,low_motion_slow_cuts_no_face_dark,,test|video|trend,327,317,0,1.27,0,1.61,0,2.05,2022-12-30,2022-12-31,2022-12-30,2023-01-01,2022-12-30,2023-01-02,0,0,0,52511,1864.5,7.683168272568803e-05,0.14727444217171368,6.484398353624931e-05,train,0
vid_0022,Test Video 22,2022-12-28 00:00:00+00:00,chan_2,Channel 2,10,2022-12-31 00:00:00+00:00,test|video|trend,66727,3336,0,333,http://example.com/thumb.jpg,False,False,Test description,youtube,youtube_trending_kaggle,False,,,0,0,,,,,real,2022-12-31 00:00:00+00:00,1.0.0,3669,66727,3336,333,0,72.0,0.055,14216.0,782.0,14216.0,782.0,14216.0,782.0,14216.0,2369.33,504.83,2022-12-31,1,0,0.0,0.0,0.0,0.0,0.0,0,0.0,0.0,0,0.0,0.0,0.0,0.6666666666666666,0.6363636363636364,10,low_motion_slow_cuts_no_face_dark,,test|video|trend,495,481,0,1.27,0,1.61,0,2.05,2022-12-31,2023-01-01,2022-12-31,2023-01-02,2022-12-31,2023-01-03,0,0,0,66727,2369.33,0.0006325892907723087,0.14727444217171368,0.0005199320878928478,train,0
vid_0022,Test Video 22,2022-12-28 00:00:00+00:00,chan_2,Channel 2,24,2023-01-01 00:00:00+00:00,test|video|trend,84791,4239,0,423,http://example.com/thumb.jpg,False,False,Test description,youtube,youtube_trending_kaggle,False,,,0,0,,,,,real,2023-01-01 00:00:00+00:00,1.0.0,4662,84791,4239,423,0,96.0,0.055,18064.0,993.0,18064.0,993.0,18064.0,993.0,18064.0,3010.67,641.34,2023-01-01,1,0,0.0,0.0,0.0,0.0,0.0,0,0.0,0.0,0,0.0,0.0,0.0,0.7777777777777778,0.7555555555555555,10,low_motion_slow_cuts_no_face_dark,,test|video|trend,584,567,0,1.27,0,1.61,0,2.05,2023-01-01,2023-01-02,2023-01-01,2023-01-03,2023-01-01,2023-01-04,0,0,0,84791,3010.67,4.6294142000689806e-05,0.14727444217171368,5.2860196690419464e-05,train,0
vid_0022,Test Video 22,2022-12-28 00:00:00+00:00,chan_2,Channel 2,29,2023-01-02 00:00:00+00:00,test|video|trend,107744,5387,0,538,http://example.com/thumb.jpg,False,False,Test description,youtube,youtube_trending_kaggle,False,,,0,0,,,,,real,2023-01-02 00:00:00+00:00,1.0.0,5925,107744,5387,538,0,120.0,0.055,22953.0,1263.0,22953.0,1263.0,22953.0,1263.0,22953.0,3825.5,814.83,2023-01-02,1,0,0.0,0.0,0.0,0.0,0.0,0,0.0,0.0,0,0.0,0.0,0.0,0.6774193548387096,0.7419354838709677,10,low_motion_slow_cuts_no_face_dark,,test|video|trend,644,624,0,1.27,0,1.61,0,2.05,2023-01-02,2023-01-03,2023-01-02,2023-01-04,2023-01-02,2023-01-05,0,0,0,107744,3825.5,0.0001858837079096934,0.14727444217171368,0.0003888825404890893,train,0
vid_0022,Test Video 22,2022-12-28 00:00:00+00:00,chan_2,Channel 2,2,2023-01-03 00:00:00+00:00,test|video|trend,136912,6845,0,684,http://example.com/thumb.jpg,False,False,Test description,youtube,youtube_trending_kaggle,False,,,0,0,,,,,real,2023-01-03 00:00:00+00:00,1.0.0,7529,136912,6845,684,0,144.0,0.055,29168.0,1604.0,29168.0,1604.0,29168.0,1604.0,29168.0,4861.33,1035.83,2023-01-03,1,0,0.0,0.0,0.0,0.0,0.0,0,0.0,0.0,0,0.0,0.0,0.0,0.8648648648648649,0.8378378378378378,10,low_motion_slow_cuts_no_face_dark,,test|video|trend,729,706,0,1.27,0,1.61,0,2.05,2023-01-03,2023-01-04,2023-01-03,2023-01-05,2023-01-03,2023-01-06,0,0,0,136912,4861.33,0.00464060332318961,0.14727444217171368,0.005234171258782012,test,0
vid_0022,Test Video 22,2022-12-28 00:00:00+00:00,chan_2,Channel 2,2,2023-01-04 00:00:00+00:00,test|video|trend,173976,8698,0,869,http://example.com/thumb.jpg,False,False,Test description,youtube,youtube_trending_kaggle,False,,,0,0,,,,,real,2023-01-04 00:00:00+00:00,1.0.0,9567,173976,8698,869,0,168.0,0.055,37064.0,2038.0,37064.0,2038.0,37064.0,2038.0,37064.0,6177.33,1316.0,2023-01-04,1,0,0.0,0.0,0.0,0.0,0.0,0,0.0,0.0,0,0.0,0.0,0.0,0.8918918918918919,0.8918918918918919,10,low_motion_slow_cuts_no_face_dark,,test|video|trend,804,779,0,1.27,0,1.61,0,1.61,2023-01-04,2023-01-05,2023-01-04,2023-01-06,2023-01-04,2023-01-07,0,0,0,173976,6177.33,0.0033326720437438094,0.14727444217171368,0.0034648723995379916,test,0
vid_0022,Test Video 22,2022-12-28 00:00:00+00:00,chan_2,Channel 2,11,2023-01-05 00:00:00+00:00,test|video|trend,221073,11053,0,1105,http://example.com/thumb.jpg,False,False,Test description,youtube,youtube_trending_kaggle,False,,,0,0,,,,,real,2023-01-05 00:00:00+00:00,1.0.0,12158,221073,11053,1105,0,192.0,0.055,47097.0,2591.0,47097.0,2591.0,47097.0,2591.0,47097.0,7849.5,1672.17,2023-01-05,1,0,0.0,0.0,0.0,0.0,0.0,0,0.0,0.0,0,0.0,0.0,0.0,0.9354838709677419,0.9032258064516129,10,low_motion_slow_cuts_no_face_dark,,test|video|trend,862,836,0,1.27,0,1.27,0,1.27,2023-01-05,2023-01-06,2023-01-05,2023-01-07,2023-01-05,2023-01-08,0,0,0,221073,7849.5,0.0007475453406948292,0.14727444217171368,0.0005397807623593289,test,0
vid_0022,Test Video 22,2022-12-28 00:00:00+00:00,chan_2,Channel 2,27,2023-01-06 00:00:00+00:00,test|video|trend,280919,14045,0,1404,http://example.com/thumb.jpg,False,False,Test description,youtube,youtube_trending_kaggle,False,,,0,0,,,,,real,2023-01-06 00:00:00+00:00,1.0.0,15449,280919,14045,1404,0,216.0,0.055,59846.0,3291.0,59846.0,3291.0,59846.0,3291.0,59846.0,9974.33,2124.83,2023-01-06,1,0,0.0,0.0,0.0,0.0,0.0,0,0.0,0.0,0,0.0,0.0,0.0,1.0,1.0,10,low_motion_slow_cuts_no_face_dark,,test|video|trend,909,881,0,1.0,0,1.0,0,1.0,2023-01-06,2023-01-07,2023-01-06,2023-01-08,2023-01-06,2023-01-09,0,0,0,280919,9974.33,0.0008762862695985365,0.14727444217171368,0.0007686852733552143,test,0
vid_0023,Test Video 23,2022-12-26 00:00:00+00:00,chan_3,Channel 3,15,2022-12-26 00:00:00+00:00,test|video|trend,33396,1669,0,166,http://example.com/thumb.jpg,False,False,Test description,youtube,youtube_trending_kaggle,False,,,0,0,,,,,real,2022-12-26 00:00:00+00:00,1.0.0,1835,33396,1669,166,0,0.0,0.0549,0.0,0.0,0.0,0.0,0.0,0.0,0.0,0.0,0.0,,1,0,0.0,0.0,0.0,0.0,0.0,0,0.0,0.0,0,0.0,0.0,0.0,0.3076923076923077,0.11538461538461539,10,low_motion_slow_cuts_no_face_dark,,test|video|trend,94,91,0,1.06,0,1.13,0,1.2,2022-12-26,2022-12-27,2022-12-26,2022-12-28,2022-12-26,2022-12-29,0,0,0,33396,0.0,0.0010005132033445343,0.14727444217171368,0.0005503506209521992,train,0
vid_0023,Test Video 23,2022-12-26 00:00:00+00:00,chan_3,Channel 3,22,2022-12-27 00:00:00+00:00,test|video|trend,35501,1775,0,177,http://example.com/thumb.jpg,False,False,Test description,youtube,youtube_trending_kaggle,False,,,0,0,,,,,real,2022-12-27 00:00:00+00:00,1.0.0,1952,35501,1775,177,0,24.0,0.055,2105.0,117.0,2105.0,117.0,2105.0,117.0,2105.0,350.83,0.0,2022-12-27,1,0,0.0,0.0,0.0,0.0,0.0,0,0.0,0.0,0,0.0,0.0,0.0,0.34375,0.21875,10,low_motion_slow_cuts_no_face_dark,,test|video|trend,133,130,0,1.06,0,1.13,0,1.2,2022-12-27,2022-12-28,2022-12-27,2022-12-29,2022-12-27,2022-12-30,0,0,0,35501,350.83,0.00022231332959872822,0.14727444217171368,0.0005495438652555648,train,0
vid_0023,Test Video 23,2022-12-26 00:00:00+00:00,chan_3,Channel 3,9,2022-12-28 00:00:00+00:00,test|video|trend,37739,1886,0,188,http://example.com/thumb.jpg,False,False,Test description,youtube,youtube_trending_kaggle,False,,,0,0,,,,,real,2022-12-28 00:00:00+00:00,1.0.0,2074,37739,1886,188,0,48.0,0.055,2238.0,122.0,2238.0,122.0,2238.0,122.0,2238.0,373.0,22.17,2022-12-28,1,0,0.0,0.0,0.0,0.0,0.0,0,0.0,0.0,0,0.0,0.0,0.0,0.5454545454545454,0.45454545454545453,10,low_motion_slow_cuts_no_face_dark,,test|video|trend,169,165,0,1.06,0,1.13,0,1.2,2022-12-28,2022-12-29,2022-12-28,2022-12-30,2022-12-28,2022-12-31,0,0,0,37739,373.0,0.00023780074071399175,0.14727444217171368,0.0003026152904164925,train,0
vid_0023,Test Video 23,2022-12-26 00:00:00+00:00,chan_3,Channel 3,14,2022-12-29 00:00:00+00:00,test|video|trend,40118,2005,0,200,http://example.com/thumb.jpg,False,False,Test description,youtube,youtube_trending_kaggle,False,,,0,0,,,,,real,2022-12-29 00:00:00+00:00,1.0.0,2205,40118,2005,200,0,72.0,0.055,2379.0,131.0,2379.0,131.0,2379.0,131.0,2379.0,396.5,23.5,2022-12-29,1,0,0.0,0.0,0.0,0.0,0.0,0,0.0,0.0,0,0.0,0.0,0.0,0.3611111111111111,0.3055555555555556,10,low_motion_slow_cuts_no_face_dark,,test|video|trend,301,294,0,1.06,0,1.13,0,1.2,2022-12-29,2022-12-30,2022-12-29,2022-12-31,2022-12-29,2023-01-01,0,0,0,40118,396.5,8.941706268060367e-05,0.14727444217171368,7.041938249442652e-05,train,0
vid_0023,Test Video 23,2022-12-26 00:00:00+00:00,chan_3,Channel 3,21,2022-12-30 00:00:00+00:00,test|video|trend,42647,2132,0,213,http://example.com/thumb.jpg,False,False,Test description,youtube,youtube_trending_kaggle,False,,,0,0,,,,,real,2022-12-30 00:00:00+00:00,1.0.0,2345,42647,2132,213,0,96.0,0.055,2529.0,140.0,2529.0,140.0,2529.0,140.0,2529.0,421.5,25.0,2022-12-30,1,0,0.0,0.0,0.0,0.0,0.0,0,0.0,0.0,0,0.0,0.0,0.0,0.2894736842105263,0.18421052631578946,10,low_motion_slow_cuts_no_face_dark,,test|video|trend,336,326,0,1.06,0,1.13,0,1.2,2022-12-30,2022-12-31,2022-12-30,2023-01-01,2022-12-30,2023-01-02,0,0,0,42647,421.5,0.0001172921002069399,0.14727444217171368,0.00016040369988743193,train,0
vid_0023,Test Video 23,2022-12-26 00:00:00+00:00,chan_3,Channel 3,3,2022-12-31 00:00:00+00:00,test|video|trend,45336,2266,0,226,http://example.com/thumb.jpg,False,False,Test description,youtube,youtube_trending_kaggle,False,,,0,0,,,,,real,2022-12-31 00:00:00+00:00,1.0.0,2492,45336,2266,226,0,120.0,0.055,2689.0,147.0,2689.0,147.0,2689.0,147.0,2689.0,448.17,26.67,2022-12-31,1,0,0.0,0.0,0.0,0.0,0.0,0,0.0,0.0,0,0.0,0.0,0.0,0.358974358974359,0.28205128205128205,10,low_motion_slow_cuts_no_face_dark,,test|video|trend,487,473,0,1.06,0,1.13,0,1.2,2022-12-31,2023-01-01,2022-12-31,2023-01-02,2022-12-31,2023-01-03,0,0,0,45336,448.17,9.699328485551247e-05,0.14727444217171368,6.219823239864619e-05,train,0
vid_0023,Test Video 23,2022-12-26 00:00:00+00:00,chan_3,Channel 3,3,2023-01-01 00:00:00+00:00,test|video|trend,48194,2409,0,240,http://example.com/thumb.jpg,False,False,Test description,youtube,youtube_trending_kaggle,False,,,0,0,,,,,real,2023-01-01 00:00:00+00:00,1.0.0,2649,48194,2409,240,0,144.0,0.055,2858.0,157.0,2858.0,157.0,2858.0,157.0,2858.0,476.33,28.16,2023-01-01,1,0,0.0,0.0,0.0,0.0,0.0,0,0.0,0.0,0,0.0,0.0,0.0,0.4358974358974359,0.3333333333333333,10,low_motion_slow_cuts_no_face_dark,,test|video|trend,548,532,0,1.06,0,1.13,0,1.2,2023-01-01,2023-01-02,2023-01-01,2023-01-03,2023-01-01,2023-01-04,0,0,0,48194,476.33,8.782671163247678e-06,0.14727444217171368,1.0692264718463401e-05,train,0
vid_0023,Test Video 23,2022-12-26 00:00:00+00:00,chan_3,Channel 3,22,2023-01-02 00:00:00+00:00,test|video|trend,51232,2561,0,256,http://example.com/thumb.jpg,False,False,Test description,youtube,youtube_trending_kaggle,False,,,0,0,,,,,real,2023-01-02 00:00:00+00:00,1.0.0,2817,51232,2561,256,0,168.0,0.055,3038.0,168.0,3038.0,168.0,3038.0,168.0,3038.0,506.33,30.0,2023-01-02,1,0,0.0,0.0,0.0,0.0,0.0,0,0.0,0.0,0,0.0,0.0,0.0,0.53125,0.3125,10,low_motion_slow_cuts_no_face_dark,,test|video|trend,683,662,0,1.06,0,1.13,0,1.13,2023-01-02,2023-01-03,2023-01-02,2023-01-04,2023-01-02,2023-01-05,0,0,0,51232,506.33,0.0002099885617143314,0.14727444217171368,0.0002816540414670464,train,0
vid_0023,Test Video 23,2022-12-26 00:00:00+00:00,chan_3,Channel 3,2,2023-01-03 00:00:00+00:00,test|video|trend,54462,2723,0,272,http://example.com/thumb.jpg,False,False,Test description,youtube,youtube_trending_kaggle,False,,,0,0,,,,,real,2023-01-03 00:00:00+00:00,1.0.0,2995,54462,2723,272,0,192.0,0.055,3230.0,178.0,3230.0,178.0,3230.0,178.0,3230.0,538.33,32.0,2023-01-03,1,0,0.0,0.0,0.0,0.0,0.0,0,0.0,0.0,0,0.0,0.0,0.0,0.4594594594594595,0.2702702702702703,10,low_motion_slow_cuts_no_face_dark,,test|video|trend,719,696,0,1.06,0,1.06,0,1.06,2023-01-03,2023-01-04,2023-01-03,2023-01-05,2023-01-03,2023-01-06,0,0,0,54462,538.33,3.407616750188508e-05,0.14727444217171368,5.308151461343452e-05,test,0
vid_0023,Test Video 23,2022-12-26 00:00:00+00:00,chan_3,Channel 3,23,2023-01-04 00:00:00+00:00,test|video|trend,57896,2894,0,289,http://example.com/thumb.jpg,False,False,Test description,youtube,youtube_trending_kaggle,False,,,0,0,,,,,real,2023-01-04 00:00:00+00:00,1.0.0,3183,57896,2894,289,0,216.0,0.055,3434.0,188.0,3434.0,188.0,3434.0,188.0,3434.0,572.33,34.0,2023-01-04,1,0,0.0,0.0,0.0,0.0,0.0,0,0.0,0.0,0,0.0,0.0,0.0,0.5666666666666667,0.3333333333333333,10,low_motion_slow_cuts_no_face_dark,,test|video|trend,798,774,0,1.0,0,1.0,0,1.0,2023-01-04,2023-01-05,2023-01-04,2023-01-06,2023-01-04,2023-01-07,0,0,0,57896,572.33,0.00011287220353324332,0.14727444217171368,0.00010964021007563522,test,0
vid_0024,Test Video 24,2022-12-24 00:00:00+00:00,chan_4,Channel 4,4,2022-12-24 00:00:00+00:00,test|video|trend,26805,1340,0,134,http://example.com/thumb.jpg,False,False,Test description,youtube,youtube_trending_kaggle,False,,,0,0,,,,,real,2022-12-24 00:00:00+00:00,1.0.0,1474,26805,1340,134,0,0.0,0.055,0.0,0.0,0.0,0.0,0.0,0.0,0.0,0.0,0.0,,1,0,0.0,0.0,0.0,0.0,0.0,0,0.0,0.0,0,0.0,0.0,0.0,0.2631578947368421,0.10526315789473684,10,low_motion_slow_cuts_no_face_dark,,test|video|trend,19,18,0,1.1,0,1.22,0,1.35,2022-12-24,2022-12-25,2022-12-24,2022-12-26,2022-12-24,2022-12-27,0,0,0,26805,0.0,0.024517872780498,0.14727444217171368,0.03547310399845707,train,0
vid_0024,Test Video 24,2022-12-24 00:00:00+00:00,chan_4,Channel 4,6,2022-12-25 00:00:00+00:00,test|video|trend,29600,1480,0,148,http://example.com/thumb.jpg,False,False,Test description,youtube,youtube_trending_kaggle,False,,,0,0,,,,,real,2022-12-25 00:00:00+00:00,1.0.0,1628,29600,1480,148,0,24.0,0.055,2795.0,154.0,2795.0,154.0,2795.0,154.0,2795.0,465.83,0.0,2022-12-25,1,0,0.0,0.0,0.0,0.0,0.0,0,0.0,0.0,0,0.0,0.0,0.0,0.34210526315789475,0.3684210526315789,10,low_motion_slow_cuts_no_face_dark,,test|video|trend,49,48,0,1.1,0,1.22,0,1.35,2022-12-25,2022-12-26,2022-12-25,2022-12-27,2022-12-25,2022-12-28,0,0,0,29600,465.83,0.003615140975376203,0.14727444217171368,0.006555214802902679,train,0
vid_0024,Test Video 24,2022-12-24 00:00:00+00:00,chan_4,Channel 4,5,2022-12-26 00:00:00+00:00,test|video|trend,32688,1634,0,163,http://example.com/thumb.jpg,False,False,Test description,youtube,youtube_trending_kaggle,False,,,0,0,,,,,real,2022-12-26 00:00:00+00:00,1.0.0,1797,32688,1634,163,0,48.0,0.055,3088.0,169.0,3088.0,169.0,3088.0,169.0,3088.0,514.67,48.84,2022-12-26,1,0,0.0,0.0,0.0,0.0,0.0,0,0.0,0.0,0,0.0,0.0,0.0,0.3225806451612903,0.3225806451612903,10,low_motion_slow_cuts_no_face_dark,,test|video|trend,91,88,0,1.1,0,1.22,0,1.35,2022-12-26,2022-12-27,2022-12-26,2022-12-28,2022-12-26,2022-12-29,0,0,0,32688,514.67,7.300486707778396e-05,0.14727444217171368,9.57593318350076e-05,train,0
vid_0024,Test Video 24,2022-12-24 00:00:00+00:00,chan_4,Channel 4,5,2022-12-27 00:00:00+00:00,test|video|trend,36097,1804,0,180,http://example.com/thumb.jpg,False,False,Test description,youtube,youtube_trending_kaggle,False,,,0,0,,,,,real,2022-12-27 00:00:00+00:00,1.0.0,1984,36097,1804,180,0,72.0,0.055,3409.0,187.0,3409.0,187.0,3409.0,187.0,3409.0,568.17,53.5,2022-12-27,1,0,0.0,0.0,0.0,0.0,0.0,0,0.0,0.0,0,0.0,0.0,0.0,0.3548387096774194,0.3548387096774194,10,low_motion_slow_cuts_no_face_dark,,test|video|trend,109,106,0,1.1,0,1.22,0,1.35,2022-12-27,2022-12-28,2022-12-27,2022-12-29,2022-12-27,2022-12-30,0,0,0,36097,568.17,2.3233578877171844e-05,0.14727444217171368,5.108101618412451e-05,train,0
vid_0024,Test Video 24,2022-12-24 00:00:00+00:00,chan_4,Channel 4,20,2022-12-28 00:00:00+00:00,test|video|trend,39862,1993,0,199,http://example.com/thumb.jpg,False,False,Test description,youtube,youtube_trending_kaggle,False,,,0,0,,,,,real,2022-12-28 00:00:00+00:00,1.0.0,2192,39862,1993,199,0,96.0,0.055,3765.0,208.0,3765.0,208.0,3765.0,208.0,3765.0,627.5,59.33,2022-12-28,1,0,0.0,0.0,0.0,0.0,0.0,0,0.0,0.0,0,0.0,0.0,0.0,0.41935483870967744,0.41935483870967744,10,low_motion_slow_cuts_no_face_dark,,test|video|trend,198,192,0,1.1,0,1.22,0,1.35,2022-12-28,2022-12-29,2022-12-28,2022-12-30,2022-12-28,2022-12-31,0,0,0,39862,627.5,0.0002103514895314325,0.14727444217171368,0.00013338980530875957,train,0
vid_0024,Test Video 24,2022-12-24 00:00:00+00:00,chan_4,Channel 4,10,2022-12-29 00:00:00+00:00,test|video|trend,44020,2201,0,220,http://example.com/thumb.jpg,False,False,Test description,youtube,youtube_trending_kaggle,False,,,0,0,,,,,real,2022-12-29 00:00:00+00:00,1.0.0,2421,44020,2201,220,0,120.0,0.055,4158.0,229.0,4158.0,229.0,4158.0,229.0,4158.0,693.0,65.5,2022-12-29,1,0,0.0,0.0,0.0,0.0,0.0,0,0.0,0.0,0,0.0,0.0,0.0,0.45454545454545453,0.45454545454545453,10,low_motion_slow_cuts_no_face_dark,,test|video|trend,300,293,0,1.1,0,1.22,0,1.35,2022-12-29,2022-12-30,2022-12-29,2022-12-31,2022-12-29,2023-01-01,0,0,0,44020,693.0,2.2484058389260783e-05,0.14727444217171368,2.6119589622226584e-05,train,0
vid_0024,Test Video 24,2022-12-24 00:00:00+00:00,chan_4,Channel 4,2,2022-12-30 00:00:00+00:00,test|video|trend,48611,2430,0,243,http://example.com/thumb.jpg,False,False,Test description,youtube,youtube_trending_kaggle,False,,,0,0,,,,,real,2022-12-30 00:00:00+00:00,1.0.0,2673,48611,2430,243,0,144.0,0.055,4591.0,252.0,4591.0,252.0,4591.0,252.0,4591.0,765.17,72.17,2022-12-30,1,0,0.0,0.0,0.0,0.0,0.0,0,0.0,0.0,0,0.0,0.0,0.0,0.40540540540540543,0.2972972972972973,10,low_motion_slow_cuts_no_face_dark,,test|video|trend,351,341,0,1.1,0,1.22,0,1.35,2022-12-30,2022-12-31,2022-12-30,2023-01-01,2022-12-30,2023-01-02,0,0,0,48611,765.17,4.44401183978609e-05,0.14727444217171368,7.388555913052648e-05,train,0
vid_0024,Test Video 24,2022-12-24 00:00:00+00:00,chan_4,Channel 4,8,2022-12-31 00:00:00+00:00,test|video|trend,53681,2684,0,268,http://example.com/thumb.jpg,False,False,Test description,youtube,youtube_trending_kaggle,False,,,0,0,,,,,real,2022-12-31 00:00:00+00:00,1.0.0,2952,53681,2684,268,0,168.0,0.055,5070.0,279.0,5070.0,279.0,5070.0,279.0,5070.0,845.0,79.83,2022-12-31,1,0,0.0,0.0,0.0,0.0,0.0,0,0.0,0.0,0,0.0,0.0,0.0,0.5813953488372093,0.4186046511627907,10,low_motion_slow_cuts_no_face_dark,,test|video|trend,468,456,0,1.1,0,1.22,0,1.22,2022-12-31,2023-01-01,2022-12-31,2023-01-02,2022-12-31,2023-01-03,0,0,0,53681,845.0,0.00025331016341036366,0.14727444217171368,0.0002625686521859178,train,0
vid_0024,Test Video 24,2022-12-24 00:00:00+00:00,chan_4,Channel 4,13,2023-01-01 00:00:00+00:00,test|video|trend,59280,2964,0,296,http://example.com/thumb.jpg,False,False,Test description,youtube,youtube_trending_kaggle,False,,,0,0,,,,,real,2023-01-01 00:00:00+00:00,1.0.0,3260,59280,2964,296,0,192.0,0.055,5599.0,308.0,5599.0,308.0,5599.0,308.0,5599.0,933.17,88.17,2023-01-01,1,0,0.0,0.0,0.0,0.0,0.0,0,0.0,0.0,0,0.0,0.0,0.0,0.46875,0.375,10,low_motion_slow_cuts_no_face_dark,,test|video|trend,531,516,0,1.1,0,1.1,0,1.1,2023-01-01,2023-01-02,2023-01-01,2023-01-03,2023-01-01,2023-01-04,0,0,0,59280,933.17,6.754432689279608e-05,0.14727444217171368,5.109417340002762e-05,train,0
vid_0024,Test Video 24,2022-12-24 00:00:00+00:00,chan_4,Channel 4,16,2023-01-02 00:00:00+00:00,test|video|trend,65463,3273,0,327,http://example.com/thumb.jpg,False,False,Test description,youtube,youtube_trending_kaggle,False,,,0,0,,,,,real,2023-01-02 00:00:00+00:00,1.0.0,3600,65463,3273,327,0,216.0,0.055,6183.0,340.0,6183.0,340.0,6183.0,340.0,6183.0,1030.5,97.33,2023-01-02,1,0,0.0,0.0,0.0,0.0,0.0,0,0.0,0.0,0,0.0,0.0,0.0,0.5833333333333334,0.4583333333333333,10,low_motion_slow_cuts_no_face_dark,,test|video|trend,676,655,0,1.0,0,1.0,0,1.0,2023-01-02,2023-01-03,2023-01-02,2023-01-04,2023-01-02,2023-01-05,0,0,0,65463,1030.5,0.0002537228235329032,0.14727444217171368,0.0003565371690979744,train,0
vid_0025,Test Video 25,2022-12-25 00:00:00+00:00,chan_5,Channel 5,7,2022-12-25 00:00:00+00:00,test|video|trend,17995,899,0,89,http://example.com/thumb.jpg,False,False,Test description,youtube,youtube_trending_kaggle,False,,,0,0,,,,,real,2022-12-25 00:00:00+00:00,1.0.0,988,17995,899,89,0,0.0,0.0549,0.0,0.0,0.0,0.0,0.0,0.0,0.0,0.0,0.0,,1,0,0.0,0.0,0.0,0.0,0.0,0,0.0,0.0,0,0.0,0.0,0.0,0.21621621621621623,0.06756756756756757,10,low_motion_slow_cuts_no_face_dark,,test|video|trend,34,33,0,1.36,0,1.85,0,2.52,2022-12-25,2022-12-26,2022-12-25,2022-12-27,2022-12-25,2022-12-28,0,0,0,17995,0.0,0.008430906825680056,0.14727444217171368,0.008090925073108256,train,0
vid_0025,Test Video 25,2022-12-25 00:00:00+00:00,chan_5,Channel 5,17,2022-12-26 00:00:00+00:00,test|video|trend,24497,1224,0,122,http://example.com/thumb.jpg,False,False,Test description,youtube,youtube_trending_kaggle,False,,,0,0,,,,,real,2022-12-26 00:00:00+00:00,1.0.0,1346,24497,1224,122,0,24.0,0.0549,6502.0,358.0,6502.0,358.0,6502.0,358.0,6502.0,1083.67,0.0,2022-12-26,1,0,0.0,0.0,0.0,0.0,0.0,0,0.0,0.0,0,0.0,0.0,0.0,0.2857142857142857,0.4857142857142857,10,low_motion_slow_cuts_no_face_dark,,test|video|trend,72,70,0,1.36,0,1.85,0,2.52,2022-12-26,2022-12-27,2022-12-26,2022-12-28,2022-12-26,2022-12-29,0,0,0,24497,1083.67,0.0445817599281393,0.14727444217171368,0.03966336074996154,train,0
vid_0025,Test Video 25,2022-12-25 00:00:00+00:00,chan_5,Channel 5,21,2022-12-27 00:00:00+00:00,test|video|trend,33349,1667,0,166,http://example.com/thumb.jpg,False,False,Test description,youtube,youtube_trending_kaggle,False,,,0,0,,,,,real,2022-12-27 00:00:00+00:00,1.0.0,1833,33349,1667,166,0,48.0,0.055,8852.0,487.0,8852.0,487.0,8852.0,487.0,8852.0,1475.33,391.66,2022-12-27,1,0,0.0,0.0,0.0,0.0,0.0,0,0.0,0.0,0,0.0,0.0,0.0,0.23684210526315788,0.3157894736842105,10,low_motion_slow_cuts_no_face_dark,,test|video|trend,111,108,0,1.36,0,1.85,0,2.52,2022-12-27,2022-12-28,2022-12-27,2022-12-29,2022-12-27,2022-12-30,0,0,0,33349,1475.33,0.014386369637394703,0.14727444217171368,0.015126005565009709,train,0
vid_0025,Test Video 25,2022-12-25 00:00:00+00:00,chan_5,Channel 5,16,2022-12-28 00:00:00+00:00,test|video|trend,45399,2269,0,226,http://example.com/thumb.jpg,False,False,Test description,youtube,youtube_trending_kaggle,False,,,0,0,,,,,real,2022-12-28 00:00:00+00:00,1.0.0,2495,45399,2269,226,0,72.0,0.055,12050.0,662.0,12050.0,662.0,12050.0,662.0,12050.0,2008.33,533.0,2022-12-28,1,0,0.0,0.0,0.0,0.0,0.0,0,0.0,0.0,0,0.0,0.0,0.0,0.5,0.7083333333333334,10,low_motion_slow_cuts_no_face_dark,,test|video|trend,196,190,0,1.36,0,1.85,0,2.52,2022-12-28,2022-12-29,2022-12-28,2022-12-30,2022-12-28,2022-12-31,0,0,0,45399,2008.33,0.043807303653434305,0.14727444217171368,0.06167687748827351,train,0
vid_0025,Test Video 25,2022-12-25 00:00:00+00:00,chan_5,Channel 5,14,2022-12-29 00:00:00+00:00,test|video|trend,61804,3090,0,309,http://example.com/thumb.jpg,False,False,Test description,youtube,youtube_trending_kaggle,False,,,0,0,,,,,real,2022-12-29 00:00:00+00:00,1.0.0,3399,61804,3090,309,0,96.0,0.055,16405.0,904.0,16405.0,904.0,16405.0,904.0,16405.0,2734.17,725.84,2022-12-29,1,0,0.0,0.0,0.0,0.0,0.0,0,0.0,0.0,0,0.0,0.0,0.0,0.5833333333333334,0.6666666666666666,10,low_motion_slow_cuts_no_face_dark,,test|video|trend,299,292,0,1.36,0,1.85,1,2.52,2022-12-29,2022-12-30,2022-12-29,2022-12-31,2022-12-29,2023-01-01,0,0,0,61804,2734.17,0.8927014225719788,0.14727444217171368,0.8853469849906948,train,1
vid_0025,Test Video 25,2022-12-25 00:00:00+00:00,chan_5,Channel 5,19,2022-12-30 00:00:00+00:00,test|video|trend,84136,4206,0,420,http://example.com/thumb.jpg,False,False,Test description,youtube,youtube_trending_kaggle,False,,,0,0,,,,,real,2022-12-30 00:00:00+00:00,1.0.0,4626,84136,4206,420,0,120.0,0.055,22332.0,1227.0,22332.0,1227.0,22332.0,1227.0,22332.0,3722.0,987.83,2022-12-30,1,0,0.0,0.0,0.0,0.0,0.0,0,0.0,0.0,0,0.0,0.0,0.0,0.6944444444444444,0.7777777777777778,10,low_motion_slow_cuts_no_face_dark,,test|video|trend,323,314,0,1.36,0,1.85,0,2.52,2022-12-30,2022-12-31,2022-12-30,2023-01-01,2022-12-30,2023-01-02,0,0,0,84136,3722.0,0.03133480388037934,0.14727444217171368,0.0397045032008913,train,0
vid_0025,Test Video 25,2022-12-25 00:00:00+00:00,chan_5,Channel 5,21,2022-12-31 00:00:00+00:00,test|video|trend,114538,5726,0,572,http://example.com/thumb.jpg,False,False,Test description,youtube,youtube_trending_kaggle,False,,,0,0,,,,,real,2022-12-31 00:00:00+00:00,1.0.0,6298,114538,5726,572,0,144.0,0.055,30402.0,1672.0,30402.0,1672.0,30402.0,1672.0,30402.0,5067.0,1345.0,2022-12-31,1,0,0.0,0.0,0.0,0.0,0.0,0,0.0,0.0,0,0.0,0.0,0.0,0.8421052631578947,0.7894736842105263,10,low_motion_slow_cuts_no_face_dark,,test|video|trend,462,450,0,1.36,0,1.85,0,2.52,2022-12-31,2023-01-01,2022-12-31,2023-01-02,2022-12-31,2023-01-03,0,0,0,114538,5067.0,0.021353547056842143,0.14727444217171368,0.01986369595983274,train,0
vid_0025,Test Video 25,2022-12-25 00:00:00+00:00,chan_5,Channel 5,3,2023-01-01 00:00:00+00:00,test|video|trend,155925,7796,0,779,http://example.com/thumb.jpg,False,False,Test description,youtube,youtube_trending_kaggle,False,,,0,0,,,,,real,2023-01-01 00:00:00+00:00,1.0.0,8575,155925,7796,779,0,168.0,0.055,41387.0,2277.0,41387.0,2277.0,41387.0,2277.0,41387.0,6897.83,1830.83,2023-01-01,1,0,0.0,0.0,0.0,0.0,0.0,0,0.0,0.0,0,0.0,0.0,0.0,0.8205128205128205,0.8205128205128205,10,low_motion_slow_cuts_no_face_dark,,test|video|trend,581,564,0,1.36,0,1.85,0,1.85,2023-01-01,2023-01-02,2023-01-01,2023-01-03,2023-01-01,2023-01-04,0,0,0,155925,6897.83,0.007840497757677157,0.14727444217171368,0.00843997830882609,train,0
vid_0025,Test Video 25,2022-12-25 00:00:00+00:00,chan_5,Channel 5,3,2023-01-02 00:00:00+00:00,test|video|trend,212267,10613,0,1061,http://example.com/thumb.jpg,False,False,Test description,youtube,youtube_trending_kaggle,False,,,0,0,,,,,real,2023-01-02 00:00:00+00:00,1.0.0,11674,212267,10613,1061,0,192.0,0.055,56342.0,3099.0,56342.0,3099.0,56342.0,3099.0,56342.0,9390.33,2492.5,2023-01-02,1,0,0.0,0.0,0.0,0.0,0.0,0,0.0,0.0,0,0.0,0.0,0.0,0.8717948717948718,0.8974358974358975,10,low_motion_slow_cuts_no_face_dark,,test|video|trend,635,615,0,1.36,0,1.36,0,1.36,2023-01-02,2023-01-03,2023-01-02,2023-01-04,2023-01-02,2023-01-05,0,0,0,212267,9390.33,0.0025970483743850393,0.14727444217171368,0.0023095769539213666,train,0
vid_0025,Test Video 25,2022-12-25 00:00:00+00:00,chan_5,Channel 5,5,2023-01-03 00:00:00+00:00,test|video|trend,288967,14448,0,1444,http://example.com/thumb.jpg,False,False,Test description,youtube,youtube_trending_kaggle,False,,,0,0,,,,,real,2023-01-03 00:00:00+00:00,1.0.0,15892,288967,14448,1444,0,216.0,0.055,76700.0,4218.0,76700.0,4218.0,76700.0,4218.0,76700.0,12783.33,3393.0,2023-01-03,1,0,0.0,0.0,0.0,0.0,0.0,0,0.0,0.0,0,0.0,0.0,0.0,0.9032258064516129,0.9032258064516129,10,low_motion_slow_cuts_no_face_dark,,test|video|trend,761,738,0,1.0,0,1.0,0,1.0,2023-01-03,2023-01-04,2023-01-03,2023-01-05,2023-01-03,2023-01-06,0,0,0,288967,12783.33,0.00026563206398687165,0.14727444217171368,0.0002732637060239055,test,0
vid_0026,Test Video 26,2022-12-25 00:00:00+00:00,chan_6,Channel 6,24,2022-12-25 00:00:00+00:00,test|video|trend,18619,930,0,93,http://example.com/thumb.jpg,False,False,Test description,youtube,youtube_trending_kaggle,False,,,0,0,,,,,real,2022-12-25 00:00:00+00:00,1.0.0,1023,18619,930,93,0,0.0,0.0549,0.0,0.0,0.0,0.0,0.0,0.0,0.0,0.0,0.0,,1,0,0.0,0.0,0.0,0.0,0.0,0,0.0,0.0,0,0.0,0.0,0.0,0.2222222222222222,0.07777777777777778,10,low_motion_slow_cuts_no_face_dark,,test|video|trend,55,54,1,1.5,1,2.24,1,3.35,2022-12-25,2022-12-26,2022-12-25,2022-12-27,2022-12-25,2022-12-28,0,0,1,18619,0.0,0.7383575441476554,0.14727444217171368,0.7714831422104593,train,1
vid_0026,Test Video 26,2022-12-25 00:00:00+00:00,chan_6,Channel 6,2,2022-12-26 00:00:00+00:00,test|video|trend,27865,1393,0,139,http://example.com/thumb.jpg,False,False,Test description,youtube,youtube_trending_kaggle,False,,,0,0,,,,,real,2022-12-26 00:00:00+00:00,1.0.0,1532,27865,1393,139,0,24.0,0.055,9246.0,509.0,9246.0,509.0,9246.0,509.0,9246.0,1541.0,0.0,2022-12-26,1,0,0.0,0.0,0.0,0.0,0.0,0,0.0,0.0,0,0.0,0.0,0.0,0.21621621621621623,0.43243243243243246,10,low_motion_slow_cuts_no_face_dark,,test|video|trend,98,95,1,1.5,1,2.24,1,3.35,2022-12-26,2022-12-27,2022-12-26,2022-12-28,2022-12-26,2022-12-29,0,0,1,27865,1541.0,0.9029247630693996,0.14727444217171368,0.8865819039179906,train,1
vid_0026,Test Video 26,2022-12-25 00:00:00+00:00,chan_6,Channel 6,17,2022-12-27 00:00:00+00:00,test|video|trend,41704,2085,0,208,http://example.com/thumb.jpg,False,False,Test description,youtube,youtube_trending_kaggle,False,,,0,0,,,,,real,2022-12-27 00:00:00+00:00,1.0.0,2293,41704,2085,208,0,48.0,0.055,13839.0,761.0,13839.0,761.0,13839.0,761.0,13839.0,2306.5,765.5,2022-12-27,1,0,0.0,0.0,0.0,0.0,0.0,0,0.0,0.0,0,0.0,0.0,0.0,0.42857142857142855,0.6571428571428571,10,low_motion_slow_cuts_no_face_dark,,test|video|trend,125,122,1,1.5,1,2.24,1,3.35,2022-12-27,2022-12-28,2022-12-27,2022-12-29,2022-12-27,2022-12-30,0,0,1,41704,2306.5,0.9618937804800869,0.14727444217171368,0.9434543222838141,train,1
vid_0026,Test Video 26,2022-12-25 00:00:00+00:00,chan_6,Channel 6,19,2022-12-28 00:00:00+00:00,test|video|trend,62415,3120,0,312,http://example.com/thumb.jpg,False,False,Test description,youtube,youtube_trending_kaggle,False,,,0,0,,,,,real,2022-12-28 00:00:00+00:00,1.0.0,3432,62415,3120,312,0,72.0,0.055,20711.0,1139.0,20711.0,1139.0,20711.0,1139.0,20711.0,3451.83,1145.33,2022-12-28,1,0,0.0,0.0,0.0,0.0,0.0,0,0.0,0.0,0,0.0,0.0,0.0,0.6111111111111112,0.7222222222222222,10,low_motion_slow_cuts_no_face_dark,,test|video|trend,191,185,1,1.5,1,2.24,1,3.35,2022-12-28,2022-12-29,2022-12-28,2022-12-30,2022-12-28,2022-12-31,0,0,1,62415,3451.83,0.9813329207693208,0.14727444217171368,0.9847769014670732,train,1
vid_0026,Test Video 26,2022-12-25 00:00:00+00:00,chan_6,Channel 6,21,2022-12-29 00:00:00+00:00,test|video|trend,93412,4670,0,467,http://example.com/thumb.jpg,False,False,Test description,youtube,youtube_trending_kaggle,False,,,0,0,,,,,real,2022-12-29 00:00:00+00:00,1.0.0,5137,93412,4670,467,0,96.0,0.055,30997.0,1705.0,30997.0,1705.0,30997.0,1705.0,30997.0,5166.17,1714.34,2022-12-29,1,0,0.0,0.0,0.0,0.0,0.0,0,0.0,0.0,0,0.0,0.0,0.0,0.7368421052631579,0.8157894736842105,10,low_motion_slow_cuts_no_face_dark,,test|video|trend,297,290,1,1.5,1,2.24,1,3.35,2022-12-29,2022-12-30,2022-12-29,2022-12-31,2022-12-29,2023-01-01,0,0,1,93412,5166.17,0.8450665565336706,0.14727444217171368,0.836446736215287,train,1
vid_0026,Test Video 26,2022-12-25 00:00:00+00:00,chan_6,Channel 6,25,2022-12-30 00:00:00+00:00,test|video|trend,139803,6990,0,699,http://example.com/thumb.jpg,False,False,Test description,youtube,youtube_trending_kaggle,False,,,0,0,,,,,real,2022-12-30 00:00:00+00:00,1.0.0,7689,139803,6990,699,0,120.0,0.055,46391.0,2552.0,46391.0,2552.0,46391.0,2552.0,46391.0,7731.83,2565.66,2022-12-30,1,0,0.0,0.0,0.0,0.0,0.0,0,0.0,0.0,0,0.0,0.0,0.0,0.8648648648648649,0.8648648648648649,10,low_motion_slow_cuts_no_face_dark,,test|video|trend,387,375,1,1.5,1,2.24,1,3.35,2022-12-30,2022-12-31,2022-12-30,2023-01-01,2022-12-30,2023-01-02,0,0,1,139803,7731.83,0.8543526885523005,0.14727444217171368,0.8576579921260656,train,1
vid_0026,Test Video 26,2022-12-25 00:00:00+00:00,chan_6,Channel 6,18,2022-12-31 00:00:00+00:00,test|video|trend,209232,10461,0,1046,http://example.com/thumb.jpg,False,False,Test description,youtube,youtube_trending_kaggle,False,,,0,0,,,,,real,2022-12-31 00:00:00+00:00,1.0.0,11507,209232,10461,1046,0,144.0,0.055,69429.0,3818.0,69429.0,3818.0,69429.0,3818.0,69429.0,11571.5,3839.67,2022-12-31,1,0,0.0,0.0,0.0,0.0,0.0,0,0.0,0.0,0,0.0,0.0,0.0,0.8275862068965517,0.8620689655172413,10,low_motion_slow_cuts_no_face_dark,,test|video|trend,493,479,1,1.5,1,2.24,1,3.35,2022-12-31,2023-01-01,2022-12-31,2023-01-02,2022-12-31,2023-01-03,0,0,1,209232,11571.5,0.9083274769550184,0.14727444217171368,0.9083506269067881,train,1
vid_0026,Test Video 26,2022-12-25 00:00:00+00:00,chan_6,Channel 6,11,2023-01-01 00:00:00+00:00,test|video|trend,313141,15657,0,1565,http://example.com/thumb.jpg,False,False,Test description,youtube,youtube_trending_kaggle,False,,,0,0,,,,,real,2023-01-01 00:00:00+00:00,1.0.0,17222,313141,15657,1565,0,168.0,0.055,103909.0,5715.0,103909.0,5715.0,103909.0,5715.0,103909.0,17318.17,5746.67,2023-01-01,1,0,0.0,0.0,0.0,0.0,0.0,0,0.0,0.0,0,0.0,0.0,0.0,0.967741935483871,0.967741935483871,10,low_motion_slow_cuts_no_face_dark,,test|video|trend,530,515,1,1.5,1,2.24,0,2.24,2023-01-01,2023-01-02,2023-01-01,2023-01-03,2023-01-01,2023-01-04,0,0,0,313141,17318.17,0.05467923111973856,0.14727444217171368,0.059090236140351554,train,0
vid_0026,Test Video 26,2022-12-25 00:00:00+00:00,chan_6,Channel 6,22,2023-01-02 00:00:00+00:00,test|video|trend,468654,23432,0,2343,http://example.com/thumb.jpg,False,False,Test description,youtube,youtube_trending_kaggle,False,,,0,0,,,,,real,2023-01-02 00:00:00+00:00,1.0.0,25775,468654,23432,2343,0,192.0,0.055,155513.0,8553.0,155513.0,8553.0,155513.0,8553.0,155513.0,25918.83,8600.66,2023-01-02,1,0,0.0,0.0,0.0,0.0,0.0,0,0.0,0.0,0,0.0,0.0,0.0,0.9375,0.9375,10,low_motion_slow_cuts_no_face_dark,,test|video|trend,609,591,1,1.5,0,1.5,0,1.5,2023-01-02,2023-01-03,2023-01-02,2023-01-04,2023-01-02,2023-01-05,0,0,0,468654,25918.83,0.0017715134725482583,0.14727444217171368,0.001668781944919369,train,0
vid_0026,Test Video 26,2022-12-25 00:00:00+00:00,chan_6,Channel 6,25,2023-01-03 00:00:00+00:00,test|video|trend,701399,35069,0,3506,http://example.com/thumb.jpg,False,False,Test description,youtube,youtube_trending_kaggle,False,,,0,0,,,,,real,2023-01-03 00:00:00+00:00,1.0.0,38575,701399,35069,3506,0,216.0,0.055,232745.0,12800.0,232745.0,12800.0,232745.0,12800.0,232745.0,38790.83,12872.0,2023-01-03,1,0,0.0,0.0,0.0,0.0,0.0,0,0.0,0.0,0,0.0,0.0,0.0,1.0,1.0,10,low_motion_slow_cuts_no_face_dark,,test|video|trend,754,731,0,1.0,0,1.0,0,1.0,2023-01-03,2023-01-04,2023-01-03,2023-01-05,2023-01-03,2023-01-06,0,0,0,701399,38790.83,0.006808080242211765,0.14727444217171368,0.006023642691354063,test,0
vid_0027,Test Video 27,2022-12-29 00:00:00+00:00,chan_7,Channel 7,25,2022-12-29 00:00:00+00:00,test|video|trend,11843,592,0,59,http://example.com/thumb.jpg,False,False,Test description,youtube,youtube_trending_kaggle,False,,,0,0,,,,,real,2022-12-29 00:00:00+00:00,1.0.0,651,11843,592,59,0,0.0,0.055,0.0,0.0,0.0,0.0,0.0,0.0,0.0,0.0,0.0,,1,0,0.0,0.0,0.0,0.0,0.0,0,0.0,0.0,0,0.0,0.0,0.0,0.10810810810810811,0.06756756756756757,10,low_motion_slow_cuts_no_face_dark,,test|video|trend,303,296,0,1.12,0,1.26,0,1.41,2022-12-29,2022-12-30,2022-12-29,2022-12-31,2022-12-29,2023-01-01,0,0,0,11843,0.0,0.015982329488622053,0.14727444217171368,0.014099676893185488,train,0
vid_0027,Test Video 27,2022-12-29 00:00:00+00:00,chan_7,Channel 7,21,2022-12-30 00:00:00+00:00,test|video|trend,13267,663,0,66,http://example.com/thumb.jpg,False,False,Test description,youtube,youtube_trending_kaggle,False,,,0,0,,,,,real,2022-12-30 00:00:00+00:00,1.0.0,729,13267,663,66,0,24.0,0.0549,1424.0,78.0,1424.0,78.0,1424.0,78.0,1424.0,237.33,0.0,2022-12-30,1,0,0.0,0.0,0.0,0.0,0.0,0,0.0,0.0,0,0.0,0.0,0.0,0.10526315789473684,0.15789473684210525,10,low_motion_slow_cuts_no_face_dark,,test|video|trend,397,385,0,1.12,0,1.26,0,1.41,2022-12-30,2022-12-31,2022-12-30,2023-01-01,2022-12-30,2023-01-02,0,0,0,13267,237.33,0.012825155567248963,0.14727444217171368,0.006554512171603365,train,0
vid_0027,Test Video 27,2022-12-29 00:00:00+00:00,chan_7,Channel 7,14,2022-12-31 00:00:00+00:00,test|video|trend,14863,743,0,74,http://example.com/thumb.jpg,False,False,Test description,youtube,youtube_trending_kaggle,False,,,0,0,,,,,real,2022-12-31 00:00:00+00:00,1.0.0,817,14863,743,74,0,48.0,0.055,1596.0,88.0,1596.0,88.0,1596.0,88.0,1596.0,266.0,28.67,2022-12-31,1,0,0.0,0.0,0.0,0.0,0.0,0,0.0,0.0,0,0.0,0.0,0.0,0.16666666666666666,0.2222222222222222,10,low_motion_slow_cuts_no_face_dark,,test|video|trend,490,476,0,1.12,0,1.26,0,1.41,2022-12-31,2023-01-01,2022-12-31,2023-01-02,2022-12-31,2023-01-03,0,0,0,14863,266.0,0.0004407893848653372,0.14727444217171368,0.001150646241696162,train,0
vid_0027,Test Video 27,2022-12-29 00:00:00+00:00,chan_7,Channel 7,10,2023-01-01 00:00:00+00:00,test|video|trend,16651,832,0,83,http://example.com/thumb.jpg,False,False,Test description,youtube,youtube_trending_kaggle,False,,,0,0,,,,,real,2023-01-01 00:00:00+00:00,1.0.0,915,16651,832,83,0,72.0,0.055,1788.0,98.0,1788.0,98.0,1788.0,98.0,1788.0,298.0,32.0,2023-01-01,1,0,0.0,0.0,0.0,0.0,0.0,0,0.0,0.0,0,0.0,0.0,0.0,0.21212121212121213,0.2727272727272727,10,low_motion_slow_cuts_no_face_dark,,test|video|trend,549,533,0,1.12,0,1.26,0,1.41,2023-01-01,2023-01-02,2023-01-01,2023-01-03,2023-01-01,2023-01-04,0,0,0,16651,298.0,0.0002572247874751981,0.14727444217171368,0.00019802656415669634,train,0
vid_0027,Test Video 27,2022-12-29 00:00:00+00:00,chan_7,Channel 7,20,2023-01-02 00:00:00+00:00,test|video|trend,18654,932,0,93,http://example.com/thumb.jpg,False,False,Test description,youtube,youtube_trending_kaggle,False,,,0,0,,,,,real,2023-01-02 00:00:00+00:00,1.0.0,1025,18654,932,93,0,96.0,0.0549,2003.0,110.0,2003.0,110.0,2003.0,110.0,2003.0,333.83,35.83,2023-01-02,1,0,0.0,0.0,0.0,0.0,0.0,0,0.0,0.0,0,0.0,0.0,0.0,0.16129032258064516,0.3548387096774194,10,low_motion_slow_cuts_no_face_dark,,test|video|trend,604,586,0,1.12,0,1.26,0,1.41,2023-01-02,2023-01-03,2023-01-02,2023-01-04,2023-01-02,2023-01-05,0,0,0,18654,333.83,0.006106340083056121,0.14727444217171368,0.0038041324099951372,train,0
vid_0027,Test Video 27,2022-12-29 00:00:00+00:00,chan_7,Channel 7,26,2023-01-03 00:00:00+00:00,test|video|trend,20898,1044,0,104,http://example.com/thumb.jpg,False,False,Test description,youtube,youtube_trending_kaggle,False,,,0,0,,,,,real,2023-01-03 00:00:00+00:00,1.0.0,1148,20898,1044,104,0,120.0,0.0549,2244.0,123.0,2244.0,123.0,2244.0,123.0,2244.0,374.0,40.17,2023-01-03,1,0,0.0,0.0,0.0,0.0,0.0,0,0.0,0.0,0,0.0,0.0,0.0,0.19230769230769232,0.28846153846153844,10,low_motion_slow_cuts_no_face_dark,,test|video|trend,749,726,0,1.12,0,1.26,0,1.41,2023-01-03,2023-01-04,2023-01-03,2023-01-05,2023-01-03,2023-01-06,0,0,0,20898,374.0,0.0017350471591275937,0.14727444217171368,0.0014789360537476731,test,0
vid_0027,Test Video 27,2022-12-29 00:00:00+00:00,chan_7,Channel 7,22,2023-01-04 00:00:00+00:00,test|video|trend,23412,1170,0,117,http://example.com/thumb.jpg,False,False,Test description,youtube,youtube_trending_kaggle,False,,,0,0,,,,,real,2023-01-04 00:00:00+00:00,1.0.0,1287,23412,1170,117,0,144.0,0.055,2514.0,139.0,2514.0,139.0,2514.0,139.0,2514.0,419.0,45.0,2023-01-04,1,0,0.0,0.0,0.0,0.0,0.0,0,0.0,0.0,0,0.0,0.0,0.0,0.25,0.28125,10,low_motion_slow_cuts_no_face_dark,,test|video|trend,788,765,0,1.12,0,1.26,0,1.41,2023-01-04,2023-01-05,2023-01-04,2023-01-06,2023-01-04,2023-01-07,0,0,0,23412,419.0,0.00011437002092577032,0.14727444217171368,0.00017121481127467796,test,0
vid_0027,Test Video 27,2022-12-29 00:00:00+00:00,chan_7,Channel 7,16,2023-01-05 00:00:00+00:00,test|video|trend,26228,1311,0,131,http://example.com/thumb.jpg,False,False,Test description,youtube,youtube_trending_kaggle,False,,,0,0,,,,,real,2023-01-05 00:00:00+00:00,1.0.0,1442,26228,1311,131,0,168.0,0.055,2816.0,155.0,2816.0,155.0,2816.0,155.0,2816.0,469.33,50.33,2023-01-05,1,0,0.0,0.0,0.0,0.0,0.0,0,0.0,0.0,0,0.0,0.0,0.0,0.25,0.2916666666666667,10,low_motion_slow_cuts_no_face_dark,,test|video|trend,880,853,0,1.12,0,1.26,0,1.26,2023-01-05,2023-01-06,2023-01-05,2023-01-07,2023-01-05,2023-01-08,0,0,0,26228,469.33,6.883353980112614e-05,0.14727444217171368,5.818176880901018e-05,test,0
vid_0027,Test Video 27,2022-12-29 00:00:00+00:00,chan_7,Channel 7,29,2023-01-06 00:00:00+00:00,test|video|trend,29383,1469,0,146,http://example.com/thumb.jpg,False,False,Test description,youtube,youtube_trending_kaggle,False,,,0,0,,,,,real,2023-01-06 00:00:00+00:00,1.0.0,1615,29383,1469,146,0,192.0,0.055,3155.0,173.0,3155.0,173.0,3155.0,173.0,3155.0,525.83,56.5,2023-01-06,1,0,0.0,0.0,0.0,0.0,0.0,0,0.0,0.0,0,0.0,0.0,0.0,0.25806451612903225,0.2903225806451613,10,low_motion_slow_cuts_no_face_dark,,test|video|trend,903,875,0,1.12,0,1.12,0,1.12,2023-01-06,2023-01-07,2023-01-06,2023-01-08,2023-01-06,2023-01-09,0,0,0,29383,525.83,2.0710098407956378e-05,0.14727444217171368,1.9903859943333514e-05,test,0
vid_0027,Test Video 27,2022-12-29 00:00:00+00:00,chan_7,Channel 7,16,2023-01-07 00:00:00+00:00,test|video|trend,32917,1645,0,164,http://example.com/thumb.jpg,False,False,Test description,youtube,youtube_trending_kaggle,False,,,0,0,,,,,real,2023-01-07 00:00:00+00:00,1.0.0,1809,32917,1645,164,0,216.0,0.055,3534.0,194.0,3534.0,194.0,3534.0,194.0,3534.0,589.0,63.17,2023-01-07,1,0,0.0,0.0,0.0,0.0,0.0,0,0.0,0.0,0,0.0,0.0,0.0,0.375,0.375,10,low_motion_slow_cuts_no_face_dark,,test|video|trend,946,917,0,1.0,0,1.0,0,1.0,2023-01-07,2023-01-08,2023-01-07,2023-01-09,2023-01-07,2023-01-10,0,0,0,32917,589.0,9.393628585977338e-06,0.14727444217171368,6.818496826861234e-06,test,0
vid_0028,Test Video 28,2022-12-23 00:00:00+00:00,chan_8,Channel 8,26,2022-12-23 00:00:00+00:00,test|video|trend,23508,1175,0,117,http://example.com/thumb.jpg,False,False,Test description,youtube,youtube_trending_kaggle,False,,,0,0,,,,,real,2022-12-23 00:00:00+00:00,1.0.0,1292,23508,1175,117,0,0.0,0.055,0.0,0.0,0.0,0.0,0.0,0.0,0.0,0.0,0.0,,1,0,0.0,0.0,0.0,0.0,0.0,0,0.0,0.0,0,0.0,0.0,0.0,0.25,0.08653846153846154,10,low_motion_slow_cuts_no_face_dark,,test|video|trend,4,4,0,1.19,0,1.42,0,1.7,2022-12-23,2022-12-24,2022-12-23,2022-12-25,2022-12-23,2022-12-26,0,0,0,23508,0.0,0.042186045253835916,0.14727444217171368,0.062297397087388295,train,0
vid_0028,Test Video 28,2022-12-23 00:00:00+00:00,chan_8,Channel 8,14,2022-12-24 00:00:00+00:00,test|video|trend,28059,1402,0,140,http://example.com/thumb.jpg,False,False,Test description,youtube,youtube_trending_kaggle,False,,,0,0,,,,,real,2022-12-24 00:00:00+00:00,1.0.0,1542,28059,1402,140,0,24.0,0.055,4551.0,250.0,4551.0,250.0,4551.0,250.0,4551.0,758.5,0.0,2022-12-24,1,0,0.0,0.0,0.0,0.0,0.0,0,0.0,0.0,0,0.0,0.0,0.0,0.3055555555555556,0.3333333333333333,10,low_motion_slow_cuts_no_face_dark,,test|video|trend,31,30,0,1.19,0,1.42,0,1.7,2022-12-24,2022-12-25,2022-12-24,2022-12-26,2022-12-24,2022-12-27,0,0,0,28059,758.5,0.0011679114671064705,0.14727444217171368,0.001598170482744572,train,0
vid_0028,Test Video 28,2022-12-23 00:00:00+00:00,chan_8,Channel 8,8,2022-12-25 00:00:00+00:00,test|video|trend,33493,1674,0,167,http://example.com/thumb.jpg,False,False,Test description,youtube,youtube_trending_kaggle,False,,,0,0,,,,,real,2022-12-25 00:00:00+00:00,1.0.0,1841,33493,1674,167,0,48.0,0.055,5434.0,299.0,5434.0,299.0,5434.0,299.0,5434.0,905.67,147.17,2022-12-25,1,0,0.0,0.0,0.0,0.0,0.0,0,0.0,0.0,0,0.0,0.0,0.0,0.3488372093023256,0.4883720930232558,10,low_motion_slow_cuts_no_face_dark,,test|video|trend,53,52,0,1.19,0,1.42,0,1.7,2022-12-25,2022-12-26,2022-12-25,2022-12-27,2022-12-25,2022-12-28,0,0,0,33493,905.67,3.7369479936322666e-05,0.14727444217171368,6.818649084610882e-05,train,0
vid_0028,Test Video 28,2022-12-23 00:00:00+00:00,chan_8,Channel 8,8,2022-12-26 00:00:00+00:00,test|video|trend,39978,1998,0,199,http://example.com/thumb.jpg,False,False,Test description,youtube,youtube_trending_kaggle,False,,,0,0,,,,,real,2022-12-26 00:00:00+00:00,1.0.0,2197,39978,1998,199,0,72.0,0.055,6485.0,356.0,6485.0,356.0,6485.0,356.0,6485.0,1080.83,175.16,2022-12-26,1,0,0.0,0.0,0.0,0.0,0.0,0,0.0,0.0,0,0.0,0.0,0.0,0.3953488372093023,0.5348837209302325,10,low_motion_slow_cuts_no_face_dark,,test|video|trend,71,69,0,1.19,0,1.42,0,1.7,2022-12-26,2022-12-27,2022-12-26,2022-12-28,2022-12-26,2022-12-29,0,0,0,39978,1080.83,0.000506095985059085,0.14727444217171368,0.0006171310459119506,train,0
vid_0028,Test Video 28,2022-12-23 00:00:00+00:00,chan_8,Channel 8,18,2022-12-27 00:00:00+00:00,test|video|trend,47720,2386,0,238,http://example.com/thumb.jpg,False,False,Test description,youtube,youtube_trending_kaggle,False,,,0,0,,,,,real,2022-12-27 00:00:00+00:00,1.0.0,2624,47720,2386,238,0,96.0,0.055,7742.0,427.0,7742.0,427.0,7742.0,427.0,7742.0,1290.33,209.5,2022-12-27,1,0,0.0,0.0,0.0,0.0,0.0,0,0.0,0.0,0,0.0,0.0,0.0,0.4827586206896552,0.4827586206896552,10,low_motion_slow_cuts_no_face_dark,,test|video|trend,131,128,0,1.19,0,1.42,0,1.7,2022-12-27,2022-12-28,2022-12-27,2022-12-29,2022-12-27,2022-12-30,0,0,0,47720,1290.33,4.302483568648598e-05,0.14727444217171368,3.123030084760622e-05,train,0
vid_0028,Test Video 28,2022-12-23 00:00:00+00:00,chan_8,Channel 8,14,2022-12-28 00:00:00+00:00,test|video|trend,56960,2848,0,284,http://example.com/thumb.jpg,False,False,Test description,youtube,youtube_trending_kaggle,False,,,0,0,,,,,real,2022-12-28 00:00:00+00:00,1.0.0,3132,56960,2848,284,0,120.0,0.055,9240.0,508.0,9240.0,508.0,9240.0,508.0,9240.0,1540.0,249.67,2022-12-28,1,0,0.0,0.0,0.0,0.0,0.0,0,0.0,0.0,0,0.0,0.0,0.0,0.5555555555555556,0.5277777777777778,10,low_motion_slow_cuts_no_face_dark,,test|video|trend,183,177,0,1.19,0,1.42,0,1.7,2022-12-28,2022-12-29,2022-12-28,2022-12-30,2022-12-28,2022-12-31,0,0,0,56960,1540.0,4.019553189376838e-05,0.14727444217171368,4.217029604054947e-05,train,0
vid_0028,Test Video 28,2022-12-23 00:00:00+00:00,chan_8,Channel 8,21,2022-12-29 00:00:00+00:00,test|video|trend,67990,3399,0,339,http://example.com/thumb.jpg,False,False,Test description,youtube,youtube_trending_kaggle,False,,,0,0,,,,,real,2022-12-29 00:00:00+00:00,1.0.0,3738,67990,3399,339,0,144.0,0.055,11030.0,606.0,11030.0,606.0,11030.0,606.0,11030.0,1838.33,298.33,2022-12-29,1,0,0.0,0.0,0.0,0.0,0.0,0,0.0,0.0,0,0.0,0.0,0.0,0.47368421052631576,0.42105263157894735,10,low_motion_slow_cuts_no_face_dark,,test|video|trend,296,289,0,1.19,0,1.42,0,1.7,2022-12-29,2022-12-30,2022-12-29,2022-12-31,2022-12-29,2023-01-01,0,0,0,67990,1838.33,7.803433965679112e-05,0.14727444217171368,4.43368921414994e-05,train,0
vid_0028,Test Video 28,2022-12-23 00:00:00+00:00,chan_8,Channel 8,1,2022-12-30 00:00:00+00:00,test|video|trend,81155,4057,0,405,http://example.com/thumb.jpg,False,False,Test description,youtube,youtube_trending_kaggle,False,,,0,0,,,,,real,2022-12-30 00:00:00+00:00,1.0.0,4462,81155,4057,405,0,168.0,0.055,13165.0,724.0,13165.0,724.0,13165.0,724.0,13165.0,2194.17,355.84,2022-12-30,1,0,0.0,0.0,0.0,0.0,0.0,0,0.0,0.0,0,0.0,0.0,0.0,0.7878787878787878,0.7272727272727273,10,low_motion_slow_cuts_no_face_dark,,test|video|trend,376,365,0,1.19,0,1.42,0,1.42,2022-12-30,2022-12-31,2022-12-30,2023-01-01,2022-12-30,2023-01-02,0,0,0,81155,2194.17,2.416045564811523e-05,0.14727444217171368,1.6267951229551207e-05,train,0
vid_0028,Test Video 28,2022-12-23 00:00:00+00:00,chan_8,Channel 8,4,2022-12-31 00:00:00+00:00,test|video|trend,96870,4843,0,484,http://example.com/thumb.jpg,False,False,Test description,youtube,youtube_trending_kaggle,False,,,0,0,,,,,real,2022-12-31 00:00:00+00:00,1.0.0,5327,96870,4843,484,0,192.0,0.055,15715.0,865.0,15715.0,865.0,15715.0,865.0,15715.0,2619.17,425.0,2022-12-31,1,0,0.0,0.0,0.0,0.0,0.0,0,0.0,0.0,0,0.0,0.0,0.0,0.631578947368421,0.5789473684210527,10,low_motion_slow_cuts_no_face_dark,,test|video|trend,472,459,0,1.19,0,1.19,0,1.19,2022-12-31,2023-01-01,2022-12-31,2023-01-02,2022-12-31,2023-01-03,0,0,0,96870,2619.17,0.0002799476084751293,0.14727444217171368,0.00046113131480047344,train,0
vid_0028,Test Video 28,2022-12-23 00:00:00+00:00,chan_8,Channel 8,8,2023-01-01 00:00:00+00:00,test|video|trend,115628,5781,0,578,http://example.com/thumb.jpg,False,False,Test description,youtube,youtube_trending_kaggle,False,,,0,0,,,,,real,2023-01-01 00:00:00+00:00,1.0.0,6359,115628,5781,578,0,216.0,0.055,18758.0,1032.0,18758.0,1032.0,18758.0,1032.0,18758.0,3126.33,507.16,2023-01-01,1,0,0.0,0.0,0.0,0.0,0.0,0,0.0,0.0,0,0.0,0.0,0.0,0.7906976744186046,0.7209302325581395,10,low_motion_slow_cuts_no_face_dark,,test|video|trend,562,546,0,1.0,0,1.0,0,1.0,2023-01-01,2023-01-02,2023-01-01,2023-01-03,2023-01-01,2023-01-04,0,0,0,115628,3126.33,0.00020872412420294988,0.14727444217171368,0.0001783595334175383,train,0
vid_0029,Test Video 29,2022-12-26 00:00:00+00:00,chan_9,Channel 9,12,2022-12-26 00:00:00+00:00,test|video|trend,4783,239,0,23,http://example.com/thumb.jpg,False,False,Test description,youtube,youtube_trending_kaggle,False,,,0,0,,,,,real,2022-12-26 00:00:00+00:00,1.0.0,262,4783,239,23,0,0.0,0.0548,0.0,0.0,0.0,0.0,0.0,0.0,0.0,0.0,0.0,,1,0,0.0,0.0,0.0,0.0,0.0,0,0.0,0.0,0,0.0,0.0,0.0,0.06666666666666667,0.08333333333333333,10,low_motion_slow_cuts_no_face_dark,,test|video|trend,80,78,0,1.28,0,1.64,0,2.09,2022-12-26,2022-12-27,2022-12-26,2022-12-28,2022-12-26,2022-12-29,0,0,0,4783,0.0,0.006577024974775155,0.14727444217171368,0.0054315464388911125,train,0
vid_0029,Test Video 29,2022-12-26 00:00:00+00:00,chan_9,Channel 9,17,2022-12-27 00:00:00+00:00,test|video|trend,6117,305,0,30,http://example.com/thumb.jpg,False,False,Test description,youtube,youtube_trending_kaggle,False,,,0,0,,,,,real,2022-12-27 00:00:00+00:00,1.0.0,335,6117,305,30,0,24.0,0.0548,1334.0,73.0,1334.0,73.0,1334.0,73.0,1334.0,222.33,0.0,2022-12-27,1,0,0.0,0.0,0.0,0.0,0.0,0,0.0,0.0,0,0.0,0.0,0.0,0.08571428571428572,0.2,10,low_motion_slow_cuts_no_face_dark,,test|video|trend,112,109,0,1.28,0,1.64,0,2.09,2022-12-27,2022-12-28,2022-12-27,2022-12-29,2022-12-27,2022-12-30,0,0,0,6117,222.33,0.01609618403202933,0.14727444217171368,0.022678719869198033,train,0
vid_0029,Test Video 29,2022-12-26 00:00:00+00:00,chan_9,Channel 9,10,2022-12-28 00:00:00+00:00,test|video|trend,7825,391,0,39,http://example.com/thumb.jpg,False,False,Test description,youtube,youtube_trending_kaggle,False,,,0,0,,,,,real,2022-12-28 00:00:00+00:00,1.0.0,430,7825,391,39,0,48.0,0.055,1708.0,95.0,1708.0,95.0,1708.0,95.0,1708.0,284.67,62.34,2022-12-28,1,0,0.0,0.0,0.0,0.0,0.0,0,0.0,0.0,0,0.0,0.0,0.0,0.06060606060606061,0.24242424242424243,10,low_motion_slow_cuts_no_face_dark,,test|video|trend,179,175,0,1.28,0,1.64,0,2.09,2022-12-28,2022-12-29,2022-12-28,2022-12-30,2022-12-28,2022-12-31,0,0,0,7825,284.67,0.021186219418066136,0.14727444217171368,0.01930883734383602,train,0
vid_0029,Test Video 29,2022-12-26 00:00:00+00:00,chan_9,Channel 9,28,2022-12-29 00:00:00+00:00,test|video|trend,10008,500,0,50,http://example.com/thumb.jpg,False,False,Test description,youtube,youtube_trending_kaggle,False,,,0,0,,,,,real,2022-12-29 00:00:00+00:00,1.0.0,550,10008,500,50,0,72.0,0.055,2183.0,120.0,2183.0,120.0,2183.0,120.0,2183.0,363.83,79.16,2022-12-29,1,0,0.0,0.0,0.0,0.0,0.0,0,0.0,0.0,0,0.0,0.0,0.0,0.13333333333333333,0.2,10,low_motion_slow_cuts_no_face_dark,,test|video|trend,306,299,0,1.28,0,1.64,0,2.09,2022-12-29,2022-12-30,2022-12-29,2022-12-31,2022-12-29,2023-01-01,0,0,0,10008,363.83,0.051936649497414535,0.14727444217171368,0.05097375934007213,train,0
vid_0029,Test Video 29,2022-12-26 00:00:00+00:00,chan_9,Channel 9,11,2022-12-30 00:00:00+00:00,test|video|trend,12801,640,0,64,http://example.com/thumb.jpg,False,False,Test description,youtube,youtube_trending_kaggle,False,,,0,0,,,,,real,2022-12-30 00:00:00+00:00,1.0.0,704,12801,640,64,0,96.0,0.055,2793.0,154.0,2793.0,154.0,2793.0,154.0,2793.0,465.5,101.67,2022-12-30,1,0,0.0,0.0,0.0,0.0,0.0,0,0.0,0.0,0,0.0,0.0,0.0,0.12903225806451613,0.25806451612903225,10,low_motion_slow_cuts_no_face_dark,,test|video|trend,383,371,0,1.28,0,1.64,0,2.09,2022-12-30,2022-12-31,2022-12-30,2023-01-01,2022-12-30,2023-01-02,0,0,0,12801,465.5,0.014040544876932487,0.14727444217171368,0.011552096665371568,train,0
vid_0029,Test Video 29,2022-12-26 00:00:00+00:00,chan_9,Channel 9,24,2022-12-31 00:00:00+00:00,test|video|trend,16374,818,0,81,http://example.com/thumb.jpg,False,False,Test description,youtube,youtube_trending_kaggle,False,,,0,0,,,,,real,2022-12-31 00:00:00+00:00,1.0.0,899,16374,818,81,0,120.0,0.0549,3573.0,195.0,3573.0,195.0,3573.0,195.0,3573.0,595.5,130.0,2022-12-31,1,0,0.0,0.0,0.0,0.0,0.0,0,0.0,0.0,0,0.0,0.0,0.0,0.17777777777777778,0.4,10,low_motion_slow_cuts_no_face_dark,,test|video|trend,485,471,0,1.28,0,1.64,0,2.09,2022-12-31,2023-01-01,2022-12-31,2023-01-02,2022-12-31,2023-01-03,0,0,0,16374,595.5,0.005531988916904979,0.14727444217171368,0.005937044687586897,train,0
vid_0029,Test Video 29,2022-12-26 00:00:00+00:00,chan_9,Channel 9,7,2023-01-01 00:00:00+00:00,test|video|trend,20944,1047,0,104,http://example.com/thumb.jpg,False,False,Test description,youtube,youtube_trending_kaggle,False,,,0,0,,,,,real,2023-01-01 00:00:00+00:00,1.0.0,1151,20944,1047,104,0,144.0,0.055,4570.0,252.0,4570.0,252.0,4570.0,252.0,4570.0,761.67,166.17,2023-01-01,1,0,0.0,0.0,0.0,0.0,0.0,0,0.0,0.0,0,0.0,0.0,0.0,0.2972972972972973,0.4864864864864865,10,low_motion_slow_cuts_no_face_dark,,test|video|trend,528,513,0,1.28,0,1.64,0,2.09,2023-01-01,2023-01-02,2023-01-01,2023-01-03,2023-01-01,2023-01-04,0,0,0,20944,761.67,0.00016928563281892552,0.14727444217171368,0.0007237595180540537,train,0
vid_0029,Test Video 29,2022-12-26 00:00:00+00:00,chan_9,Channel 9,4,2023-01-02 00:00:00+00:00,test|video|trend,26788,1339,0,133,http://example.com/thumb.jpg,False,False,Test description,youtube,youtube_trending_kaggle,False,,,0,0,,,,,real,2023-01-02 00:00:00+00:00,1.0.0,1472,26788,1339,133,0,168.0,0.0549,5844.0,321.0,5844.0,321.0,5844.0,321.0,5844.0,974.0,212.33,2023-01-02,1,0,0.0,0.0,0.0,0.0,0.0,0,0.0,0.0,0,0.0,0.0,0.0,0.23684210526315788,0.42105263157894735,10,low_motion_slow_cuts_no_face_dark,,test|video|trend,665,645,0,1.28,0,1.64,0,1.64,2023-01-02,2023-01-03,2023-01-02,2023-01-04,2023-01-02,2023-01-05,0,0,0,26788,974.0,0.00037372049535730646,0.14727444217171368,0.00038013025916099855,train,0
vid_0029,Test Video 29,2022-12-26 00:00:00+00:00,chan_9,Channel 9,7,2023-01-03 00:00:00+00:00,test|video|trend,34264,1713,0,171,http://example.com/thumb.jpg,False,False,Test description,youtube,youtube_trending_kaggle,False,,,0,0,,,,,real,2023-01-03 00:00:00+00:00,1.0.0,1884,34264,1713,171,0,192.0,0.055,7476.0,412.0,7476.0,412.0,7476.0,412.0,7476.0,1246.0,272.0,2023-01-03,1,0,0.0,0.0,0.0,0.0,0.0,0,0.0,0.0,0,0.0,0.0,0.0,0.43243243243243246,0.5675675675675675,10,low_motion_slow_cuts_no_face_dark,,test|video|trend,764,741,0,1.28,0,1.28,0,1.28,2023-01-03,2023-01-04,2023-01-03,2023-01-05,2023-01-03,2023-01-06,0,0,0,34264,1246.0,0.00017757211878765192,0.14727444217171368,0.00018047641272638394,test,0
vid_0029,Test Video 29,2022-12-26 00:00:00+00:00,chan_9,Channel 9,24,2023-01-04 00:00:00+00:00,test|video|trend,43826,2191,0,219,http://example.com/thumb.jpg,False,False,Test description,youtube,youtube_trending_kaggle,False,,,0,0,,,,,real,2023-01-04 00:00:00+00:00,1.0.0,2410,43826,2191,219,0,216.0,0.055,9562.0,526.0,9562.0,526.0,9562.0,526.0,9562.0,1593.67,347.67,2023-01-04,1,0,0.0,0.0,0.0,0.0,0.0,0,0.0,0.0,0,0.0,0.0,0.0,0.4444444444444444,0.6,10,low_motion_slow_cuts_no_face_dark,,test|video|trend,785,762,0,1.0,0,1.0,0,1.0,2023-01-04,2023-01-05,2023-01-04,2023-01-06,2023-01-04,2023-01-07,0,0,0,43826,1593.67,0.0002565961395354534,0.14727444217171368,0.00017098143510052582,test,0
vid_0030,Test Video 30,2022-12-27 00:00:00+00:00,chan_0,Channel 0,16,2022-12-27 00:00:00+00:00,test|video|trend,12779,638,0,63,http://example.com/thumb.jpg,False,False,Test description,youtube,youtube_trending_kaggle,False,,,0,0,,,,,real,2022-12-27 00:00:00+00:00,1.0.0,701,12779,638,63,0,0.0,0.0549,0.0,0.0,0.0,0.0,0.0,0.0,0.0,0.0,0.0,,1,0,0.0,0.0,0.0,0.0,0.0,0,0.0,0.0,0,0.0,0.0,0.0,0.20833333333333334,0.10416666666666667,10,low_motion_slow_cuts_no_face_dark,,test|video|trend,137,134,0,1.32,0,1.74,0,2.3,2022-12-27,2022-12-28,2022-12-27,2022-12-29,2022-12-27,2022-12-30,0,0,0,12779,0.0,0.17902589683676715,0.14727444217171368,0.19170762281091,train,0
vid_0030,Test Video 30,2022-12-27 00:00:00+00:00,chan_0,Channel 0,24,2022-12-28 00:00:00+00:00,test|video|trend,16865,843,0,84,http://example.com/thumb.jpg,False,False,Test description,youtube,youtube_trending_kaggle,False,,,0,0,,,,,real,2022-12-28 00:00:00+00:00,1.0.0,927,16865,843,84,0,24.0,0.055,4086.0,226.0,4086.0,226.0,4086.0,226.0,4086.0,681.0,0.0,2022-12-28,1,0,0.0,0.0,0.0,0.0,0.0,0,0.0,0.0,0,0.0,0.0,0.0,0.2,0.4444444444444444,10,low_motion_slow_cuts_no_face_dark,,test|video|trend,227,221,0,1.32,0,1.74,0,2.3,2022-12-28,2022-12-29,2022-12-28,2022-12-30,2022-12-28,2022-12-31,0,0,0,16865,681.0,0.034180542037448476,0.14727444217171368,0.051928639176470615,train,0
vid_0030,Test Video 30,2022-12-27 00:00:00+00:00,chan_0,Channel 0,19,2022-12-29 00:00:00+00:00,test|video|trend,22258,1112,0,111,http://example.com/thumb.jpg,False,False,Test description,youtube,youtube_trending_kaggle,False,,,0,0,,,,,real,2022-12-29 00:00:00+00:00,1.0.0,1223,22258,1112,111,0,48.0,0.0549,5393.0,296.0,5393.0,296.0,5393.0,296.0,5393.0,898.83,217.83,2022-12-29,1,0,0.0,0.0,0.0,0.0,0.0,0,0.0,0.0,0,0.0,0.0,0.0,0.16666666666666666,0.3333333333333333,10,low_motion_slow_cuts_no_face_dark,,test|video|trend,237,231,0,1.32,0,1.74,0,2.3,2022-12-29,2022-12-30,2022-12-29,2022-12-31,2022-12-29,2023-01-01,0,0,0,22258,898.83,0.006081092950870026,0.14727444217171368,0.007654487212932938,train,0
vid_0030,Test Video 30,2022-12-27 00:00:00+00:00,chan_0,Channel 0,7,2022-12-30 00:00:00+00:00,test|video|trend,29377,1468,0,146,http://example.com/thumb.jpg,False,False,Test description,youtube,youtube_trending_kaggle,False,,,0,0,,,,,real,2022-12-30 00:00:00+00:00,1.0.0,1614,29377,1468,146,0,72.0,0.0549,7119.0,391.0,7119.0,391.0,7119.0,391.0,7119.0,1186.5,287.67,2022-12-30,1,0,0.0,0.0,0.0,0.0,0.0,0,0.0,0.0,0,0.0,0.0,0.0,0.40540540540540543,0.5405405405405406,10,low_motion_slow_cuts_no_face_dark,,test|video|trend,388,376,0,1.32,0,1.74,0,2.3,2022-12-30,2022-12-31,2022-12-30,2023-01-01,2022-12-30,2023-01-02,0,0,0,29377,1186.5,0.006000626865466013,0.14727444217171368,0.014818798543977971,train,0
vid_0030,Test Video 30,2022-12-27 00:00:00+00:00,chan_0,Channel 0,2,2022-12-31 00:00:00+00:00,test|video|trend,38771,1938,0,193,http://example.com/thumb.jpg,False,False,Test description,youtube,youtube_trending_kaggle,False,,,0,0,,,,,real,2022-12-31 00:00:00+00:00,1.0.0,2131,38771,1938,193,0,96.0,0.055,9394.0,517.0,9394.0,517.0,9394.0,517.0,9394.0,1565.67,379.17,2022-12-31,1,0,0.0,0.0,0.0,0.0,0.0,0,0.0,0.0,0,0.0,0.0,0.0,0.2972972972972973,0.4594594594594595,10,low_motion_slow_cuts_no_face_dark,,test|video|trend,492,478,0,1.32,0,1.74,0,2.3,2022-12-31,2023-01-01,2022-12-31,2023-01-02,2022-12-31,2023-01-03,0,0,0,38771,1565.67,0.0042856728936128555,0.14727444217171368,0.004265500201048416,train,0
vid_0030,Test Video 30,2022-12-27 00:00:00+00:00,chan_0,Channel 0,8,2023-01-01 00:00:00+00:00,test|video|trend,51170,2558,0,255,http://example.com/thumb.jpg,False,False,Test description,youtube,youtube_trending_kaggle,False,,,0,0,,,,,real,2023-01-01 00:00:00+00:00,1.0.0,2813,51170,2558,255,0,120.0,0.055,12399.0,682.0,12399.0,682.0,12399.0,682.0,12399.0,2066.5,500.83,2023-01-01,1,0,0.0,0.0,0.0,0.0,0.0,0,0.0,0.0,0,0.0,0.0,0.0,0.5348837209302325,0.627906976744186,10,low_motion_slow_cuts_no_face_dark,,test|video|trend,571,554,0,1.32,0,1.74,0,2.3,2023-01-01,2023-01-02,2023-01-01,2023-01-03,2023-01-01,2023-01-04,0,0,0,51170,2066.5,0.001731330838338959,0.14727444217171368,0.0012971084123946125,train,0
vid_0030,Test Video 30,2022-12-27 00:00:00+00:00,chan_0,Channel 0,15,2023-01-02 00:00:00+00:00,test|video|trend,67533,3376,0,337,http://example.com/thumb.jpg,False,False,Test description,youtube,youtube_trending_kaggle,False,,,0,0,,,,,real,2023-01-02 00:00:00+00:00,1.0.0,3713,67533,3376,337,0,144.0,0.055,16363.0,900.0,16363.0,900.0,16363.0,900.0,16363.0,2727.17,660.67,2023-01-02,1,0,0.0,0.0,0.0,0.0,0.0,0,0.0,0.0,0,0.0,0.0,0.0,0.6923076923076923,0.7307692307692307,10,low_motion_slow_cuts_no_face_dark,,test|video|trend,627,607,0,1.32,0,1.74,0,2.3,2023-01-02,2023-01-03,2023-01-02,2023-01-04,2023-01-02,2023-01-05,0,0,0,67533,2727.17,0.00031565008834628775,0.14727444217171368,0.00028184340558627154,train,0
vid_0030,Test Video 30,2022-12-27 00:00:00+00:00,chan_0,Channel 0,2,2023-01-03 00:00:00+00:00,test|video|trend,89130,4456,0,445,http://example.com/thumb.jpg,False,False,Test description,youtube,youtube_trending_kaggle,False,,,0,0,,,,,real,2023-01-03 00:00:00+00:00,1.0.0,4901,89130,4456,445,0,168.0,0.055,21597.0,1188.0,21597.0,1188.0,21597.0,1188.0,21597.0,3599.5,872.33,2023-01-03,1,0,0.0,0.0,0.0,0.0,0.0,0,0.0,0.0,0,0.0,0.0,0.0,0.6756756756756757,0.7297297297297297,10,low_motion_slow_cuts_no_face_dark,,test|video|trend,760,737,0,1.32,0,1.74,0,1.74,2023-01-03,2023-01-04,2023-01-03,2023-01-05,2023-01-03,2023-01-06,0,0,0,89130,3599.5,0.01129506149696816,0.14727444217171368,0.009527702406646,test,0
vid_0030,Test Video 30,2022-12-27 00:00:00+00:00,chan_0,Channel 0,29,2023-01-04 00:00:00+00:00,test|video|trend,117633,5881,0,588,http://example.com/thumb.jpg,False,False,Test description,youtube,youtube_trending_kaggle,False,,,0,0,,,,,real,2023-01-04 00:00:00+00:00,1.0.0,6469,117633,5881,588,0,192.0,0.055,28503.0,1568.0,28503.0,1568.0,28503.0,1568.0,28503.0,4750.5,1151.0,2023-01-04,1,0,0.0,0.0,0.0,0.0,0.0,0,0.0,0.0,0,0.0,0.0,0.0,0.7419354838709677,0.7741935483870968,10,low_motion_slow_cuts_no_face_dark,,test|video|trend,786,763,0,1.32,0,1.32,0,1.32,2023-01-04,2023-01-05,2023-01-04,2023-01-06,2023-01-04,2023-01-07,0,0,0,117633,4750.5,0.004219528025540463,0.14727444217171368,0.004674481570166074,test,0
vid_0030,Test Video 30,2022-12-27 00:00:00+00:00,chan_0,Channel 0,7,2023-01-05 00:00:00+00:00,test|video|trend,155250,7762,0,776,http://example.com/thumb.jpg,False,False,Test description,youtube,youtube_trending_kaggle,False,,,0,0,,,,,real,2023-01-05 00:00:00+00:00,1.0.0,8538,155250,7762,776,0,216.0,0.055,37617.0,2069.0,37617.0,2069.0,37617.0,2069.0,37617.0,6269.5,1519.0,2023-01-05,1,0,0.0,0.0,0.0,0.0,0.0,0,0.0,0.0,0,0.0,0.0,0.0,0.8108108108108109,0.8108108108108109,10,low_motion_slow_cuts_no_face_dark,,test|video|trend,877,850,0,1.0,0,1.0,0,1.0,2023-01-05,2023-01-06,2023-01-05,2023-01-07,2023-01-05,2023-01-08,0,0,0,155250,6269.5,0.002038871503894162,0.14727444217171368,0.0014933149468249064,test,0
vid_0031,Test Video 31,2022-12-26 00:00:00+00:00,chan_1,Channel 1,3,2022-12-26 00:00:00+00:00,test|video|trend,11213,560,0,56,http://example.com/thumb.jpg,False,False,Test description,youtube,youtube_trending_kaggle,False,,,0,0,,,,,real,2022-12-26 00:00:00+00:00,1.0.0,616,11213,560,56,0,0.0,0.0549,0.0,0.0,0.0,0.0,0.0,0.0,0.0,0.0,0.0,,1,0,0.0,0.0,0.0,0.0,0.0,0,0.0,0.0,0,0.0,0.0,0.0,0.1794871794871795,0.0641025641025641,10,low_motion_slow_cuts_no_face_dark,,test|video|trend,78,76,0,1.01,0,1.02,0,1.03,2022-12-26,2022-12-27,2022-12-26,2022-12-28,2022-12-26,2022-12-29,0,0,0,11213,0.0,0.09571663366129382,0.14727444217171368,0.08074649486369412,train,0
vid_0031,Test Video 31,2022-12-26 00:00:00+00:00,chan_1,Channel 1,1,2022-12-27 00:00:00+00:00,test|video|trend,11340,567,0,56,http://example.com/thumb.jpg,False,False,Test description,youtube,youtube_trending_kaggle,False,,,0,0,,,,,real,2022-12-27 00:00:00+00:00,1.0.0,623,11340,567,56,0,24.0,0.0549,127.0,7.0,127.0,7.0,127.0,7.0,127.0,21.17,0.0,2022-12-27,1,0,0.0,0.0,0.0,0.0,0.0,0,0.0,0.0,0,0.0,0.0,0.0,0.18181818181818182,0.18181818181818182,10,low_motion_slow_cuts_no_face_dark,,test|video|trend,132,129,0,1.01,0,1.02,0,1.03,2022-12-27,2022-12-28,2022-12-27,2022-12-29,2022-12-27,2022-12-30,0,0,0,11340,21.17,0.0031071826138498555,0.14727444217171368,0.00204612784906173,train,0
vid_0031,Test Video 31,2022-12-26 00:00:00+00:00,chan_1,Channel 1,3,2022-12-28 00:00:00+00:00,test|video|trend,11468,573,0,57,http://example.com/thumb.jpg,False,False,Test description,youtube,youtube_trending_kaggle,False,,,0,0,,,,,real,2022-12-28 00:00:00+00:00,1.0.0,630,11468,573,57,0,48.0,0.0549,128.0,7.0,128.0,7.0,128.0,7.0,128.0,21.33,0.16,2022-12-28,1,0,0.0,0.0,0.0,0.0,0.0,0,0.0,0.0,0,0.0,0.0,0.0,0.20512820512820512,0.15384615384615385,10,low_motion_slow_cuts_no_face_dark,,test|video|trend,182,176,0,1.01,0,1.02,0,1.03,2022-12-28,2022-12-29,2022-12-28,2022-12-30,2022-12-28,2022-12-31,0,0,0,11468,21.33,0.0011214104360234478,0.14727444217171368,0.000570885848055196,train,0
vid_0031,Test Video 31,2022-12-26 00:00:00+00:00,chan_1,Channel 1,17,2022-12-29 00:00:00+00:00,test|video|trend,11598,579,0,57,http://example.com/thumb.jpg,False,False,Test description,youtube,youtube_trending_kaggle,False,,,0,0,,,,,real,2022-12-29 00:00:00+00:00,1.0.0,636,11598,579,57,0,72.0,0.0548,130.0,6.0,130.0,6.0,130.0,6.0,130.0,21.67,0.34,2022-12-29,1,0,0.0,0.0,0.0,0.0,0.0,0,0.0,0.0,0,0.0,0.0,0.0,0.11428571428571428,0.14285714285714285,10,low_motion_slow_cuts_no_face_dark,,test|video|trend,246,240,0,1.01,0,1.02,0,1.03,2022-12-29,2022-12-30,2022-12-29,2022-12-31,2022-12-29,2023-01-01,0,0,0,11598,21.67,0.0005792571618776957,0.14727444217171368,0.000594528719901806,train,0
vid_0031,Test Video 31,2022-12-26 00:00:00+00:00,chan_1,Channel 1,11,2022-12-30 00:00:00+00:00,test|video|trend,11730,586,0,58,http://example.com/thumb.jpg,False,False,Test description,youtube,youtube_trending_kaggle,False,,,0,0,,,,,real,2022-12-30 00:00:00+00:00,1.0.0,644,11730,586,58,0,96.0,0.0549,132.0,8.0,132.0,8.0,132.0,8.0,132.0,22.0,0.33,2022-12-30,1,0,0.0,0.0,0.0,0.0,0.0,0,0.0,0.0,0,0.0,0.0,0.0,0.06451612903225806,0.0967741935483871,10,low_motion_slow_cuts_no_face_dark,,test|video|trend,374,363,0,1.01,0,1.02,0,1.03,2022-12-30,2022-12-31,2022-12-30,2023-01-01,2022-12-30,2023-01-02,0,0,0,11730,22.0,0.0009184439716419454,0.14727444217171368,0.0010986938280827202,train,0
vid_0031,Test Video 31,2022-12-26 00:00:00+00:00,chan_1,Channel 1,4,2022-12-31 00:00:00+00:00,test|video|trend,11863,593,0,59,http://example.com/thumb.jpg,False,False,Test description,youtube,youtube_trending_kaggle,False,,,0,0,,,,,real,2022-12-31 00:00:00+00:00,1.0.0,652,11863,593,59,0,120.0,0.055,133.0,8.0,133.0,8.0,133.0,8.0,133.0,22.17,0.17,2022-12-31,1,0,0.0,0.0,0.0,0.0,0.0,0,0.0,0.0,0,0.0,0.0,0.0,0.02631578947368421,0.21052631578947367,10,low_motion_slow_cuts_no_face_dark,,test|video|trend,473,460,0,1.01,0,1.02,0,1.03,2022-12-31,2023-01-01,2022-12-31,2023-01-02,2022-12-31,2023-01-03,0,0,0,11863,22.17,0.0002829125888125674,0.14727444217171368,0.00017767991903680714,train,0
vid_0031,Test Video 31,2022-12-26 00:00:00+00:00,chan_1,Channel 1,29,2023-01-01 00:00:00+00:00,test|video|trend,11997,599,0,59,http://example.com/thumb.jpg,False,False,Test description,youtube,youtube_trending_kaggle,False,,,0,0,,,,,real,2023-01-01 00:00:00+00:00,1.0.0,658,11997,599,59,0,144.0,0.0548,134.0,6.0,134.0,6.0,134.0,6.0,134.0,22.33,0.16,2023-01-01,1,0,0.0,0.0,0.0,0.0,0.0,0,0.0,0.0,0,0.0,0.0,0.0,0.16129032258064516,0.0967741935483871,10,low_motion_slow_cuts_no_face_dark,,test|video|trend,579,562,0,1.01,0,1.02,0,1.03,2023-01-01,2023-01-02,2023-01-01,2023-01-03,2023-01-01,2023-01-04,0,0,0,11997,22.33,0.00028332160734599626,0.14727444217171368,0.00020623591770829464,train,0
vid_0031,Test Video 31,2022-12-26 00:00:00+00:00,chan_1,Channel 1,10,2023-01-02 00:00:00+00:00,test|video|trend,12133,606,0,60,http://example.com/thumb.jpg,False,False,Test description,youtube,youtube_trending_kaggle,False,,,0,0,,,,,real,2023-01-02 00:00:00+00:00,1.0.0,666,12133,606,60,0,168.0,0.0549,136.0,8.0,136.0,8.0,136.0,8.0,136.0,22.67,0.34,2023-01-02,1,0,0.0,0.0,0.0,0.0,0.0,0,0.0,0.0,0,0.0,0.0,0.0,0.12121212121212122,0.09090909090909091,10,low_motion_slow_cuts_no_face_dark,,test|video|trend,614,595,0,1.01,0,1.02,0,1.02,2023-01-02,2023-01-03,2023-01-02,2023-01-04,2023-01-02,2023-01-05,0,0,0,12133,22.67,0.0005606059195475183,0.14727444217171368,0.0003733928369392994,train,0
vid_0031,Test Video 31,2022-12-26 00:00:00+00:00,chan_1,Channel 1,8,2023-01-03 00:00:00+00:00,test|video|trend,12271,613,0,61,http://example.com/thumb.jpg,False,False,Test description,youtube,youtube_trending_kaggle,False,,,0,0,,,,,real,2023-01-03 00:00:00+00:00,1.0.0,674,12271,613,61,0,192.0,0.0549,138.0,8.0,138.0,8.0,138.0,8.0,138.0,23.0,0.33,2023-01-03,1,0,0.0,0.0,0.0,0.0,0.0,0,0.0,0.0,0,0.0,0.0,0.0,0.20930232558139536,0.13953488372093023,10,low_motion_slow_cuts_no_face_dark,,test|video|trend,752,729,0,1.01,0,1.01,0,1.01,2023-01-03,2023-01-04,2023-01-03,2023-01-05,2023-01-03,2023-01-06,0,0,0,12271,23.0,2.0984136898644365e-05,0.14727444217171368,2.7535966217178037e-05,test,0
vid_0031,Test Video 31,2022-12-26 00:00:00+00:00,chan_1,Channel 1,26,2023-01-04 00:00:00+00:00,test|video|trend,12410,620,0,62,http://example.com/thumb.jpg,False,False,Test description,youtube,youtube_trending_kaggle,False,,,0,0,,,,,real,2023-01-04 00:00:00+00:00,1.0.0,682,12410,620,62,0,216.0,0.055,139.0,8.0,139.0,8.0,139.0,8.0,139.0,23.17,0.17,2023-01-04,1,0,0.0,0.0,0.0,0.0,0.0,0,0.0,0.0,0,0.0,0.0,0.0,0.09615384615384616,0.17307692307692307,10,low_motion_slow_cuts_no_face_dark,,test|video|trend,787,764,0,1.0,0,1.0,0,1.0,2023-01-04,2023-01-05,2023-01-04,2023-01-06,2023-01-04,2023-01-07,0,0,0,12410,23.17,1.9994784018349993e-05,0.14727444217171368,2.3148772113805735e-05,test,0
vid_0032,Test Video 32,2022-12-23 00:00:00+00:00,chan_2,Channel 2,22,2022-12-23 00:00:00+00:00,test|video|trend,44591,2229,0,222,http://example.com/thumb.jpg,False,False,Test description,youtube,youtube_trending_kaggle,False,,,0,0,,,,,real,2022-12-23 00:00:00+00:00,1.0.0,2451,44591,2229,222,0,0.0,0.055,0.0,0.0,0.0,0.0,0.0,0.0,0.0,0.0,0.0,,1,0,0.0,0.0,0.0,0.0,0.0,0,0.0,0.0,0,0.0,0.0,0.0,0.5,0.0625,10,low_motion_slow_cuts_no_face_dark,,test|video|trend,1,1,0,1.19,0,1.42,0,1.7,2022-12-23,2022-12-24,2022-12-23,2022-12-25,2022-12-23,2022-12-26,0,0,0,44591,0.0,0.036232736038806675,0.14727444217171368,0.04069062931596126,train,0
vid_0032,Test Video 32,2022-12-23 00:00:00+00:00,chan_2,Channel 2,28,2022-12-24 00:00:00+00:00,test|video|trend,53172,2658,0,265,http://example.com/thumb.jpg,False,False,Test description,youtube,youtube_trending_kaggle,False,,,0,0,,,,,real,2022-12-24 00:00:00+00:00,1.0.0,2923,53172,2658,265,0,24.0,0.055,8581.0,472.0,8581.0,472.0,8581.0,472.0,8581.0,1430.17,0.0,2022-12-24,1,0,0.0,0.0,0.0,0.0,0.0,0,0.0,0.0,0,0.0,0.0,0.0,0.4,0.4666666666666667,10,low_motion_slow_cuts_no_face_dark,,test|video|trend,25,24,0,1.19,0,1.42,0,1.7,2022-12-24,2022-12-25,2022-12-24,2022-12-26,2022-12-24,2022-12-27,0,0,0,53172,1430.17,0.000268111615307566,0.14727444217171368,0.0006212130246607492,train,0
vid_0032,Test Video 32,2022-12-23 00:00:00+00:00,chan_2,Channel 2,5,2022-12-25 00:00:00+00:00,test|video|trend,63405,3170,0,317,http://example.com/thumb.jpg,False,False,Test description,youtube,youtube_trending_kaggle,False,,,0,0,,,,,real,2022-12-25 00:00:00+00:00,1.0.0,3487,63405,3170,317,0,48.0,0.055,10233.0,564.0,10233.0,564.0,10233.0,564.0,10233.0,1705.5,275.33,2022-12-25,1,0,0.0,0.0,0.0,0.0,0.0,0,0.0,0.0,0,0.0,0.0,0.0,0.5483870967741935,0.5161290322580645,10,low_motion_slow_cuts_no_face_dark,,test|video|trend,59,58,0,1.19,0,1.42,0,1.7,2022-12-25,2022-12-26,2022-12-25,2022-12-27,2022-12-25,2022-12-28,0,0,0,63405,1705.5,3.330355484912226e-05,0.14727444217171368,5.093449811956746e-05,train,0
vid_0032,Test Video 32,2022-12-23 00:00:00+00:00,chan_2,Channel 2,13,2022-12-26 00:00:00+00:00,test|video|trend,75608,3780,0,378,http://example.com/thumb.jpg,False,False,Test description,youtube,youtube_trending_kaggle,False,,,0,0,,,,,real,2022-12-26 00:00:00+00:00,1.0.0,4158,75608,3780,378,0,72.0,0.055,12203.0,671.0,12203.0,671.0,12203.0,671.0,12203.0,2033.83,328.33,2022-12-26,1,0,0.0,0.0,0.0,0.0,0.0,0,0.0,0.0,0,0.0,0.0,0.0,0.5625,0.53125,10,low_motion_slow_cuts_no_face_dark,,test|video|trend,70,68,0,1.19,0,1.42,0,1.7,2022-12-26,2022-12-27,2022-12-26,2022-12-28,2022-12-26,2022-12-29,0,0,0,75608,2033.83,9.89203477002332e-05,0.14727444217171368,4.214796194283031e-05,train,0
vid_0032,Test Video 32,2022-12-23 00:00:00+00:00,chan_2,Channel 2,25,2022-12-27 00:00:00+00:00,test|video|trend,90159,4507,0,450,http://example.com/thumb.jpg,False,False,Test description,youtube,youtube_trending_kaggle,False,,,0,0,,,,,real,2022-12-27 00:00:00+00:00,1.0.0,4957,90159,4507,450,0,96.0,0.055,14551.0,799.0,14551.0,799.0,14551.0,799.0,14551.0,2425.17,391.34,2022-12-27,1,0,0.0,0.0,0.0,0.0,0.0,0,0.0,0.0,0,0.0,0.0,0.0,0.7567567567567568,0.7027027027027027,10,low_motion_slow_cuts_no_face_dark,,test|video|trend,124,121,0,1.19,0,1.42,0,1.7,2022-12-27,2022-12-28,2022-12-27,2022-12-29,2022-12-27,2022-12-30,0,0,0,90159,2425.17,1.2828114768154703e-05,0.14727444217171368,2.106205831591375e-05,train,0
vid_0032,Test Video 32,2022-12-23 00:00:00+00:00,chan_2,Channel 2,27,2022-12-28 00:00:00+00:00,test|video|trend,107510,5375,0,537,http://example.com/thumb.jpg,False,False,Test description,youtube,youtube_trending_kaggle,False,,,0,0,,,,,real,2022-12-28 00:00:00+00:00,1.0.0,5912,107510,5375,537,0,120.0,0.055,17351.0,955.0,17351.0,955.0,17351.0,955.0,17351.0,2891.83,466.66,2022-12-28,1,0,0.0,0.0,0.0,0.0,0.0,0,0.0,0.0,0,0.0,0.0,0.0,0.8181818181818182,0.7272727272727273,10,low_motion_slow_cuts_no_face_dark,,test|video|trend,187,181,0,1.19,0,1.42,0,1.7,2022-12-28,2022-12-29,2022-12-28,2022-12-30,2022-12-28,2022-12-31,0,0,0,107510,2891.83,0.0005094366381985396,0.14727444217171368,0.0004975578694803553,train,0
vid_0032,Test Video 32,2022-12-23 00:00:00+00:00,chan_2,Channel 2,19,2022-12-29 00:00:00+00:00,test|video|trend,128201,6410,0,641,http://example.com/thumb.jpg,False,False,Test description,youtube,youtube_trending_kaggle,False,,,0,0,,,,,real,2022-12-29 00:00:00+00:00,1.0.0,7051,128201,6410,641,0,144.0,0.055,20691.0,1139.0,20691.0,1139.0,20691.0,1139.0,20691.0,3448.5,556.67,2022-12-29,1,0,0.0,0.0,0.0,0.0,0.0,0,0.0,0.0,0,0.0,0.0,0.0,0.8611111111111112,0.6944444444444444,10,low_motion_slow_cuts_no_face_dark,,test|video|trend,239,233,0,1.19,0,1.42,0,1.7,2022-12-29,2022-12-30,2022-12-29,2022-12-31,2022-12-29,2023-01-01,0,0,0,128201,3448.5,0.0011440511389540164,0.14727444217171368,0.001490508847276245,train,0
vid_0032,Test Video 32,2022-12-23 00:00:00+00:00,chan_2,Channel 2,22,2022-12-30 00:00:00+00:00,test|video|trend,152873,7643,0,764,http://example.com/thumb.jpg,False,False,Test description,youtube,youtube_trending_kaggle,False,,,0,0,,,,,real,2022-12-30 00:00:00+00:00,1.0.0,8407,152873,7643,764,0,168.0,0.055,24672.0,1356.0,24672.0,1356.0,24672.0,1356.0,24672.0,4112.0,663.5,2022-12-30,1,0,0.0,0.0,0.0,0.0,0.0,0,0.0,0.0,0,0.0,0.0,0.0,0.78125,0.75,10,low_motion_slow_cuts_no_face_dark,,test|video|trend,361,351,0,1.19,0,1.42,0,1.42,2022-12-30,2022-12-31,2022-12-30,2023-01-01,2022-12-30,2023-01-02,0,0,0,152873,4112.0,0.0007247230734516989,0.14727444217171368,0.0006905566640247949,train,0
vid_0032,Test Video 32,2022-12-23 00:00:00+00:00,chan_2,Channel 2,15,2022-12-31 00:00:00+00:00,test|video|trend,182294,9114,0,911,http://example.com/thumb.jpg,False,False,Test description,youtube,youtube_trending_kaggle,False,,,0,0,,,,,real,2022-12-31 00:00:00+00:00,1.0.0,10025,182294,9114,911,0,192.0,0.055,29421.0,1618.0,29421.0,1618.0,29421.0,1618.0,29421.0,4903.5,791.5,2022-12-31,1,0,0.0,0.0,0.0,0.0,0.0,0,0.0,0.0,0,0.0,0.0,0.0,0.8846153846153846,0.8076923076923077,10,low_motion_slow_cuts_no_face_dark,,test|video|trend,499,484,0,1.19,0,1.19,0,1.19,2022-12-31,2023-01-01,2022-12-31,2023-01-02,2022-12-31,2023-01-03,0,0,0,182294,4903.5,0.0006762480152068467,0.14727444217171368,0.0007678116709384263,train,0
vid_0032,Test Video 32,2022-12-23 00:00:00+00:00,chan_2,Channel 2,13,2023-01-01 00:00:00+00:00,test|video|trend,217377,10868,0,1086,http://example.com/thumb.jpg,False,False,Test description,youtube,youtube_trending_kaggle,False,,,0,0,,,,,real,2023-01-01 00:00:00+00:00,1.0.0,11954,217377,10868,1086,0,216.0,0.055,35083.0,1929.0,35083.0,1929.0,35083.0,1929.0,35083.0,5847.17,943.67,2023-01-01,1,0,0.0,0.0,0.0,0.0,0.0,0,0.0,0.0,0,0.0,0.0,0.0,0.78125,0.71875,10,low_motion_slow_cuts_no_face_dark,,test|video|trend,514,499,0,1.0,0,1.0,0,1.0,2023-01-01,2023-01-02,2023-01-01,2023-01-03,2023-01-01,2023-01-04,0,0,0,217377,5847.17,0.0011260535070459913,0.14727444217171368,0.0007920820936569204,train,0
vid_0033,Test Video 33,2022-12-29 00:00:00+00:00,chan_3,Channel 3,16,2022-12-29 00:00:00+00:00,test|video|trend,1245,62,0,6,http://example.com/thumb.jpg,False,False,Test description,youtube,youtube_trending_kaggle,False,,,0,0,,,,,real,2022-12-29 00:00:00+00:00,1.0.0,68,1245,62,6,0,0.0,0.0546,0.0,0.0,0.0,0.0,0.0,0.0,0.0,0.0,0.0,,1,0,0.0,0.0,0.0,0.0,0.0,0,0.0,0.0,0,0.0,0.0,0.0,0.041666666666666664,0.10416666666666667,10,low_motion_slow_cuts_no_face_dark,,test|video|trend,240,234,1,1.48,1,2.2,1,3.26,2022-12-29,2022-12-30,2022-12-29,2022-12-31,2022-12-29,2023-01-01,0,0,1,1245,0.0,0.8310054521260118,0.14727444217171368,0.8438132261676223,train,1
vid_0033,Test Video 33,2022-12-29 00:00:00+00:00,chan_3,Channel 3,2,2022-12-30 00:00:00+00:00,test|video|trend,1846,92,0,9,http://example.com/thumb.jpg,False,False,Test description,youtube,youtube_trending_kaggle,False,,,0,0,,,,,real,2022-12-30 00:00:00+00:00,1.0.0,101,1846,92,9,0,24.0,0.0547,601.0,33.0,601.0,33.0,601.0,33.0,601.0,100.17,0.0,2022-12-30,1,0,0.0,0.0,0.0,0.0,0.0,0,0.0,0.0,0,0.0,0.0,0.0,0.05405405405405406,0.1891891891891892,10,low_motion_slow_cuts_no_face_dark,,test|video|trend,358,348,1,1.48,1,2.2,1,3.26,2022-12-30,2022-12-31,2022-12-30,2023-01-01,2022-12-30,2023-01-02,0,0,1,1846,100.17,0.7356618351428096,0.14727444217171368,0.7609851847717183,train,1
vid_0033,Test Video 33,2022-12-29 00:00:00+00:00,chan_3,Channel 3,7,2022-12-31 00:00:00+00:00,test|video|trend,2738,136,0,13,http://example.com/thumb.jpg,False,False,Test description,youtube,youtube_trending_kaggle,False,,,0,0,,,,,real,2022-12-31 00:00:00+00:00,1.0.0,149,2738,136,13,0,48.0,0.0544,892.0,48.0,892.0,48.0,892.0,48.0,892.0,148.67,48.5,2022-12-31,1,0,0.0,0.0,0.0,0.0,0.0,0,0.0,0.0,0,0.0,0.0,0.0,0.10810810810810811,0.2702702702702703,10,low_motion_slow_cuts_no_face_dark,,test|video|trend,479,466,1,1.48,1,2.2,1,3.26,2022-12-31,2023-01-01,2022-12-31,2023-01-02,2022-12-31,2023-01-03,0,0,1,2738,148.67,0.8814520341848525,0.14727444217171368,0.8774940694822697,train,1
vid_0033,Test Video 33,2022-12-29 00:00:00+00:00,chan_3,Channel 3,2,2023-01-01 00:00:00+00:00,test|video|trend,4061,203,0,20,http://example.com/thumb.jpg,False,False,Test description,youtube,youtube_trending_kaggle,False,,,0,0,,,,,real,2023-01-01 00:00:00+00:00,1.0.0,223,4061,203,20,0,72.0,0.0549,1323.0,74.0,1323.0,74.0,1323.0,74.0,1323.0,220.5,71.83,2023-01-01,1,0,0.0,0.0,0.0,0.0,0.0,0,0.0,0.0,0,0.0,0.0,0.0,0.13513513513513514,0.24324324324324326,10,low_motion_slow_cuts_no_face_dark,,test|video|trend,509,494,1,1.48,1,2.2,1,3.26,2023-01-01,2023-01-02,2023-01-01,2023-01-03,2023-01-01,2023-01-04,0,0,1,4061,220.5,0.92576108082213,0.14727444217171368,0.9057588143461575,train,1
vid_0033,Test Video 33,2022-12-29 00:00:00+00:00,chan_3,Channel 3,29,2023-01-02 00:00:00+00:00,test|video|trend,6023,301,0,30,http://example.com/thumb.jpg,False,False,Test description,youtube,youtube_trending_kaggle,False,,,0,0,,,,,real,2023-01-02 00:00:00+00:00,1.0.0,331,6023,301,30,0,96.0,0.055,1962.0,108.0,1962.0,108.0,1962.0,108.0,1962.0,327.0,106.5,2023-01-02,1,0,0.0,0.0,0.0,0.0,0.0,0,0.0,0.0,0,0.0,0.0,0.0,0.0967741935483871,0.16129032258064516,10,low_motion_slow_cuts_no_face_dark,,test|video|trend,606,588,1,1.48,1,2.2,1,3.26,2023-01-02,2023-01-03,2023-01-02,2023-01-04,2023-01-02,2023-01-05,0,0,1,6023,327.0,0.888683321228421,0.14727444217171368,0.9233577426954044,train,1
vid_0033,Test Video 33,2022-12-29 00:00:00+00:00,chan_3,Channel 3,3,2023-01-03 00:00:00+00:00,test|video|trend,8932,446,0,44,http://example.com/thumb.jpg,False,False,Test description,youtube,youtube_trending_kaggle,False,,,0,0,,,,,real,2023-01-03 00:00:00+00:00,1.0.0,490,8932,446,44,0,120.0,0.0549,2909.0,159.0,2909.0,159.0,2909.0,159.0,2909.0,484.83,157.83,2023-01-03,1,0,0.0,0.0,0.0,0.0,0.0,0,0.0,0.0,0,0.0,0.0,0.0,0.15384615384615385,0.358974358974359,10,low_motion_slow_cuts_no_face_dark,,test|video|trend,750,727,1,1.48,1,2.2,1,3.26,2023-01-03,2023-01-04,2023-01-03,2023-01-05,2023-01-03,2023-01-06,0,0,1,8932,484.83,0.18872765620846216,0.14727444217171368,0.16847463443620736,test,1
vid_0033,Test Video 33,2022-12-29 00:00:00+00:00,chan_3,Channel 3,17,2023-01-04 00:00:00+00:00,test|video|trend,13247,662,0,66,http://example.com/thumb.jpg,False,False,Test description,youtube,youtube_trending_kaggle,False,,,0,0,,,,,real,2023-01-04 00:00:00+00:00,1.0.0,728,13247,662,66,0,144.0,0.055,4315.0,238.0,4315.0,238.0,4315.0,238.0,4315.0,719.17,234.34,2023-01-04,1,0,0.0,0.0,0.0,0.0,0.0,0,0.0,0.0,0,0.0,0.0,0.0,0.14285714285714285,0.3142857142857143,10,low_motion_slow_cuts_no_face_dark,,test|video|trend,789,766,1,1.48,1,2.2,1,3.26,2023-01-04,2023-01-05,2023-01-04,2023-01-06,2023-01-04,2023-01-07,0,0,1,13247,719.17,0.00156740678080048,0.14727444217171368,0.004704844437432365,test,1
vid_0033,Test Video 33,2022-12-29 00:00:00+00:00,chan_3,Channel 3,10,2023-01-05 00:00:00+00:00,test|video|trend,19647,982,0,98,http://example.com/thumb.jpg,False,False,Test description,youtube,youtube_trending_kaggle,False,,,0,0,,,,,real,2023-01-05 00:00:00+00:00,1.0.0,1080,19647,982,98,0,168.0,0.055,6400.0,352.0,6400.0,352.0,6400.0,352.0,6400.0,1066.67,347.5,2023-01-05,1,0,0.0,0.0,0.0,0.0,0.0,0,0.0,0.0,0,0.0,0.0,0.0,0.30303030303030304,0.5151515151515151,10,low_motion_slow_cuts_no_face_dark,,test|video|trend,867,841,1,1.48,1,2.2,0,2.2,2023-01-05,2023-01-06,2023-01-05,2023-01-07,2023-01-05,2023-01-08,0,0,0,19647,1066.67,0.004734464978220669,0.14727444217171368,0.01844904881953801,test,0
vid_0033,Test Video 33,2022-12-29 00:00:00+00:00,chan_3,Channel 3,1,2023-01-06 00:00:00+00:00,test|video|trend,29138,1456,0,145,http://example.com/thumb.jpg,False,False,Test description,youtube,youtube_trending_kaggle,False,,,0,0,,,,,real,2023-01-06 00:00:00+00:00,1.0.0,1601,29138,1456,145,0,192.0,0.0549,9491.0,521.0,9491.0,521.0,9491.0,521.0,9491.0,1581.83,515.16,2023-01-06,1,0,0.0,0.0,0.0,0.0,0.0,0,0.0,0.0,0,0.0,0.0,0.0,0.45454545454545453,0.696969696969697,10,low_motion_slow_cuts_no_face_dark,,test|video|trend,908,880,1,1.48,0,1.48,0,1.48,2023-01-06,2023-01-07,2023-01-06,2023-01-08,2023-01-06,2023-01-09,0,0,0,29138,1581.83,0.0018264662539803746,0.14727444217171368,0.0015023848542049347,test,0
vid_0033,Test Video 33,2022-12-29 00:00:00+00:00,chan_3,Channel 3,13,2023-01-07 00:00:00+00:00,test|video|trend,43215,2160,0,216,http://example.com/thumb.jpg,False,False,Test description,youtube,youtube_trending_kaggle,False,,,0,0,,,,,real,2023-01-07 00:00:00+00:00,1.0.0,2376,43215,2160,216,0,216.0,0.055,14077.0,775.0,14077.0,775.0,14077.0,775.0,14077.0,2346.17,764.34,2023-01-07,1,0,0.0,0.0,0.0,0.0,0.0,0,0.0,0.0,0,0.0,0.0,0.0,0.40625,0.5625,10,low_motion_slow_cuts_no_face_dark,,test|video|trend,949,920,0,1.0,0,1.0,0,1.0,2023-01-07,2023-01-08,2023-01-07,2023-01-09,2023-01-07,2023-01-10,0,0,0,43215,2346.17,0.0006955769917106725,0.14727444217171368,0.0006591858531101164,test,0
vid_0034,Test Video 34,2022-12-26 00:00:00+00:00,chan_4,Channel 4,5,2022-12-26 00:00:00+00:00,test|video|trend,8810,440,0,44,http://example.com/thumb.jpg,False,False,Test description,youtube,youtube_trending_kaggle,False,,,0,0,,,,,real,2022-12-26 00:00:00+00:00,1.0.0,484,8810,440,44,0,0.0,0.0549,0.0,0.0,0.0,0.0,0.0,0.0,0.0,0.0,0.0,,1,0,0.0,0.0,0.0,0.0,0.0,0,0.0,0.0,0,0.0,0.0,0.0,0.0967741935483871,0.08064516129032258,10,low_motion_slow_cuts_no_face_dark,,test|video|trend,68,66,0,1.1,0,1.2,0,1.32,2022-12-26,2022-12-27,2022-12-26,2022-12-28,2022-12-26,2022-12-29,0,0,0,8810,0.0,0.06929450229574635,0.14727444217171368,0.07159951070727075,train,0
vid_0034,Test Video 34,2022-12-26 00:00:00+00:00,chan_4,Channel 4,2,2022-12-27 00:00:00+00:00,test|video|trend,9661,483,0,48,http://example.com/thumb.jpg,False,False,Test description,youtube,youtube_trending_kaggle,False,,,0,0,,,,,real,2022-12-27 00:00:00+00:00,1.0.0,531,9661,483,48,0,24.0,0.055,851.0,47.0,851.0,47.0,851.0,47.0,851.0,141.83,0.0,2022-12-27,1,0,0.0,0.0,0.0,0.0,0.0,0,0.0,0.0,0,0.0,0.0,0.0,0.1891891891891892,0.21621621621621623,10,low_motion_slow_cuts_no_face_dark,,test|video|trend,119,116,0,1.1,0,1.2,0,1.32,2022-12-27,2022-12-28,2022-12-27,2022-12-29,2022-12-27,2022-12-30,0,0,0,9661,141.83,0.017141892969499323,0.14727444217171368,0.027901554813873186,train,0
vid_0034,Test Video 34,2022-12-26 00:00:00+00:00,chan_4,Channel 4,20,2022-12-28 00:00:00+00:00,test|video|trend,10596,529,0,52,http://example.com/thumb.jpg,False,False,Test description,youtube,youtube_trending_kaggle,False,,,0,0,,,,,real,2022-12-28 00:00:00+00:00,1.0.0,581,10596,529,52,0,48.0,0.0548,935.0,50.0,935.0,50.0,935.0,50.0,935.0,155.83,14.0,2022-12-28,1,0,0.0,0.0,0.0,0.0,0.0,0,0.0,0.0,0,0.0,0.0,0.0,0.0967741935483871,0.25806451612903225,10,low_motion_slow_cuts_no_face_dark,,test|video|trend,199,193,0,1.1,0,1.2,0,1.32,2022-12-28,2022-12-29,2022-12-28,2022-12-30,2022-12-28,2022-12-31,0,0,0,10596,155.83,0.0002481182829129252,0.14727444217171368,0.00047186527639547733,train,0
vid_0034,Test Video 34,2022-12-26 00:00:00+00:00,chan_4,Channel 4,5,2022-12-29 00:00:00+00:00,test|video|trend,11620,581,0,58,http://example.com/thumb.jpg,False,False,Test description,youtube,youtube_trending_kaggle,False,,,0,0,,,,,real,2022-12-29 00:00:00+00:00,1.0.0,639,11620,581,58,0,72.0,0.055,1024.0,58.0,1024.0,58.0,1024.0,58.0,1024.0,170.67,14.84,2022-12-29,1,0,0.0,0.0,0.0,0.0,0.0,0,0.0,0.0,0,0.0,0.0,0.0,0.16129032258064516,0.22580645161290322,10,low_motion_slow_cuts_no_face_dark,,test|video|trend,233,227,0,1.1,0,1.2,0,1.32,2022-12-29,2022-12-30,2022-12-29,2022-12-31,2022-12-29,2023-01-01,0,0,0,11620,170.67,0.001060106915318113,0.14727444217171368,0.002627055303166294,train,0
vid_0034,Test Video 34,2022-12-26 00:00:00+00:00,chan_4,Channel 4,9,2022-12-30 00:00:00+00:00,test|video|trend,12744,637,0,63,http://example.com/thumb.jpg,False,False,Test description,youtube,youtube_trending_kaggle,False,,,0,0,,,,,real,2022-12-30 00:00:00+00:00,1.0.0,700,12744,637,63,0,96.0,0.0549,1124.0,61.0,1124.0,61.0,1124.0,61.0,1124.0,187.33,16.66,2022-12-30,1,0,0.0,0.0,0.0,0.0,0.0,0,0.0,0.0,0,0.0,0.0,0.0,0.21212121212121213,0.30303030303030304,10,low_motion_slow_cuts_no_face_dark,,test|video|trend,394,382,0,1.1,0,1.2,0,1.32,2022-12-30,2022-12-31,2022-12-30,2023-01-01,2022-12-30,2023-01-02,0,0,0,12744,187.33,0.0007466342735710684,0.14727444217171368,0.0007862172328024611,train,0
vid_0034,Test Video 34,2022-12-26 00:00:00+00:00,chan_4,Channel 4,24,2022-12-31 00:00:00+00:00,test|video|trend,13977,698,0,69,http://example.com/thumb.jpg,False,False,Test description,youtube,youtube_trending_kaggle,False,,,0,0,,,,,real,2022-12-31 00:00:00+00:00,1.0.0,767,13977,698,69,0,120.0,0.0549,1233.0,67.0,1233.0,67.0,1233.0,67.0,1233.0,205.5,18.17,2022-12-31,1,0,0.0,0.0,0.0,0.0,0.0,0,0.0,0.0,0,0.0,0.0,0.0,0.13333333333333333,0.28888888888888886,10,low_motion_slow_cuts_no_face_dark,,test|video|trend,474,461,0,1.1,0,1.2,0,1.32,2022-12-31,2023-01-01,2022-12-31,2023-01-02,2022-12-31,2023-01-03,0,0,0,13977,205.5,0.0005389487981798845,0.14727444217171368,0.001106783537411263,train,0
vid_0034,Test Video 34,2022-12-26 00:00:00+00:00,chan_4,Channel 4,8,2023-01-01 00:00:00+00:00,test|video|trend,15328,766,0,76,http://example.com/thumb.jpg,False,False,Test description,youtube,youtube_trending_kaggle,False,,,0,0,,,,,real,2023-01-01 00:00:00+00:00,1.0.0,842,15328,766,76,0,144.0,0.0549,1351.0,75.0,1351.0,75.0,1351.0,75.0,1351.0,225.17,19.67,2023-01-01,1,0,0.0,0.0,0.0,0.0,0.0,0,0.0,0.0,0,0.0,0.0,0.0,0.2558139534883721,0.3023255813953488,10,low_motion_slow_cuts_no_face_dark,,test|video|trend,535,520,0,1.1,0,1.2,0,1.32,2023-01-01,2023-01-02,2023-01-01,2023-01-03,2023-01-01,2023-01-04,0,0,0,15328,225.17,2.3853260751757477e-05,0.14727444217171368,2.810674852234457e-05,train,0
vid_0034,Test Video 34,2022-12-26 00:00:00+00:00,chan_4,Channel 4,27,2023-01-02 00:00:00+00:00,test|video|trend,16811,840,0,84,http://example.com/thumb.jpg,False,False,Test description,youtube,youtube_trending_kaggle,False,,,0,0,,,,,real,2023-01-02 00:00:00+00:00,1.0.0,924,16811,840,84,0,168.0,0.055,1483.0,82.0,1483.0,82.0,1483.0,82.0,1483.0,247.17,22.0,2023-01-02,1,0,0.0,0.0,0.0,0.0,0.0,0,0.0,0.0,0,0.0,0.0,0.0,0.24242424242424243,0.2727272727272727,10,low_motion_slow_cuts_no_face_dark,,test|video|trend,610,592,0,1.1,0,1.2,0,1.2,2023-01-02,2023-01-03,2023-01-02,2023-01-04,2023-01-02,2023-01-05,0,0,0,16811,247.17,5.374208471668149e-05,0.14727444217171368,9.070229990312344e-05,train,0
vid_0034,Test Video 34,2022-12-26 00:00:00+00:00,chan_4,Channel 4,25,2023-01-03 00:00:00+00:00,test|video|trend,18436,921,0,92,http://example.com/thumb.jpg,False,False,Test description,youtube,youtube_trending_kaggle,False,,,0,0,,,,,real,2023-01-03 00:00:00+00:00,1.0.0,1013,18436,921,92,0,192.0,0.0549,1625.0,89.0,1625.0,89.0,1625.0,89.0,1625.0,270.83,23.66,2023-01-03,1,0,0.0,0.0,0.0,0.0,0.0,0,0.0,0.0,0,0.0,0.0,0.0,0.2972972972972973,0.2702702702702703,10,low_motion_slow_cuts_no_face_dark,,test|video|trend,755,732,0,1.1,0,1.1,0,1.1,2023-01-03,2023-01-04,2023-01-03,2023-01-05,2023-01-03,2023-01-06,0,0,0,18436,270.83,1.6115640937873583e-05,0.14727444217171368,1.9398541650291046e-05,test,0
vid_0034,Test Video 34,2022-12-26 00:00:00+00:00,chan_4,Channel 4,7,2023-01-04 00:00:00+00:00,test|video|trend,20219,1010,0,101,http://example.com/thumb.jpg,False,False,Test description,youtube,youtube_trending_kaggle,False,,,0,0,,,,,real,2023-01-04 00:00:00+00:00,1.0.0,1111,20219,1010,101,0,216.0,0.0549,1783.0,98.0,1783.0,98.0,1783.0,98.0,1783.0,297.17,26.34,2023-01-04,1,0,0.0,0.0,0.0,0.0,0.0,0,0.0,0.0,0,0.0,0.0,0.0,0.2702702702702703,0.32432432432432434,10,low_motion_slow_cuts_no_face_dark,,test|video|trend,793,769,0,1.0,0,1.0,0,1.0,2023-01-04,2023-01-05,2023-01-04,2023-01-06,2023-01-04,2023-01-07,0,0,0,20219,297.17,2.715579068263125e-05,0.14727444217171368,2.1264907987492233e-05,test,0
vid_0035,Test Video 35,2022-12-23 00:00:00+00:00,chan_5,Channel 5,29,2022-12-23 00:00:00+00:00,test|video|trend,1921,96,0,9,http://example.com/thumb.jpg,False,False,Test description,youtube,youtube_trending_kaggle,False,,,0,0,,,,,real,2022-12-23 00:00:00+00:00,1.0.0,105,1921,96,9,0,0.0,0.0547,0.0,0.0,0.0,0.0,0.0,0.0,0.0,0.0,0.0,,1,0,0.0,0.0,0.0,0.0,0.0,0,0.0,0.0,0,0.0,0.0,0.0,0.06451612903225806,0.03225806451612903,10,low_motion_slow_cuts_no_face_dark,,test|video|trend,9,9,0,1.05,0,1.1,0,1.16,2022-12-23,2022-12-24,2022-12-23,2022-12-25,2022-12-23,2022-12-26,0,0,0,1921,0.0,0.03961011898333585,0.14727444217171368,0.02771884286604006,train,0
vid_0035,Test Video 35,2022-12-23 00:00:00+00:00,chan_5,Channel 5,6,2022-12-24 00:00:00+00:00,test|video|trend,2019,100,0,10,http://example.com/thumb.jpg,False,False,Test description,youtube,youtube_trending_kaggle,False,,,0,0,,,,,real,2022-12-24 00:00:00+00:00,1.0.0,110,2019,100,10,0,24.0,0.0545,98.0,5.0,98.0,5.0,98.0,5.0,98.0,16.33,0.0,2022-12-24,1,0,0.0,0.0,0.0,0.0,0.0,0,0.0,0.0,0,0.0,0.0,0.0,0.05263157894736842,0.13157894736842105,10,low_motion_slow_cuts_no_face_dark,,test|video|trend,22,21,0,1.05,0,1.1,0,1.16,2022-12-24,2022-12-25,2022-12-24,2022-12-26,2022-12-24,2022-12-27,0,0,0,2019,16.33,0.202123984999227,0.14727444217171368,0.17182101872357325,train,0
vid_0035,Test Video 35,2022-12-23 00:00:00+00:00,chan_5,Channel 5,24,2022-12-25 00:00:00+00:00,test|video|trend,2122,106,0,10,http://example.com/thumb.jpg,False,False,Test description,youtube,youtube_trending_kaggle,False,,,0,0,,,,,real,2022-12-25 00:00:00+00:00,1.0.0,116,2122,106,10,0,48.0,0.0547,103.0,6.0,103.0,6.0,103.0,6.0,103.0,17.17,0.84,2022-12-25,1,0,0.0,0.0,0.0,0.0,0.0,0,0.0,0.0,0,0.0,0.0,0.0,0.022222222222222223,0.17777777777777778,10,low_motion_slow_cuts_no_face_dark,,test|video|trend,52,51,0,1.05,0,1.1,0,1.16,2022-12-25,2022-12-26,2022-12-25,2022-12-27,2022-12-25,2022-12-28,0,0,0,2122,17.17,0.0047958645148302335,0.14727444217171368,0.0026925678740578923,train,0
vid_0035,Test Video 35,2022-12-23 00:00:00+00:00,chan_5,Channel 5,11,2022-12-26 00:00:00+00:00,test|video|trend,2230,111,0,11,http://example.com/thumb.jpg,False,False,Test description,youtube,youtube_trending_kaggle,False,,,0,0,,,,,real,2022-12-26 00:00:00+00:00,1.0.0,122,2230,111,11,0,72.0,0.0547,108.0,6.0,108.0,6.0,108.0,6.0,108.0,18.0,0.83,2022-12-26,1,0,0.0,0.0,0.0,0.0,0.0,0,0.0,0.0,0,0.0,0.0,0.0,0.03225806451612903,0.06451612903225806,10,low_motion_slow_cuts_no_face_dark,,test|video|trend,105,102,0,1.05,0,1.1,0,1.16,2022-12-26,2022-12-27,2022-12-26,2022-12-28,2022-12-26,2022-12-29,0,0,0,2230,18.0,0.001865151660187972,0.14727444217171368,0.002001116160252454,train,0
vid_0035,Test Video 35,2022-12-23 00:00:00+00:00,chan_5,Channel 5,24,2022-12-27 00:00:00+00:00,test|video|trend,2344,117,0,11,http://example.com/thumb.jpg,False,False,Test description,youtube,youtube_trending_kaggle,False,,,0,0,,,,,real,2022-12-27 00:00:00+00:00,1.0.0,128,2344,117,11,0,96.0,0.0546,114.0,6.0,114.0,6.0,114.0,6.0,114.0,19.0,1.0,2022-12-27,1,0,0.0,0.0,0.0,0.0,0.0,0,0.0,0.0,0,0.0,0.0,0.0,0.044444444444444446,0.2,10,low_motion_slow_cuts_no_face_dark,,test|video|trend,127,124,0,1.05,0,1.1,0,1.16,2022-12-27,2022-12-28,2022-12-27,2022-12-29,2022-12-27,2022-12-30,0,0,0,2344,19.0,0.02004292621713783,0.14727444217171368,0.013245744957452133,train,0
vid_0035,Test Video 35,2022-12-23 00:00:00+00:00,chan_5,Channel 5,7,2022-12-28 00:00:00+00:00,test|video|trend,2464,123,0,12,http://example.com/thumb.jpg,False,False,Test description,youtube,youtube_trending_kaggle,False,,,0,0,,,,,real,2022-12-28 00:00:00+00:00,1.0.0,135,2464,123,12,0,120.0,0.0548,120.0,7.0,120.0,7.0,120.0,7.0,120.0,20.0,1.0,2022-12-28,1,0,0.0,0.0,0.0,0.0,0.0,0,0.0,0.0,0,0.0,0.0,0.0,0.08108108108108109,0.16216216216216217,10,low_motion_slow_cuts_no_face_dark,,test|video|trend,194,188,0,1.05,0,1.1,0,1.16,2022-12-28,2022-12-29,2022-12-28,2022-12-30,2022-12-28,2022-12-31,0,0,0,2464,20.0,0.003191111039227102,0.14727444217171368,0.002854270437217283,train,0
vid_0035,Test Video 35,2022-12-23 00:00:00+00:00,chan_5,Channel 5,9,2022-12-29 00:00:00+00:00,test|video|trend,2590,129,0,12,http://example.com/thumb.jpg,False,False,Test description,youtube,youtube_trending_kaggle,False,,,0,0,,,,,real,2022-12-29 00:00:00+00:00,1.0.0,141,2590,129,12,0,144.0,0.0544,126.0,6.0,126.0,6.0,126.0,6.0,126.0,21.0,1.0,2022-12-29,1,0,0.0,0.0,0.0,0.0,0.0,0,0.0,0.0,0,0.0,0.0,0.0,0.030303030303030304,0.12121212121212122,10,low_motion_slow_cuts_no_face_dark,,test|video|trend,283,277,0,1.05,0,1.1,0,1.16,2022-12-29,2022-12-30,2022-12-29,2022-12-31,2022-12-29,2023-01-01,0,0,0,2590,21.0,0.0001287479794949473,0.14727444217171368,0.0002289669933290856,train,0
vid_0035,Test Video 35,2022-12-23 00:00:00+00:00,chan_5,Channel 5,16,2022-12-30 00:00:00+00:00,test|video|trend,2722,136,0,13,http://example.com/thumb.jpg,False,False,Test description,youtube,youtube_trending_kaggle,False,,,0,0,,,,,real,2022-12-30 00:00:00+00:00,1.0.0,149,2722,136,13,0,168.0,0.0547,132.0,8.0,132.0,8.0,132.0,8.0,132.0,22.0,1.0,2022-12-30,1,0,0.0,0.0,0.0,0.0,0.0,0,0.0,0.0,0,0.0,0.0,0.0,0.08333333333333333,0.20833333333333334,10,low_motion_slow_cuts_no_face_dark,,test|video|trend,382,370,0,1.05,0,1.11,0,1.11,2022-12-30,2022-12-31,2022-12-30,2023-01-01,2022-12-30,2023-01-02,0,0,0,2722,22.0,0.0007642980719104836,0.14727444217171368,0.0007097417873545427,train,0
vid_0035,Test Video 35,2022-12-23 00:00:00+00:00,chan_5,Channel 5,2,2022-12-31 00:00:00+00:00,test|video|trend,2861,143,0,14,http://example.com/thumb.jpg,False,False,Test description,youtube,youtube_trending_kaggle,False,,,0,0,,,,,real,2022-12-31 00:00:00+00:00,1.0.0,157,2861,143,14,0,192.0,0.0549,139.0,8.0,139.0,8.0,139.0,8.0,139.0,23.17,1.17,2022-12-31,1,0,0.0,0.0,0.0,0.0,0.0,0,0.0,0.0,0,0.0,0.0,0.0,0.10810810810810811,0.16216216216216217,10,low_motion_slow_cuts_no_face_dark,,test|video|trend,486,472,0,1.05,0,1.05,0,1.05,2022-12-31,2023-01-01,2022-12-31,2023-01-02,2022-12-31,2023-01-03,0,0,0,2861,23.17,0.00012765186417100274,0.14727444217171368,0.0003051503338317224,train,0
vid_0035,Test Video 35,2022-12-23 00:00:00+00:00,chan_5,Channel 5,26,2023-01-01 00:00:00+00:00,test|video|trend,3008,150,0,15,http://example.com/thumb.jpg,False,False,Test description,youtube,youtube_trending_kaggle,False,,,0,0,,,,,real,2023-01-01 00:00:00+00:00,1.0.0,165,3008,150,15,0,216.0,0.0549,147.0,8.0,147.0,8.0,147.0,8.0,147.0,24.5,1.33,2023-01-01,1,0,0.0,0.0,0.0,0.0,0.0,0,0.0,0.0,0,0.0,0.0,0.0,0.019230769230769232,0.19230769230769232,10,low_motion_slow_cuts_no_face_dark,,test|video|trend,519,504,0,1.0,0,1.0,0,1.0,2023-01-01,2023-01-02,2023-01-01,2023-01-03,2023-01-01,2023-01-04,0,0,0,3008,24.5,2.302872575592285e-05,0.14727444217171368,2.585166091230857e-05,train,0
vid_0036,Test Video 36,2022-12-30 00:00:00+00:00,chan_6,Channel 6,5,2022-12-30 00:00:00+00:00,test|video|trend,18332,916,0,91,http://example.com/thumb.jpg,False,False,Test description,youtube,youtube_trending_kaggle,False,,,0,0,,,,,real,2022-12-30 00:00:00+00:00,1.0.0,1007,18332,916,91,0,0.0,0.0549,0.0,0.0,0.0,0.0,0.0,0.0,0.0,0.0,0.0,,1,0,0.0,0.0,0.0,0.0,0.0,0,0.0,0.0,0,0.0,0.0,0.0,0.22580645161290322,0.08064516129032258,10,low_motion_slow_cuts_no_face_dark,,test|video|trend,380,368,0,1.46,0,2.12,0,3.08,2022-12-30,2022-12-31,2022-12-30,2023-01-01,2022-12-30,2023-01-02,0,0,1,18332,0.0,0.06809845728615471,0.14727444217171368,0.0580234563319654,train,0
vid_0036,Test Video 36,2022-12-30 00:00:00+00:00,chan_6,Channel 6,1,2022-12-31 00:00:00+00:00,test|video|trend,26681,1334,0,133,http://example.com/thumb.jpg,False,False,Test description,youtube,youtube_trending_kaggle,False,,,0,0,,,,,real,2022-12-31 00:00:00+00:00,1.0.0,1467,26681,1334,133,0,24.0,0.055,8349.0,460.0,8349.0,460.0,8349.0,460.0,8349.0,1391.5,0.0,2022-12-31,1,0,0.0,0.0,0.0,0.0,0.0,0,0.0,0.0,0,0.0,0.0,0.0,0.3939393939393939,0.6363636363636364,10,low_motion_slow_cuts_no_face_dark,,test|video|trend,483,469,1,1.46,1,2.12,1,3.08,2022-12-31,2023-01-01,2022-12-31,2023-01-02,2022-12-31,2023-01-03,0,0,1,26681,1391.5,0.9856350111593467,0.14727444217171368,0.9874318760175917,train,1
vid_0036,Test Video 36,2022-12-30 00:00:00+00:00,chan_6,Channel 6,5,2023-01-01 00:00:00+00:00,test|video|trend,38833,1941,0,194,http://example.com/thumb.jpg,False,False,Test description,youtube,youtube_trending_kaggle,False,,,0,0,,,,,real,2023-01-01 00:00:00+00:00,1.0.0,2135,38833,1941,194,0,48.0,0.055,12152.0,668.0,12152.0,668.0,12152.0,668.0,12152.0,2025.33,633.83,2023-01-01,1,0,0.0,0.0,0.0,0.0,0.0,0,0.0,0.0,0,0.0,0.0,0.0,0.3870967741935484,0.5483870967741935,10,low_motion_slow_cuts_no_face_dark,,test|video|trend,522,507,0,1.46,0,2.12,0,3.08,2023-01-01,2023-01-02,2023-01-01,2023-01-03,2023-01-01,2023-01-04,0,0,1,38833,2025.33,0.1211450444473457,0.14727444217171368,0.11175842396350068,train,0
vid_0036,Test Video 36,2022-12-30 00:00:00+00:00,chan_6,Channel 6,19,2023-01-02 00:00:00+00:00,test|video|trend,56520,2826,0,282,http://example.com/thumb.jpg,False,False,Test description,youtube,youtube_trending_kaggle,False,,,0,0,,,,,real,2023-01-02 00:00:00+00:00,1.0.0,3108,56520,2826,282,0,72.0,0.055,17687.0,973.0,17687.0,973.0,17687.0,973.0,17687.0,2947.83,922.5,2023-01-02,1,0,0.0,0.0,0.0,0.0,0.0,0,0.0,0.0,0,0.0,0.0,0.0,0.5833333333333334,0.6111111111111112,10,low_motion_slow_cuts_no_face_dark,,test|video|trend,687,666,1,1.46,1,2.12,1,3.08,2023-01-02,2023-01-03,2023-01-02,2023-01-04,2023-01-02,2023-01-05,0,0,1,56520,2947.83,0.9487389491391301,0.14727444217171368,0.9565311358343201,train,1
vid_0036,Test Video 36,2022-12-30 00:00:00+00:00,chan_6,Channel 6,13,2023-01-03 00:00:00+00:00,test|video|trend,82263,4113,0,411,http://example.com/thumb.jpg,False,False,Test description,youtube,youtube_trending_kaggle,False,,,0,0,,,,,real,2023-01-03 00:00:00+00:00,1.0.0,4524,82263,4113,411,0,96.0,0.055,25743.0,1416.0,25743.0,1416.0,25743.0,1416.0,25743.0,4290.5,1342.67,2023-01-03,1,0,0.0,0.0,0.0,0.0,0.0,0,0.0,0.0,0,0.0,0.0,0.0,0.625,0.65625,10,low_motion_slow_cuts_no_face_dark,,test|video|trend,762,739,0,1.46,1,2.12,1,3.08,2023-01-03,2023-01-04,2023-01-03,2023-01-05,2023-01-03,2023-01-06,0,0,1,82263,4290.5,0.9679541963054392,0.14727444217171368,0.9555321372116862,test,1
vid_0036,Test Video 36,2022-12-30 00:00:00+00:00,chan_6,Channel 6,20,2023-01-04 00:00:00+00:00,test|video|trend,119730,5986,0,598,http://example.com/thumb.jpg,False,False,Test description,youtube,youtube_trending_kaggle,False,,,0,0,,,,,real,2023-01-04 00:00:00+00:00,1.0.0,6584,119730,5986,598,0,120.0,0.055,37467.0,2060.0,37467.0,2060.0,37467.0,2060.0,37467.0,6244.5,1954.0,2023-01-04,1,0,0.0,0.0,0.0,0.0,0.0,0,0.0,0.0,0,0.0,0.0,0.0,0.8064516129032258,0.8387096774193549,10,low_motion_slow_cuts_no_face_dark,,test|video|trend,794,770,1,1.46,1,2.12,1,3.08,2023-01-04,2023-01-05,2023-01-04,2023-01-06,2023-01-04,2023-01-07,0,0,1,119730,6244.5,0.2610917871170147,0.14727444217171368,0.30806099347864535,test,1
vid_0036,Test Video 36,2022-12-30 00:00:00+00:00,chan_6,Channel 6,17,2023-01-05 00:00:00+00:00,test|video|trend,174262,8713,0,871,http://example.com/thumb.jpg,False,False,Test description,youtube,youtube_trending_kaggle,False,,,0,0,,,,,real,2023-01-05 00:00:00+00:00,1.0.0,9584,174262,8713,871,0,144.0,0.055,54532.0,3000.0,54532.0,3000.0,54532.0,3000.0,54532.0,9088.67,2844.17,2023-01-05,1,0,0.0,0.0,0.0,0.0,0.0,0,0.0,0.0,0,0.0,0.0,0.0,0.8285714285714286,0.8571428571428571,10,low_motion_slow_cuts_no_face_dark,,test|video|trend,888,861,0,1.46,0,2.12,0,3.08,2023-01-05,2023-01-06,2023-01-05,2023-01-07,2023-01-05,2023-01-08,0,0,1,174262,9088.67,0.8241305158576578,0.14727444217171368,0.8335359093252305,test,0
vid_0036,Test Video 36,2022-12-30 00:00:00+00:00,chan_6,Channel 6,25,2023-01-06 00:00:00+00:00,test|video|trend,253631,12681,0,1268,http://example.com/thumb.jpg,False,False,Test description,youtube,youtube_trending_kaggle,False,,,0,0,,,,,real,2023-01-06 00:00:00+00:00,1.0.0,13949,253631,12681,1268,0,168.0,0.055,79369.0,4365.0,79369.0,4365.0,79369.0,4365.0,79369.0,13228.17,4139.5,2023-01-06,1,0,0.0,0.0,0.0,0.0,0.0,0,0.0,0.0,0,0.0,0.0,0.0,0.9459459459459459,0.9459459459459459,10,low_motion_slow_cuts_no_face_dark,,test|video|trend,897,869,0,1.46,0,2.12,0,2.12,2023-01-06,2023-01-07,2023-01-06,2023-01-08,2023-01-06,2023-01-09,0,0,0,253631,13228.17,0.0030047452781226535,0.14727444217171368,0.0034152355737391395,test,0
vid_0036,Test Video 36,2022-12-30 00:00:00+00:00,chan_6,Channel 6,13,2023-01-07 00:00:00+00:00,test|video|trend,369149,18457,0,1845,http://example.com/thumb.jpg,False,False,Test description,youtube,youtube_trending_kaggle,False,,,0,0,,,,,real,2023-01-07 00:00:00+00:00,1.0.0,20302,369149,18457,1845,0,192.0,0.055,115518.0,6353.0,115518.0,6353.0,115518.0,6353.0,115518.0,19253.0,6024.83,2023-01-07,1,0,0.0,0.0,0.0,0.0,0.0,0,0.0,0.0,0,0.0,0.0,0.0,0.9375,0.9375,10,low_motion_slow_cuts_no_face_dark,,test|video|trend,950,921,0,1.46,0,1.46,0,1.46,2023-01-07,2023-01-08,2023-01-07,2023-01-09,2023-01-07,2023-01-10,0,0,0,369149,19253.0,0.0017715134725482583,0.14727444217171368,0.001668781944919369,test,0
vid_0036,Test Video 36,2022-12-30 00:00:00+00:00,chan_6,Channel 6,1,2023-01-08 00:00:00+00:00,test|video|trend,537281,26864,0,2686,http://example.com/thumb.jpg,False,False,Test description,youtube,youtube_trending_kaggle,False,,,0,0,,,,,real,2023-01-08 00:00:00+00:00,1.0.0,29550,537281,26864,2686,0,216.0,0.055,168132.0,9248.0,168132.0,9248.0,168132.0,9248.0,168132.0,28022.0,8769.0,2023-01-08,1,0,0.0,0.0,0.0,0.0,0.0,0,0.0,0.0,0,0.0,0.0,0.0,1.0,1.0,10,low_motion_slow_cuts_no_face_dark,,test|video|trend,985,955,0,1.0,0,1.0,0,1.0,2023-01-08,2023-01-09,2023-01-08,2023-01-10,2023-01-08,2023-01-11,0,0,0,537281,28022.0,0.006808080242211765,0.14727444217171368,0.006023642691354063,test,0
vid_0037,Test Video 37,2022-12-25 00:00:00+00:00,chan_7,Channel 7,14,2022-12-25 00:00:00+00:00,test|video|trend,15067,753,0,75,http://example.com/thumb.jpg,False,False,Test description,youtube,youtube_trending_kaggle,False,,,0,0,,,,,real,2022-12-25 00:00:00+00:00,1.0.0,828,15067,753,75,0,0.0,0.055,0.0,0.0,0.0,0.0,0.0,0.0,0.0,0.0,0.0,,1,0,0.0,0.0,0.0,0.0,0.0,0,0.0,0.0,0,0.0,0.0,0.0,0.19444444444444445,0.041666666666666664,10,low_motion_slow_cuts_no_face_dark,,test|video|trend,57,56,1,1.49,1,2.22,1,3.3,2022-12-25,2022-12-26,2022-12-25,2022-12-27,2022-12-25,2022-12-28,0,0,1,15067,0.0,0.8445295052516334,0.14727444217171368,0.8630945343348297,train,1
vid_0037,Test Video 37,2022-12-25 00:00:00+00:00,chan_7,Channel 7,11,2022-12-26 00:00:00+00:00,test|video|trend,22436,1121,0,112,http://example.com/thumb.jpg,False,False,Test description,youtube,youtube_trending_kaggle,False,,,0,0,,,,,real,2022-12-26 00:00:00+00:00,1.0.0,1233,22436,1121,112,0,24.0,0.055,7369.0,405.0,7369.0,405.0,7369.0,405.0,7369.0,1228.17,0.0,2022-12-26,1,0,0.0,0.0,0.0,0.0,0.0,0,0.0,0.0,0,0.0,0.0,0.0,0.22580645161290322,0.3870967741935484,10,low_motion_slow_cuts_no_face_dark,,test|video|trend,93,90,1,1.49,1,2.22,1,3.3,2022-12-26,2022-12-27,2022-12-26,2022-12-28,2022-12-26,2022-12-29,0,0,1,22436,1228.17,0.9449662828118305,0.14727444217171368,0.9369925613260534,train,1
vid_0037,Test Video 37,2022-12-25 00:00:00+00:00,chan_7,Channel 7,2,2022-12-27 00:00:00+00:00,test|video|trend,33409,1670,0,167,http://example.com/thumb.jpg,False,False,Test description,youtube,youtube_trending_kaggle,False,,,0,0,,,,,real,2022-12-27 00:00:00+00:00,1.0.0,1837,33409,1670,167,0,48.0,0.055,10973.0,604.0,10973.0,604.0,10973.0,604.0,10973.0,1828.83,600.66,2022-12-27,1,0,0.0,0.0,0.0,0.0,0.0,0,0.0,0.0,0,0.0,0.0,0.0,0.24324324324324326,0.5135135135135135,10,low_motion_slow_cuts_no_face_dark,,test|video|trend,114,111,1,1.49,1,2.22,1,3.3,2022-12-27,2022-12-28,2022-12-27,2022-12-29,2022-12-27,2022-12-30,0,0,1,33409,1828.83,0.8711010364427623,0.14727444217171368,0.8497168542144343,train,1
vid_0037,Test Video 37,2022-12-25 00:00:00+00:00,chan_7,Channel 7,5,2022-12-28 00:00:00+00:00,test|video|trend,49750,2487,0,248,http://example.com/thumb.jpg,False,False,Test description,youtube,youtube_trending_kaggle,False,,,0,0,,,,,real,2022-12-28 00:00:00+00:00,1.0.0,2735,49750,2487,248,0,72.0,0.055,16341.0,898.0,16341.0,898.0,16341.0,898.0,16341.0,2723.5,894.67,2022-12-28,1,0,0.0,0.0,0.0,0.0,0.0,0,0.0,0.0,0,0.0,0.0,0.0,0.5161290322580645,0.6451612903225806,10,low_motion_slow_cuts_no_face_dark,,test|video|trend,197,191,1,1.49,1,2.22,1,3.3,2022-12-28,2022-12-29,2022-12-28,2022-12-30,2022-12-28,2022-12-31,0,0,1,49750,2723.5,0.9846131004015847,0.14727444217171368,0.981633007597355,train,1
vid_0037,Test Video 37,2022-12-25 00:00:00+00:00,chan_7,Channel 7,23,2022-12-29 00:00:00+00:00,test|video|trend,74083,3704,0,370,http://example.com/thumb.jpg,False,False,Test description,youtube,youtube_trending_kaggle,False,,,0,0,,,,,real,2022-12-29 00:00:00+00:00,1.0.0,4074,74083,3704,370,0,96.0,0.055,24333.0,1339.0,24333.0,1339.0,24333.0,1339.0,24333.0,4055.5,1332.0,2022-12-29,1,0,0.0,0.0,0.0,0.0,0.0,0,0.0,0.0,0,0.0,0.0,0.0,0.6666666666666666,0.7333333333333333,10,low_motion_slow_cuts_no_face_dark,,test|video|trend,277,271,1,1.49,1,2.22,1,3.3,2022-12-29,2022-12-30,2022-12-29,2022-12-31,2022-12-29,2023-01-01,0,0,1,74083,4055.5,0.9838830514782683,0.14727444217171368,0.9794907856245069,train,1
vid_0037,Test Video 37,2022-12-25 00:00:00+00:00,chan_7,Channel 7,27,2022-12-30 00:00:00+00:00,test|video|trend,110317,5515,0,551,http://example.com/thumb.jpg,False,False,Test description,youtube,youtube_trending_kaggle,False,,,0,0,,,,,real,2022-12-30 00:00:00+00:00,1.0.0,6066,110317,5515,551,0,120.0,0.055,36234.0,1992.0,36234.0,1992.0,36234.0,1992.0,36234.0,6039.0,1983.5,2022-12-30,1,0,0.0,0.0,0.0,0.0,0.0,0,0.0,0.0,0,0.0,0.0,0.0,0.8787878787878788,0.9090909090909091,10,low_motion_slow_cuts_no_face_dark,,test|video|trend,316,307,1,1.49,1,2.22,1,3.3,2022-12-30,2022-12-31,2022-12-30,2023-01-01,2022-12-30,2023-01-02,0,0,1,110317,6039.0,0.8777982455373916,0.14727444217171368,0.8852135268732145,train,1
vid_0037,Test Video 37,2022-12-25 00:00:00+00:00,chan_7,Channel 7,20,2022-12-31 00:00:00+00:00,test|video|trend,164273,8213,0,821,http://example.com/thumb.jpg,False,False,Test description,youtube,youtube_trending_kaggle,False,,,0,0,,,,,real,2022-12-31 00:00:00+00:00,1.0.0,9034,164273,8213,821,0,144.0,0.055,53956.0,2968.0,53956.0,2968.0,53956.0,2968.0,53956.0,8992.67,2953.67,2022-12-31,1,0,0.0,0.0,0.0,0.0,0.0,0,0.0,0.0,0,0.0,0.0,0.0,0.9032258064516129,0.9032258064516129,10,low_motion_slow_cuts_no_face_dark,,test|video|trend,464,452,1,1.49,1,2.22,1,3.3,2022-12-31,2023-01-01,2022-12-31,2023-01-02,2022-12-31,2023-01-03,0,0,1,164273,8992.67,0.48183766986918825,0.14727444217171368,0.5356838112101004,train,1
vid_0037,Test Video 37,2022-12-25 00:00:00+00:00,chan_7,Channel 7,12,2023-01-01 00:00:00+00:00,test|video|trend,244619,12230,0,1223,http://example.com/thumb.jpg,False,False,Test description,youtube,youtube_trending_kaggle,False,,,0,0,,,,,real,2023-01-01 00:00:00+00:00,1.0.0,13453,244619,12230,1223,0,168.0,0.055,80346.0,4419.0,80346.0,4419.0,80346.0,4419.0,80346.0,13391.0,4398.33,2023-01-01,1,0,0.0,0.0,0.0,0.0,0.0,0,0.0,0.0,0,0.0,0.0,0.0,0.9666666666666667,0.9666666666666667,10,low_motion_slow_cuts_no_face_dark,,test|video|trend,533,518,1,1.49,1,2.22,0,2.22,2023-01-01,2023-01-02,2023-01-01,2023-01-03,2023-01-01,2023-01-04,0,0,0,244619,13391.0,0.028654733388009716,0.14727444217171368,0.029995179254653923,train,0
vid_0037,Test Video 37,2022-12-25 00:00:00+00:00,chan_7,Channel 7,14,2023-01-02 00:00:00+00:00,test|video|trend,364262,18213,0,1821,http://example.com/thumb.jpg,False,False,Test description,youtube,youtube_trending_kaggle,False,,,0,0,,,,,real,2023-01-02 00:00:00+00:00,1.0.0,20034,364262,18213,1821,0,192.0,0.055,119643.0,6581.0,119643.0,6581.0,119643.0,6581.0,119643.0,19940.5,6549.5,2023-01-02,1,0,0.0,0.0,0.0,0.0,0.0,0,0.0,0.0,0,0.0,0.0,0.0,0.9722222222222222,0.9722222222222222,10,low_motion_slow_cuts_no_face_dark,,test|video|trend,677,656,1,1.49,0,1.49,0,1.49,2023-01-02,2023-01-03,2023-01-02,2023-01-04,2023-01-02,2023-01-05,0,0,0,364262,19940.5,0.006808080242211765,0.14727444217171368,0.006023642691354063,train,0
vid_0037,Test Video 37,2022-12-25 00:00:00+00:00,chan_7,Channel 7,22,2023-01-03 00:00:00+00:00,test|video|trend,542422,27121,0,2712,http://example.com/thumb.jpg,False,False,Test description,youtube,youtube_trending_kaggle,False,,,0,0,,,,,real,2023-01-03 00:00:00+00:00,1.0.0,29833,542422,27121,2712,0,216.0,0.055,178160.0,9799.0,178160.0,9799.0,178160.0,9799.0,178160.0,29693.33,9752.83,2023-01-03,1,0,0.0,0.0,0.0,0.0,0.0,0,0.0,0.0,0,0.0,0.0,0.0,0.96875,0.96875,10,low_motion_slow_cuts_no_face_dark,,test|video|trend,751,728,0,1.0,0,1.0,0,1.0,2023-01-03,2023-01-04,2023-01-03,2023-01-05,2023-01-03,2023-01-06,0,0,0,542422,29693.33,0.006808080242211765,0.14727444217171368,0.006023642691354063,test,0
vid_0038,Test Video 38,2022-12-29 00:00:00+00:00,chan_8,Channel 8,10,2022-12-29 00:00:00+00:00,test|video|trend,40640,2032,0,203,http://example.com/thumb.jpg,False,False,Test description,youtube,youtube_trending_kaggle,False,,,0,0,,,,,real,2022-12-29 00:00:00+00:00,1.0.0,2235,40640,2032,203,0,0.0,0.055,0.0,0.0,0.0,0.0,0.0,0.0,0.0,0.0,0.0,,1,0,0.0,0.0,0.0,0.0,0.0,0,0.0,0.0,0,0.0,0.0,0.0,0.3939393939393939,0.045454545454545456,10,low_motion_slow_cuts_no_face_dark,,test|video|trend,276,270,0,1.44,0,2.08,1,3.0,2022-12-29,2022-12-30,2022-12-29,2022-12-31,2022-12-29,2023-01-01,0,0,0,40640,0.0,0.7058220064486028,0.14727444217171368,0.7145456807772874,train,1
vid_0038,Test Video 38,2022-12-29 00:00:00+00:00,chan_8,Channel 8,6,2022-12-30 00:00:00+00:00,test|video|trend,58618,2930,0,293,http://example.com/thumb.jpg,False,False,Test description,youtube,youtube_trending_kaggle,False,,,0,0,,,,,real,2022-12-30 00:00:00+00:00,1.0.0,3223,58618,2930,293,0,24.0,0.055,17978.0,988.0,17978.0,988.0,17978.0,988.0,17978.0,2996.33,0.0,2022-12-30,1,0,0.0,0.0,0.0,0.0,0.0,0,0.0,0.0,0,0.0,0.0,0.0,0.631578947368421,0.7368421052631579,10,low_motion_slow_cuts_no_face_dark,,test|video|trend,313,304,0,1.44,0,2.08,0,3.0,2022-12-30,2022-12-31,2022-12-30,2023-01-01,2022-12-30,2023-01-02,0,0,0,58618,2996.33,0.005750408644548633,0.14727444217171368,0.006206665976302925,train,0
vid_0038,Test Video 38,2022-12-29 00:00:00+00:00,chan_8,Channel 8,12,2022-12-31 00:00:00+00:00,test|video|trend,84551,4227,0,422,http://example.com/thumb.jpg,False,False,Test description,youtube,youtube_trending_kaggle,False,,,0,0,,,,,real,2022-12-31 00:00:00+00:00,1.0.0,4649,84551,4227,422,0,48.0,0.055,25933.0,1426.0,25933.0,1426.0,25933.0,1426.0,25933.0,4322.17,1325.84,2022-12-31,1,0,0.0,0.0,0.0,0.0,0.0,0,0.0,0.0,0,0.0,0.0,0.0,0.7666666666666667,0.8,10,low_motion_slow_cuts_no_face_dark,,test|video|trend,470,458,1,1.44,1,2.08,1,3.0,2022-12-31,2023-01-01,2022-12-31,2023-01-02,2022-12-31,2023-01-03,0,0,0,84551,4322.17,0.952330184296716,0.14727444217171368,0.945638715112508,train,1
vid_0038,Test Video 38,2022-12-29 00:00:00+00:00,chan_8,Channel 8,29,2023-01-01 00:00:00+00:00,test|video|trend,121956,6097,0,609,http://example.com/thumb.jpg,False,False,Test description,youtube,youtube_trending_kaggle,False,,,0,0,,,,,real,2023-01-01 00:00:00+00:00,1.0.0,6706,121956,6097,609,0,72.0,0.055,37405.0,2057.0,37405.0,2057.0,37405.0,2057.0,37405.0,6234.17,1912.0,2023-01-01,1,0,0.0,0.0,0.0,0.0,0.0,0,0.0,0.0,0,0.0,0.0,0.0,0.7741935483870968,0.8064516129032258,10,low_motion_slow_cuts_no_face_dark,,test|video|trend,539,524,0,1.44,0,2.08,1,3.0,2023-01-01,2023-01-02,2023-01-01,2023-01-03,2023-01-01,2023-01-04,0,0,0,121956,6234.17,0.8022931077412021,0.14727444217171368,0.8164176959471972,train,1
vid_0038,Test Video 38,2022-12-29 00:00:00+00:00,chan_8,Channel 8,25,2023-01-02 00:00:00+00:00,test|video|trend,175908,8795,0,879,http://example.com/thumb.jpg,False,False,Test description,youtube,youtube_trending_kaggle,False,,,0,0,,,,,real,2023-01-02 00:00:00+00:00,1.0.0,9674,175908,8795,879,0,96.0,0.055,53952.0,2968.0,53952.0,2968.0,53952.0,2968.0,53952.0,8992.0,2757.83,2023-01-02,1,0,0.0,0.0,0.0,0.0,0.0,0,0.0,0.0,0,0.0,0.0,0.0,0.8918918918918919,0.8918918918918919,10,low_motion_slow_cuts_no_face_dark,,test|video|trend,668,648,0,1.44,0,2.08,0,3.0,2023-01-02,2023-01-03,2023-01-02,2023-01-04,2023-01-02,2023-01-05,0,0,0,175908,8992.0,0.3215326269666613,0.14727444217171368,0.2912324210759332,train,0
vid_0038,Test Video 38,2022-12-29 00:00:00+00:00,chan_8,Channel 8,22,2023-01-03 00:00:00+00:00,test|video|trend,253728,12686,0,1268,http://example.com/thumb.jpg,False,False,Test description,youtube,youtube_trending_kaggle,False,,,0,0,,,,,real,2023-01-03 00:00:00+00:00,1.0.0,13954,253728,12686,1268,0,120.0,0.055,77820.0,4280.0,77820.0,4280.0,77820.0,4280.0,77820.0,12970.0,3978.0,2023-01-03,1,0,0.0,0.0,0.0,0.0,0.0,0,0.0,0.0,0,0.0,0.0,0.0,0.90625,0.90625,10,low_motion_slow_cuts_no_face_dark,,test|video|trend,744,721,1,1.44,1,2.08,1,3.0,2023-01-03,2023-01-04,2023-01-03,2023-01-05,2023-01-03,2023-01-06,0,0,0,253728,12970.0,0.4889644727428585,0.14727444217171368,0.5253499398764537,test,1
vid_0038,Test Video 38,2022-12-29 00:00:00+00:00,chan_8,Channel 8,12,2023-01-04 00:00:00+00:00,test|video|trend,365976,18298,0,1829,http://example.com/thumb.jpg,False,False,Test description,youtube,youtube_trending_kaggle,False,,,0,0,,,,,real,2023-01-04 00:00:00+00:00,1.0.0,20127,365976,18298,1829,0,144.0,0.055,112248.0,6173.0,112248.0,6173.0,112248.0,6173.0,112248.0,18708.0,5738.0,2023-01-04,1,0,0.0,0.0,0.0,0.0,0.0,0,0.0,0.0,0,0.0,0.0,0.0,1.0,1.0,10,low_motion_slow_cuts_no_face_dark,,test|video|trend,796,772,1,1.44,1,2.08,1,3.0,2023-01-04,2023-01-05,2023-01-04,2023-01-06,2023-01-04,2023-01-07,0,0,0,365976,18708.0,0.8990648055679084,0.14727444217171368,0.8907507548133412,test,1
vid_0038,Test Video 38,2022-12-29 00:00:00+00:00,chan_8,Channel 8,25,2023-01-05 00:00:00+00:00,test|video|trend,527881,26394,0,2639,http://example.com/thumb.jpg,False,False,Test description,youtube,youtube_trending_kaggle,False,,,0,0,,,,,real,2023-01-05 00:00:00+00:00,1.0.0,29033,527881,26394,2639,0,168.0,0.055,161905.0,8906.0,161905.0,8906.0,161905.0,8906.0,161905.0,26984.17,8276.17,2023-01-05,1,0,0.0,0.0,0.0,0.0,0.0,0,0.0,0.0,0,0.0,0.0,0.0,0.972972972972973,0.972972972972973,10,low_motion_slow_cuts_no_face_dark,,test|video|trend,839,814,0,1.44,0,2.08,0,2.08,2023-01-05,2023-01-06,2023-01-05,2023-01-07,2023-01-05,2023-01-08,0,0,0,527881,26984.17,0.05165396985903424,0.14727444217171368,0.052003767445587046,test,0
vid_0038,Test Video 38,2022-12-29 00:00:00+00:00,chan_8,Channel 8,23,2023-01-06 00:00:00+00:00,test|video|trend,761411,38070,0,3807,http://example.com/thumb.jpg,False,False,Test description,youtube,youtube_trending_kaggle,False,,,0,0,,,,,real,2023-01-06 00:00:00+00:00,1.0.0,41877,761411,38070,3807,0,192.0,0.055,233530.0,12844.0,233530.0,12844.0,233530.0,12844.0,233530.0,38921.67,11937.5,2023-01-06,1,0,0.0,0.0,0.0,0.0,0.0,0,0.0,0.0,0,0.0,0.0,0.0,1.0,1.0,10,low_motion_slow_cuts_no_face_dark,,test|video|trend,901,873,0,1.44,0,1.44,0,1.44,2023-01-06,2023-01-07,2023-01-06,2023-01-08,2023-01-06,2023-01-09,0,0,0,761411,38921.67,0.006808080242211765,0.14727444217171368,0.006023642691354063,test,0
vid_0038,Test Video 38,2022-12-29 00:00:00+00:00,chan_8,Channel 8,8,2023-01-07 00:00:00+00:00,test|video|trend,1098253,54912,0,5491,http://example.com/thumb.jpg,False,False,Test description,youtube,youtube_trending_kaggle,False,,,0,0,,,,,real,2023-01-07 00:00:00+00:00,1.0.0,60403,1098253,54912,5491,0,216.0,0.055,336842.0,18526.0,336842.0,18526.0,336842.0,18526.0,336842.0,56140.33,17218.66,2023-01-07,1,0,0.0,0.0,0.0,0.0,0.0,0,0.0,0.0,0,0.0,0.0,0.0,1.0,1.0,10,low_motion_slow_cuts_no_face_dark,,test|video|trend,967,937,0,1.0,0,1.0,0,1.0,2023-01-07,2023-01-08,2023-01-07,2023-01-09,2023-01-07,2023-01-10,0,0,0,1098253,56140.33,0.006808080242211765,0.14727444217171368,0.006023642691354063,test,0
vid_0039,Test Video 39,2022-12-26 00:00:00+00:00,chan_9,Channel 9,24,2022-12-26 00:00:00+00:00,test|video|trend,31673,1583,0,158,http://example.com/thumb.jpg,False,False,Test description,youtube,youtube_trending_kaggle,False,,,0,0,,,,,real,2022-12-26 00:00:00+00:00,1.0.0,1741,31673,1583,158,0,0.0,0.055,0.0,0.0,0.0,0.0,0.0,0.0,0.0,0.0,0.0,,1,0,0.0,0.0,0.0,0.0,0.0,0,0.0,0.0,0,0.0,0.0,0.0,0.4,0.07777777777777778,10,low_motion_slow_cuts_no_face_dark,,test|video|trend,107,104,1,1.48,1,2.2,1,3.26,2022-12-26,2022-12-27,2022-12-26,2022-12-28,2022-12-26,2022-12-29,0,0,1,31673,0.0,0.8653760741343446,0.14727444217171368,0.8780655918540907,train,1
vid_0039,Test Video 39,2022-12-26 00:00:00+00:00,chan_9,Channel 9,15,2022-12-27 00:00:00+00:00,test|video|trend,46952,2347,0,234,http://example.com/thumb.jpg,False,False,Test description,youtube,youtube_trending_kaggle,False,,,0,0,,,,,real,2022-12-27 00:00:00+00:00,1.0.0,2581,46952,2347,234,0,24.0,0.055,15279.0,840.0,15279.0,840.0,15279.0,840.0,15279.0,2546.5,0.0,2022-12-27,1,0,0.0,0.0,0.0,0.0,0.0,0,0.0,0.0,0,0.0,0.0,0.0,0.5384615384615384,0.6923076923076923,10,low_motion_slow_cuts_no_face_dark,,test|video|trend,117,114,1,1.48,1,2.2,1,3.26,2022-12-27,2022-12-28,2022-12-27,2022-12-29,2022-12-27,2022-12-30,0,0,1,46952,2546.5,0.915617362967927,0.14727444217171368,0.9405914396330944,train,1
vid_0039,Test Video 39,2022-12-26 00:00:00+00:00,chan_9,Channel 9,10,2022-12-28 00:00:00+00:00,test|video|trend,69603,3480,0,348,http://example.com/thumb.jpg,False,False,Test description,youtube,youtube_trending_kaggle,False,,,0,0,,,,,real,2022-12-28 00:00:00+00:00,1.0.0,3828,69603,3480,348,0,48.0,0.055,22651.0,1247.0,22651.0,1247.0,22651.0,1247.0,22651.0,3775.17,1228.67,2022-12-28,1,0,0.0,0.0,0.0,0.0,0.0,0,0.0,0.0,0,0.0,0.0,0.0,0.696969696969697,0.7575757575757576,10,low_motion_slow_cuts_no_face_dark,,test|video|trend,173,169,1,1.48,1,2.2,1,3.26,2022-12-28,2022-12-29,2022-12-28,2022-12-30,2022-12-28,2022-12-31,0,0,1,69603,3775.17,0.979168578853941,0.14727444217171368,0.9794824537341028,train,1
vid_0039,Test Video 39,2022-12-26 00:00:00+00:00,chan_9,Channel 9,25,2022-12-29 00:00:00+00:00,test|video|trend,103182,5159,0,515,http://example.com/thumb.jpg,False,False,Test description,youtube,youtube_trending_kaggle,False,,,0,0,,,,,real,2022-12-29 00:00:00+00:00,1.0.0,5674,103182,5159,515,0,72.0,0.055,33579.0,1846.0,33579.0,1846.0,33579.0,1846.0,33579.0,5596.5,1821.33,2022-12-29,1,0,0.0,0.0,0.0,0.0,0.0,0,0.0,0.0,0,0.0,0.0,0.0,0.8108108108108109,0.8378378378378378,10,low_motion_slow_cuts_no_face_dark,,test|video|trend,271,265,1,1.48,1,2.2,1,3.26,2022-12-29,2022-12-30,2022-12-29,2022-12-31,2022-12-29,2023-01-01,0,0,1,103182,5596.5,0.8561427119159436,0.14727444217171368,0.8589505093668507,train,1
vid_0039,Test Video 39,2022-12-26 00:00:00+00:00,chan_9,Channel 9,3,2022-12-30 00:00:00+00:00,test|video|trend,152960,7648,0,764,http://example.com/thumb.jpg,False,False,Test description,youtube,youtube_trending_kaggle,False,,,0,0,,,,,real,2022-12-30 00:00:00+00:00,1.0.0,8412,152960,7648,764,0,96.0,0.055,49778.0,2738.0,49778.0,2738.0,49778.0,2738.0,49778.0,8296.33,2699.83,2022-12-30,1,0,0.0,0.0,0.0,0.0,0.0,0,0.0,0.0,0,0.0,0.0,0.0,0.7948717948717948,0.8717948717948718,10,low_motion_slow_cuts_no_face_dark,,test|video|trend,350,340,1,1.48,1,2.2,1,3.26,2022-12-30,2022-12-31,2022-12-30,2023-01-01,2022-12-30,2023-01-02,0,0,1,152960,8296.33,0.9074771594697417,0.14727444217171368,0.9126525756807644,train,1
vid_0039,Test Video 39,2022-12-26 00:00:00+00:00,chan_9,Channel 9,6,2022-12-31 00:00:00+00:00,test|video|trend,226752,11337,0,1133,http://example.com/thumb.jpg,False,False,Test description,youtube,youtube_trending_kaggle,False,,,0,0,,,,,real,2022-12-31 00:00:00+00:00,1.0.0,12470,226752,11337,1133,0,120.0,0.055,73792.0,4058.0,73792.0,4058.0,73792.0,4058.0,73792.0,12298.67,4002.34,2022-12-31,1,0,0.0,0.0,0.0,0.0,0.0,0,0.0,0.0,0,0.0,0.0,0.0,0.9210526315789473,0.9210526315789473,10,low_motion_slow_cuts_no_face_dark,,test|video|trend,482,468,1,1.48,1,2.2,1,3.26,2022-12-31,2023-01-01,2022-12-31,2023-01-02,2022-12-31,2023-01-03,0,0,1,226752,12298.67,0.7611344409400443,0.14727444217171368,0.7820425783210182,train,1
vid_0039,Test Video 39,2022-12-26 00:00:00+00:00,chan_9,Channel 9,19,2023-01-01 00:00:00+00:00,test|video|trend,336142,16807,0,1680,http://example.com/thumb.jpg,False,False,Test description,youtube,youtube_trending_kaggle,False,,,0,0,,,,,real,2023-01-01 00:00:00+00:00,1.0.0,18487,336142,16807,1680,0,144.0,0.055,109390.0,6017.0,109390.0,6017.0,109390.0,6017.0,109390.0,18231.67,5933.0,2023-01-01,1,0,0.0,0.0,0.0,0.0,0.0,0,0.0,0.0,0,0.0,0.0,0.0,1.0,1.0,10,low_motion_slow_cuts_no_face_dark,,test|video|trend,502,487,1,1.48,1,2.2,1,3.26,2023-01-01,2023-01-02,2023-01-01,2023-01-03,2023-01-01,2023-01-04,0,0,1,336142,18231.67,0.8990648055679084,0.14727444217171368,0.8978511756185534,train,1
vid_0039,Test Video 39,2022-12-26 00:00:00+00:00,chan_9,Channel 9,14,2023-01-02 00:00:00+00:00,test|video|trend,498306,24915,0,2491,http://example.com/thumb.jpg,False,False,Test description,youtube,youtube_trending_kaggle,False,,,0,0,,,,,real,2023-01-02 00:00:00+00:00,1.0.0,27406,498306,24915,2491,0,168.0,0.055,162164.0,8919.0,162164.0,8919.0,162164.0,8919.0,162164.0,27027.33,8795.66,2023-01-02,1,0,0.0,0.0,0.0,0.0,0.0,0,0.0,0.0,0,0.0,0.0,0.0,1.0,1.0,10,low_motion_slow_cuts_no_face_dark,,test|video|trend,679,658,1,1.48,1,2.2,0,2.2,2023-01-02,2023-01-03,2023-01-02,2023-01-04,2023-01-02,2023-01-05,0,0,0,498306,27027.33,0.05165396985903424,0.14727444217171368,0.052003767445587046,train,0
vid_0039,Test Video 39,2022-12-26 00:00:00+00:00,chan_9,Channel 9,13,2023-01-03 00:00:00+00:00,test|video|trend,738701,36935,0,3693,http://example.com/thumb.jpg,False,False,Test description,youtube,youtube_trending_kaggle,False,,,0,0,,,,,real,2023-01-03 00:00:00+00:00,1.0.0,40628,738701,36935,3693,0,192.0,0.055,240395.0,13222.0,240395.0,13222.0,240395.0,13222.0,240395.0,40065.83,13038.5,2023-01-03,1,0,0.0,0.0,0.0,0.0,0.0,0,0.0,0.0,0,0.0,0.0,0.0,1.0,1.0,10,low_motion_slow_cuts_no_face_dark,,test|video|trend,721,698,1,1.48,0,1.48,0,1.48,2023-01-03,2023-01-04,2023-01-03,2023-01-05,2023-01-03,2023-01-06,0,0,0,738701,40065.83,0.006808080242211765,0.14727444217171368,0.006023642691354063,test,0
vid_0039,Test Video 39,2022-12-26 00:00:00+00:00,chan_9,Channel 9,18,2023-01-04 00:00:00+00:00,test|video|trend,1095068,54753,0,5475,http://example.com/thumb.jpg,False,False,Test description,youtube,youtube_trending_kaggle,False,,,0,0,,,,,real,2023-01-04 00:00:00+00:00,1.0.0,60228,1095068,54753,5475,0,216.0,0.055,356367.0,19600.0,356367.0,19600.0,356367.0,19600.0,356367.0,59394.5,19328.67,2023-01-04,1,0,0.0,0.0,0.0,0.0,0.0,0,0.0,0.0,0,0.0,0.0,0.0,1.0,1.0,10,low_motion_slow_cuts_no_face_dark,,test|video|trend,799,775,0,1.0,0,1.0,0,1.0,2023-01-04,2023-01-05,2023-01-04,2023-01-06,2023-01-04,2023-01-07,0,0,0,1095068,59394.5,0.006808080242211765,0.14727444217171368,0.006023642691354063,test,0
vid_0040,Test Video 40,2022-12-29 00:00:00+00:00,chan_0,Channel 0,3,2022-12-29 00:00:00+00:00,test|video|trend,12930,646,0,64,http://example.com/thumb.jpg,False,False,Test description,youtube,youtube_trending_kaggle,False,,,0,0,,,,,real,2022-12-29 00:00:00+00:00,1.0.0,710,12930,646,64,0,0.0,0.0549,0.0,0.0,0.0,0.0,0.0,0.0,0.0,0.0,0.0,,1,0,0.0,0.0,0.0,0.0,0.0,0,0.0,0.0,0,0.0,0.0,0.0,0.23076923076923078,0.0641025641025641,10,low_motion_slow_cuts_no_face_dark,,test|video|trend,285,279,0,1.42,0,2.01,0,2.84,2022-12-29,2022-12-30,2022-12-29,2022-12-31,2022-12-29,2023-01-01,0,0,0,12930,0.0,0.09889524951825233,0.14727444217171368,0.08553028845811035,train,0
vid_0040,Test Video 40,2022-12-29 00:00:00+00:00,chan_0,Channel 0,14,2022-12-30 00:00:00+00:00,test|video|trend,18320,916,0,91,http://example.com/thumb.jpg,False,False,Test description,youtube,youtube_trending_kaggle,False,,,0,0,,,,,real,2022-12-30 00:00:00+00:00,1.0.0,1007,18320,916,91,0,24.0,0.055,5390.0,297.0,5390.0,297.0,5390.0,297.0,5390.0,898.33,0.0,2022-12-30,1,0,0.0,0.0,0.0,0.0,0.0,0,0.0,0.0,0,0.0,0.0,0.0,0.25,0.4166666666666667,10,low_motion_slow_cuts_no_face_dark,,test|video|trend,345,335,0,1.42,1,2.01,1,2.84,2022-12-30,2022-12-31,2022-12-30,2023-01-01,2022-12-30,2023-01-02,0,0,0,18320,898.33,0.9148139180827517,0.14727444217171368,0.920382283163041,train,1
vid_0040,Test Video 40,2022-12-29 00:00:00+00:00,chan_0,Channel 0,8,2022-12-31 00:00:00+00:00,test|video|trend,25958,1297,0,129,http://example.com/thumb.jpg,False,False,Test description,youtube,youtube_trending_kaggle,False,,,0,0,,,,,real,2022-12-31 00:00:00+00:00,1.0.0,1426,25958,1297,129,0,48.0,0.0549,7638.0,419.0,7638.0,419.0,7638.0,419.0,7638.0,1273.0,374.67,2022-12-31,1,0,0.0,0.0,0.0,0.0,0.0,0,0.0,0.0,0,0.0,0.0,0.0,0.27906976744186046,0.5581395348837209,10,low_motion_slow_cuts_no_face_dark,,test|video|trend,476,463,1,1.42,1,2.01,1,2.84,2022-12-31,2023-01-01,2022-12-31,2023-01-02,2022-12-31,2023-01-03,0,0,0,25958,1273.0,0.9002802723697955,0.14727444217171368,0.9091612472556011,train,1
vid_0040,Test Video 40,2022-12-29 00:00:00+00:00,chan_0,Channel 0,22,2023-01-01 00:00:00+00:00,test|video|trend,36781,1839,0,183,http://example.com/thumb.jpg,False,False,Test description,youtube,youtube_trending_kaggle,False,,,0,0,,,,,real,2023-01-01 00:00:00+00:00,1.0.0,2022,36781,1839,183,0,72.0,0.055,10823.0,596.0,10823.0,596.0,10823.0,596.0,10823.0,1803.83,530.83,2023-01-01,1,0,0.0,0.0,0.0,0.0,0.0,0,0.0,0.0,0,0.0,0.0,0.0,0.40625,0.625,10,low_motion_slow_cuts_no_face_dark,,test|video|trend,505,490,1,1.42,1,2.01,1,2.84,2023-01-01,2023-01-02,2023-01-01,2023-01-03,2023-01-01,2023-01-04,0,0,0,36781,1803.83,0.9456690895983195,0.14727444217171368,0.9368771801814887,train,1
vid_0040,Test Video 40,2022-12-29 00:00:00+00:00,chan_0,Channel 0,11,2023-01-02 00:00:00+00:00,test|video|trend,52115,2605,0,260,http://example.com/thumb.jpg,False,False,Test description,youtube,youtube_trending_kaggle,False,,,0,0,,,,,real,2023-01-02 00:00:00+00:00,1.0.0,2865,52115,2605,260,0,96.0,0.055,15334.0,843.0,15334.0,843.0,15334.0,843.0,15334.0,2555.67,751.84,2023-01-02,1,0,0.0,0.0,0.0,0.0,0.0,0,0.0,0.0,0,0.0,0.0,0.0,0.4838709677419355,0.6451612903225806,10,low_motion_slow_cuts_no_face_dark,,test|video|trend,670,650,0,1.42,0,2.01,0,2.84,2023-01-02,2023-01-03,2023-01-02,2023-01-04,2023-01-02,2023-01-05,0,0,0,52115,2555.67,0.046245167148392434,0.14727444217171368,0.030344886376736876,train,0
vid_0040,Test Video 40,2022-12-29 00:00:00+00:00,chan_0,Channel 0,29,2023-01-03 00:00:00+00:00,test|video|trend,73842,3692,0,369,http://example.com/thumb.jpg,False,False,Test description,youtube,youtube_trending_kaggle,False,,,0,0,,,,,real,2023-01-03 00:00:00+00:00,1.0.0,4061,73842,3692,369,0,120.0,0.055,21727.0,1196.0,21727.0,1196.0,21727.0,1196.0,21727.0,3621.17,1065.5,2023-01-03,1,0,0.0,0.0,0.0,0.0,0.0,0,0.0,0.0,0,0.0,0.0,0.0,0.6129032258064516,0.7096774193548387,10,low_motion_slow_cuts_no_face_dark,,test|video|trend,722,699,0,1.42,0,2.01,0,2.84,2023-01-03,2023-01-04,2023-01-03,2023-01-05,2023-01-03,2023-01-06,0,0,0,73842,3621.17,0.9624801774519188,0.14727444217171368,0.9638581627876671,test,0
vid_0040,Test Video 40,2022-12-29 00:00:00+00:00,chan_0,Channel 0,3,2023-01-04 00:00:00+00:00,test|video|trend,104628,5231,0,523,http://example.com/thumb.jpg,False,False,Test description,youtube,youtube_trending_kaggle,False,,,0,0,,,,,real,2023-01-04 00:00:00+00:00,1.0.0,5754,104628,5231,523,0,144.0,0.055,30786.0,1693.0,30786.0,1693.0,30786.0,1693.0,30786.0,5131.0,1509.83,2023-01-04,1,0,0.0,0.0,0.0,0.0,0.0,0,0.0,0.0,0,0.0,0.0,0.0,0.6666666666666666,0.6923076923076923,10,low_motion_slow_cuts_no_face_dark,,test|video|trend,800,776,0,1.42,0,2.01,0,2.84,2023-01-04,2023-01-05,2023-01-04,2023-01-06,2023-01-04,2023-01-07,0,0,0,104628,5131.0,0.03745387860745647,0.14727444217171368,0.0481848513513611,test,0
vid_0040,Test Video 40,2022-12-29 00:00:00+00:00,chan_0,Channel 0,14,2023-01-05 00:00:00+00:00,test|video|trend,148249,7412,0,741,http://example.com/thumb.jpg,False,False,Test description,youtube,youtube_trending_kaggle,False,,,0,0,,,,,real,2023-01-05 00:00:00+00:00,1.0.0,8153,148249,7412,741,0,168.0,0.055,43621.0,2399.0,43621.0,2399.0,43621.0,2399.0,43621.0,7270.17,2139.17,2023-01-05,1,0,0.0,0.0,0.0,0.0,0.0,0,0.0,0.0,0,0.0,0.0,0.0,0.75,0.7777777777777778,10,low_motion_slow_cuts_no_face_dark,,test|video|trend,847,822,0,1.42,1,2.01,0,2.01,2023-01-05,2023-01-06,2023-01-05,2023-01-07,2023-01-05,2023-01-08,0,0,0,148249,7270.17,0.8437047687742104,0.14727444217171368,0.8263706280417691,test,0
vid_0040,Test Video 40,2022-12-29 00:00:00+00:00,chan_0,Channel 0,14,2023-01-06 00:00:00+00:00,test|video|trend,210055,10502,0,1050,http://example.com/thumb.jpg,False,False,Test description,youtube,youtube_trending_kaggle,False,,,0,0,,,,,real,2023-01-06 00:00:00+00:00,1.0.0,11552,210055,10502,1050,0,192.0,0.055,61806.0,3399.0,61806.0,3399.0,61806.0,3399.0,61806.0,10301.0,3030.83,2023-01-06,1,0,0.0,0.0,0.0,0.0,0.0,0,0.0,0.0,0,0.0,0.0,0.0,0.9166666666666666,0.8888888888888888,10,low_motion_slow_cuts_no_face_dark,,test|video|trend,900,872,0,1.42,0,1.42,0,1.42,2023-01-06,2023-01-07,2023-01-06,2023-01-08,2023-01-06,2023-01-09,0,0,0,210055,10301.0,0.001099812672287283,0.14727444217171368,0.001067971604629979,test,0
vid_0040,Test Video 40,2022-12-29 00:00:00+00:00,chan_0,Channel 0,2,2023-01-07 00:00:00+00:00,test|video|trend,297630,14881,0,1488,http://example.com/thumb.jpg,False,False,Test description,youtube,youtube_trending_kaggle,False,,,0,0,,,,,real,2023-01-07 00:00:00+00:00,1.0.0,16369,297630,14881,1488,0,216.0,0.055,87575.0,4817.0,87575.0,4817.0,87575.0,4817.0,87575.0,14595.83,4294.83,2023-01-07,1,0,0.0,0.0,0.0,0.0,0.0,0,0.0,0.0,0,0.0,0.0,0.0,0.972972972972973,0.972972972972973,10,low_motion_slow_cuts_no_face_dark,,test|video|trend,957,928,0,1.0,0,1.0,0,1.0,2023-01-07,2023-01-08,2023-01-07,2023-01-09,2023-01-07,2023-01-10,0,0,0,297630,14595.83,0.0014044365159068492,0.14727444217171368,0.0013158731870161508,test,0
vid_0041,Test Video 41,2022-12-26 00:00:00+00:00,chan_1,Channel 1,4,2022-12-26 00:00:00+00:00,test|video|trend,18387,919,0,91,http://example.com/thumb.jpg,False,False,Test description,youtube,youtube_trending_kaggle,False,,,0,0,,,,,real,2022-12-26 00:00:00+00:00,1.0.0,1010,18387,919,91,0,0.0,0.0549,0.0,0.0,0.0,0.0,0.0,0.0,0.0,0.0,0.0,,1,0,0.0,0.0,0.0,0.0,0.0,0,0.0,0.0,0,0.0,0.0,0.0,0.15789473684210525,0.10526315789473684,10,low_motion_slow_cuts_no_face_dark,,test|video|trend,89,86,0,1.08,0,1.18,0,1.27,2022-12-26,2022-12-27,2022-12-26,2022-12-28,2022-12-26,2022-12-29,0,0,0,18387,0.0,0.04582671034551668,0.14727444217171368,0.05949821102115721,train,0
vid_0041,Test Video 41,2022-12-26 00:00:00+00:00,chan_1,Channel 1,26,2022-12-27 00:00:00+00:00,test|video|trend,19936,996,0,99,http://example.com/thumb.jpg,False,False,Test description,youtube,youtube_trending_kaggle,False,,,0,0,,,,,real,2022-12-27 00:00:00+00:00,1.0.0,1095,19936,996,99,0,24.0,0.0549,1549.0,85.0,1549.0,85.0,1549.0,85.0,1549.0,258.17,0.0,2022-12-27,1,0,0.0,0.0,0.0,0.0,0.0,0,0.0,0.0,0,0.0,0.0,0.0,0.17307692307692307,0.25,10,low_motion_slow_cuts_no_face_dark,,test|video|trend,120,117,0,1.08,0,1.18,0,1.27,2022-12-27,2022-12-28,2022-12-27,2022-12-29,2022-12-27,2022-12-30,0,0,0,19936,258.17,0.003942090383938088,0.14727444217171368,0.004454819591155432,train,0
vid_0041,Test Video 41,2022-12-26 00:00:00+00:00,chan_1,Channel 1,24,2022-12-28 00:00:00+00:00,test|video|trend,21615,1080,0,108,http://example.com/thumb.jpg,False,False,Test description,youtube,youtube_trending_kaggle,False,,,0,0,,,,,real,2022-12-28 00:00:00+00:00,1.0.0,1188,21615,1080,108,0,48.0,0.055,1679.0,93.0,1679.0,93.0,1679.0,93.0,1679.0,279.83,21.66,2022-12-28,1,0,0.0,0.0,0.0,0.0,0.0,0,0.0,0.0,0,0.0,0.0,0.0,0.28888888888888886,0.3333333333333333,10,low_motion_slow_cuts_no_face_dark,,test|video|trend,175,171,0,1.08,0,1.18,0,1.27,2022-12-28,2022-12-29,2022-12-28,2022-12-30,2022-12-28,2022-12-31,0,0,0,21615,279.83,0.0002583368796891939,0.14727444217171368,0.00015387557259945558,train,0
vid_0041,Test Video 41,2022-12-26 00:00:00+00:00,chan_1,Channel 1,26,2022-12-29 00:00:00+00:00,test|video|trend,23436,1171,0,117,http://example.com/thumb.jpg,False,False,Test description,youtube,youtube_trending_kaggle,False,,,0,0,,,,,real,2022-12-29 00:00:00+00:00,1.0.0,1288,23436,1171,117,0,72.0,0.055,1821.0,100.0,1821.0,100.0,1821.0,100.0,1821.0,303.5,23.67,2022-12-29,1,0,0.0,0.0,0.0,0.0,0.0,0,0.0,0.0,0,0.0,0.0,0.0,0.23076923076923078,0.2692307692307692,10,low_motion_slow_cuts_no_face_dark,,test|video|trend,267,261,0,1.08,0,1.18,0,1.27,2022-12-29,2022-12-30,2022-12-29,2022-12-31,2022-12-29,2023-01-01,0,0,0,23436,303.5,0.0006446271199355567,0.14727444217171368,0.0004789410923722029,train,0
vid_0041,Test Video 41,2022-12-26 00:00:00+00:00,chan_1,Channel 1,12,2022-12-30 00:00:00+00:00,test|video|trend,25411,1270,0,127,http://example.com/thumb.jpg,False,False,Test description,youtube,youtube_trending_kaggle,False,,,0,0,,,,,real,2022-12-30 00:00:00+00:00,1.0.0,1397,25411,1270,127,0,96.0,0.055,1975.0,109.0,1975.0,109.0,1975.0,109.0,1975.0,329.17,25.67,2022-12-30,1,0,0.0,0.0,0.0,0.0,0.0,0,0.0,0.0,0,0.0,0.0,0.0,0.36666666666666664,0.3333333333333333,10,low_motion_slow_cuts_no_face_dark,,test|video|trend,335,325,0,1.08,0,1.18,0,1.27,2022-12-30,2022-12-31,2022-12-30,2023-01-01,2022-12-30,2023-01-02,0,0,0,25411,329.17,0.00020457530997560386,0.14727444217171368,0.00038971235283824697,train,0
vid_0041,Test Video 41,2022-12-26 00:00:00+00:00,chan_1,Channel 1,9,2022-12-31 00:00:00+00:00,test|video|trend,27552,1377,0,137,http://example.com/thumb.jpg,False,False,Test description,youtube,youtube_trending_kaggle,False,,,0,0,,,,,real,2022-12-31 00:00:00+00:00,1.0.0,1514,27552,1377,137,0,120.0,0.055,2141.0,117.0,2141.0,117.0,2141.0,117.0,2141.0,356.83,27.66,2022-12-31,1,0,0.0,0.0,0.0,0.0,0.0,0,0.0,0.0,0,0.0,0.0,0.0,0.42424242424242425,0.3939393939393939,10,low_motion_slow_cuts_no_face_dark,,test|video|trend,489,475,0,1.08,0,1.18,0,1.27,2022-12-31,2023-01-01,2022-12-31,2023-01-02,2022-12-31,2023-01-03,0,0,0,27552,356.83,0.0001942573909866418,0.14727444217171368,0.0005845061929235485,train,0
vid_0041,Test Video 41,2022-12-26 00:00:00+00:00,chan_1,Channel 1,19,2023-01-01 00:00:00+00:00,test|video|trend,29873,1493,0,149,http://example.com/thumb.jpg,False,False,Test description,youtube,youtube_trending_kaggle,False,,,0,0,,,,,real,2023-01-01 00:00:00+00:00,1.0.0,1642,29873,1493,149,0,144.0,0.055,2321.0,128.0,2321.0,128.0,2321.0,128.0,2321.0,386.83,30.0,2023-01-01,1,0,0.0,0.0,0.0,0.0,0.0,0,0.0,0.0,0,0.0,0.0,0.0,0.25,0.2222222222222222,10,low_motion_slow_cuts_no_face_dark,,test|video|trend,587,570,0,1.08,0,1.18,0,1.27,2023-01-01,2023-01-02,2023-01-01,2023-01-03,2023-01-01,2023-01-04,0,0,0,29873,386.83,8.576740683602538e-05,0.14727444217171368,5.921869495603651e-05,train,0
vid_0041,Test Video 41,2022-12-26 00:00:00+00:00,chan_1,Channel 1,19,2023-01-02 00:00:00+00:00,test|video|trend,32390,1619,0,161,http://example.com/thumb.jpg,False,False,Test description,youtube,youtube_trending_kaggle,False,,,0,0,,,,,real,2023-01-02 00:00:00+00:00,1.0.0,1780,32390,1619,161,0,168.0,0.055,2517.0,138.0,2517.0,138.0,2517.0,138.0,2517.0,419.5,32.67,2023-01-02,1,0,0.0,0.0,0.0,0.0,0.0,0,0.0,0.0,0,0.0,0.0,0.0,0.2777777777777778,0.25,10,low_motion_slow_cuts_no_face_dark,,test|video|trend,637,617,0,1.08,0,1.18,0,1.18,2023-01-02,2023-01-03,2023-01-02,2023-01-04,2023-01-02,2023-01-05,0,0,0,32390,419.5,3.793338720088708e-05,0.14727444217171368,2.7077536316921844e-05,train,0
vid_0041,Test Video 41,2022-12-26 00:00:00+00:00,chan_1,Channel 1,17,2023-01-03 00:00:00+00:00,test|video|trend,35119,1755,0,175,http://example.com/thumb.jpg,False,False,Test description,youtube,youtube_trending_kaggle,False,,,0,0,,,,,real,2023-01-03 00:00:00+00:00,1.0.0,1930,35119,1755,175,0,192.0,0.055,2729.0,150.0,2729.0,150.0,2729.0,150.0,2729.0,454.83,35.33,2023-01-03,1,0,0.0,0.0,0.0,0.0,0.0,0,0.0,0.0,0,0.0,0.0,0.0,0.34285714285714286,0.22857142857142856,10,low_motion_slow_cuts_no_face_dark,,test|video|trend,723,700,0,1.08,0,1.08,0,1.08,2023-01-03,2023-01-04,2023-01-03,2023-01-05,2023-01-03,2023-01-06,0,0,0,35119,454.83,1.1563156761110963e-05,0.14727444217171368,8.216144240864387e-06,test,0
vid_0041,Test Video 41,2022-12-26 00:00:00+00:00,chan_1,Channel 1,7,2023-01-04 00:00:00+00:00,test|video|trend,38078,1903,0,190,http://example.com/thumb.jpg,False,False,Test description,youtube,youtube_trending_kaggle,False,,,0,0,,,,,real,2023-01-04 00:00:00+00:00,1.0.0,2093,38078,1903,190,0,216.0,0.055,2959.0,163.0,2959.0,163.0,2959.0,163.0,2959.0,493.17,38.34,2023-01-04,1,0,0.0,0.0,0.0,0.0,0.0,0,0.0,0.0,0,0.0,0.0,0.0,0.4594594594594595,0.3783783783783784,10,low_motion_slow_cuts_no_face_dark,,test|video|trend,802,778,0,1.0,0,1.0,0,1.0,2023-01-04,2023-01-05,2023-01-04,2023-01-06,2023-01-04,2023-01-07,0,0,0,38078,493.17,7.4273889543925834e-06,0.14727444217171368,8.39283738086853e-06,test,0
vid_0042,Test Video 42,2022-12-26 00:00:00+00:00,chan_2,Channel 2,11,2022-12-26 00:00:00+00:00,test|video|trend,33047,1652,0,165,http://example.com/thumb.jpg,False,False,Test description,youtube,youtube_trending_kaggle,False,,,0,0,,,,,real,2022-12-26 00:00:00+00:00,1.0.0,1817,33047,1652,165,0,0.0,0.055,0.0,0.0,0.0,0.0,0.0,0.0,0.0,0.0,0.0,,1,0,0.0,0.0,0.0,0.0,0.0,0,0.0,0.0,0,0.0,0.0,0.0,0.2903225806451613,0.03225806451612903,10,low_motion_slow_cuts_no_face_dark,,test|video|trend,95,92,0,1.42,0,2.01,0,2.85,2022-12-26,2022-12-27,2022-12-26,2022-12-28,2022-12-26,2022-12-29,0,0,0,33047,0.0,0.03670359653668578,0.14727444217171368,0.039841600874695585,train,0
vid_0042,Test Video 42,2022-12-26 00:00:00+00:00,chan_2,Channel 2,4,2022-12-27 00:00:00+00:00,test|video|trend,46844,2342,0,234,http://example.com/thumb.jpg,False,False,Test description,youtube,youtube_trending_kaggle,False,,,0,0,,,,,real,2022-12-27 00:00:00+00:00,1.0.0,2576,46844,2342,234,0,24.0,0.055,13797.0,759.0,13797.0,759.0,13797.0,759.0,13797.0,2299.5,0.0,2022-12-27,1,0,0.0,0.0,0.0,0.0,0.0,0,0.0,0.0,0,0.0,0.0,0.0,0.4473684210526316,0.5526315789473685,10,low_motion_slow_cuts_no_face_dark,,test|video|trend,135,132,0,1.42,0,2.01,0,2.85,2022-12-27,2022-12-28,2022-12-27,2022-12-29,2022-12-27,2022-12-30,0,0,0,46844,2299.5,0.0321997287411552,0.14727444217171368,0.03827165537993471,train,0
vid_0042,Test Video 42,2022-12-26 00:00:00+00:00,chan_2,Channel 2,23,2022-12-28 00:00:00+00:00,test|video|trend,66401,3320,0,332,http://example.com/thumb.jpg,False,False,Test description,youtube,youtube_trending_kaggle,False,,,0,0,,,,,real,2022-12-28 00:00:00+00:00,1.0.0,3652,66401,3320,332,0,48.0,0.055,19557.0,1076.0,19557.0,1076.0,19557.0,1076.0,19557.0,3259.5,960.0,2022-12-28,1,0,0.0,0.0,0.0,0.0,0.0,0,0.0,0.0,0,0.0,0.0,0.0,0.6,0.6333333333333333,10,low_motion_slow_cuts_no_face_dark,,test|video|trend,168,164,0,1.42,0,2.01,1,2.85,2022-12-28,2022-12-29,2022-12-28,2022-12-30,2022-12-28,2022-12-31,0,0,0,66401,3259.5,0.9688019007152235,0.14727444217171368,0.9732674366061116,train,1
vid_0042,Test Video 42,2022-12-26 00:00:00+00:00,chan_2,Channel 2,26,2022-12-29 00:00:00+00:00,test|video|trend,94124,4706,0,470,http://example.com/thumb.jpg,False,False,Test description,youtube,youtube_trending_kaggle,False,,,0,0,,,,,real,2022-12-29 00:00:00+00:00,1.0.0,5176,94124,4706,470,0,72.0,0.055,27723.0,1524.0,27723.0,1524.0,27723.0,1524.0,27723.0,4620.5,1361.0,2022-12-29,1,0,0.0,0.0,0.0,0.0,0.0,0,0.0,0.0,0,0.0,0.0,0.0,0.7307692307692307,0.75,10,low_motion_slow_cuts_no_face_dark,,test|video|trend,264,258,0,1.42,0,2.01,0,2.85,2022-12-29,2022-12-30,2022-12-29,2022-12-31,2022-12-29,2023-01-01,0,0,0,94124,4620.5,0.05968171393464153,0.14727444217171368,0.06006512927909113,train,0
vid_0042,Test Video 42,2022-12-26 00:00:00+00:00,chan_2,Channel 2,4,2022-12-30 00:00:00+00:00,test|video|trend,133420,6671,0,667,http://example.com/thumb.jpg,False,False,Test description,youtube,youtube_trending_kaggle,False,,,0,0,,,,,real,2022-12-30 00:00:00+00:00,1.0.0,7338,133420,6671,667,0,96.0,0.055,39296.0,2162.0,39296.0,2162.0,39296.0,2162.0,39296.0,6549.33,1928.83,2022-12-30,1,0,0.0,0.0,0.0,0.0,0.0,0,0.0,0.0,0,0.0,0.0,0.0,0.7631578947368421,0.8157894736842105,10,low_motion_slow_cuts_no_face_dark,,test|video|trend,331,321,0,1.42,0,2.01,0,2.85,2022-12-30,2022-12-31,2022-12-30,2023-01-01,2022-12-30,2023-01-02,0,0,0,133420,6549.33,0.07943537567977232,0.14727444217171368,0.08957142043902155,train,0
vid_0042,Test Video 42,2022-12-26 00:00:00+00:00,chan_2,Channel 2,14,2022-12-31 00:00:00+00:00,test|video|trend,189123,9456,0,945,http://example.com/thumb.jpg,False,False,Test description,youtube,youtube_trending_kaggle,False,,,0,0,,,,,real,2022-12-31 00:00:00+00:00,1.0.0,10401,189123,9456,945,0,120.0,0.055,55703.0,3063.0,55703.0,3063.0,55703.0,3063.0,55703.0,9283.83,2734.5,2022-12-31,1,0,0.0,0.0,0.0,0.0,0.0,0,0.0,0.0,0,0.0,0.0,0.0,0.7777777777777778,0.8611111111111112,10,low_motion_slow_cuts_no_face_dark,,test|video|trend,469,457,0,1.42,1,2.01,1,2.85,2022-12-31,2023-01-01,2022-12-31,2023-01-02,2022-12-31,2023-01-03,0,0,0,189123,9283.83,0.7883391072912711,0.14727444217171368,0.8293908320473478,train,1
vid_0042,Test Video 42,2022-12-26 00:00:00+00:00,chan_2,Channel 2,18,2023-01-01 00:00:00+00:00,test|video|trend,268082,13404,0,1340,http://example.com/thumb.jpg,False,False,Test description,youtube,youtube_trending_kaggle,False,,,0,0,,,,,real,2023-01-01 00:00:00+00:00,1.0.0,14744,268082,13404,1340,0,144.0,0.055,78959.0,4343.0,78959.0,4343.0,78959.0,4343.0,78959.0,13159.83,3876.0,2023-01-01,1,0,0.0,0.0,0.0,0.0,0.0,0,0.0,0.0,0,0.0,0.0,0.0,0.896551724137931,0.896551724137931,10,low_motion_slow_cuts_no_face_dark,,test|video|trend,589,572,0,1.42,0,2.01,0,2.85,2023-01-01,2023-01-02,2023-01-01,2023-01-03,2023-01-01,2023-01-04,0,0,0,268082,13159.83,0.3205925744354886,0.14727444217171368,0.32977284460077094,train,0
vid_0042,Test Video 42,2022-12-26 00:00:00+00:00,chan_2,Channel 2,3,2023-01-02 00:00:00+00:00,test|video|trend,380007,19000,0,1900,http://example.com/thumb.jpg,False,False,Test description,youtube,youtube_trending_kaggle,False,,,0,0,,,,,real,2023-01-02 00:00:00+00:00,1.0.0,20900,380007,19000,1900,0,168.0,0.055,111925.0,6156.0,111925.0,6156.0,111925.0,6156.0,111925.0,18654.17,5494.34,2023-01-02,1,0,0.0,0.0,0.0,0.0,0.0,0,0.0,0.0,0,0.0,0.0,0.0,0.9743589743589743,0.9743589743589743,10,low_motion_slow_cuts_no_face_dark,,test|video|trend,642,622,0,1.42,0,2.01,0,2.01,2023-01-02,2023-01-03,2023-01-02,2023-01-04,2023-01-02,2023-01-05,0,0,0,380007,18654.17,0.010413703635584208,0.14727444217171368,0.010310749535430007,train,0
vid_0042,Test Video 42,2022-12-26 00:00:00+00:00,chan_2,Channel 2,5,2023-01-03 00:00:00+00:00,test|video|trend,538660,26933,0,2693,http://example.com/thumb.jpg,False,False,Test description,youtube,youtube_trending_kaggle,False,,,0,0,,,,,real,2023-01-03 00:00:00+00:00,1.0.0,29626,538660,26933,2693,0,192.0,0.055,158653.0,8726.0,158653.0,8726.0,158653.0,8726.0,158653.0,26442.17,7788.0,2023-01-03,1,0,0.0,0.0,0.0,0.0,0.0,0,0.0,0.0,0,0.0,0.0,0.0,1.0,1.0,10,low_motion_slow_cuts_no_face_dark,,test|video|trend,731,708,0,1.42,0,1.42,0,1.42,2023-01-03,2023-01-04,2023-01-03,2023-01-05,2023-01-03,2023-01-06,0,0,0,538660,26442.17,0.006808080242211765,0.14727444217171368,0.006023642691354063,test,0
vid_0042,Test Video 42,2022-12-26 00:00:00+00:00,chan_2,Channel 2,16,2023-01-04 00:00:00+00:00,test|video|trend,763550,38177,0,3817,http://example.com/thumb.jpg,False,False,Test description,youtube,youtube_trending_kaggle,False,,,0,0,,,,,real,2023-01-04 00:00:00+00:00,1.0.0,41994,763550,38177,3817,0,216.0,0.055,224890.0,12368.0,224890.0,12368.0,224890.0,12368.0,224890.0,37481.67,11039.5,2023-01-04,1,0,0.0,0.0,0.0,0.0,0.0,0,0.0,0.0,0,0.0,0.0,0.0,1.0,1.0,10,low_motion_slow_cuts_no_face_dark,,test|video|trend,812,787,0,1.0,0,1.0,0,1.0,2023-01-04,2023-01-05,2023-01-04,2023-01-06,2023-01-04,2023-01-07,0,0,0,763550,37481.67,0.006808080242211765,0.14727444217171368,0.006023642691354063,test,0
vid_0043,Test Video 43,2022-12-27 00:00:00+00:00,chan_3,Channel 3,9,2022-12-27 00:00:00+00:00,test|video|trend,15350,767,0,76,http://example.com/thumb.jpg,False,False,Test description,youtube,youtube_trending_kaggle,False,,,0,0,,,,,real,2022-12-27 00:00:00+00:00,1.0.0,843,15350,767,76,0,0.0,0.0549,0.0,0.0,0.0,0.0,0.0,0.0,0.0,0.0,0.0,,1,0,0.0,0.0,0.0,0.0,0.0,0,0.0,0.0,0,0.0,0.0,0.0,0.2727272727272727,0.06060606060606061,10,low_motion_slow_cuts_no_face_dark,,test|video|trend,128,125,0,1.26,0,1.59,0,2.01,2022-12-27,2022-12-28,2022-12-27,2022-12-29,2022-12-27,2022-12-30,0,0,0,15350,0.0,0.020348670755210168,0.14727444217171368,0.01623544926498158,train,0
vid_0043,Test Video 43,2022-12-27 00:00:00+00:00,chan_3,Channel 3,12,2022-12-28 00:00:00+00:00,test|video|trend,19371,968,0,96,http://example.com/thumb.jpg,False,False,Test description,youtube,youtube_trending_kaggle,False,,,0,0,,,,,real,2022-12-28 00:00:00+00:00,1.0.0,1064,19371,968,96,0,24.0,0.0549,4021.0,221.0,4021.0,221.0,4021.0,221.0,4021.0,670.17,0.0,2022-12-28,1,0,0.0,0.0,0.0,0.0,0.0,0,0.0,0.0,0,0.0,0.0,0.0,0.3,0.5,10,low_motion_slow_cuts_no_face_dark,,test|video|trend,174,170,0,1.26,0,1.59,0,2.01,2022-12-28,2022-12-29,2022-12-28,2022-12-30,2022-12-28,2022-12-31,0,0,0,19371,670.17,0.014572257411878321,0.14727444217171368,0.010180511516060491,train,0
vid_0043,Test Video 43,2022-12-27 00:00:00+00:00,chan_3,Channel 3,22,2022-12-29 00:00:00+00:00,test|video|trend,24445,1222,0,122,http://example.com/thumb.jpg,False,False,Test description,youtube,youtube_trending_kaggle,False,,,0,0,,,,,real,2022-12-29 00:00:00+00:00,1.0.0,1344,24445,1222,122,0,48.0,0.055,5074.0,280.0,5074.0,280.0,5074.0,280.0,5074.0,845.67,175.5,2022-12-29,1,0,0.0,0.0,0.0,0.0,0.0,0,0.0,0.0,0,0.0,0.0,0.0,0.3125,0.5,10,low_motion_slow_cuts_no_face_dark,,test|video|trend,261,255,0,1.26,0,1.59,0,2.01,2022-12-29,2022-12-30,2022-12-29,2022-12-31,2022-12-29,2023-01-01,0,0,0,24445,845.67,0.005795107258533196,0.14727444217171368,0.007622519432046827,train,0
vid_0043,Test Video 43,2022-12-27 00:00:00+00:00,chan_3,Channel 3,18,2022-12-30 00:00:00+00:00,test|video|trend,30850,1542,0,154,http://example.com/thumb.jpg,False,False,Test description,youtube,youtube_trending_kaggle,False,,,0,0,,,,,real,2022-12-30 00:00:00+00:00,1.0.0,1696,30850,1542,154,0,72.0,0.055,6405.0,352.0,6405.0,352.0,6405.0,352.0,6405.0,1067.5,221.83,2022-12-30,1,0,0.0,0.0,0.0,0.0,0.0,0,0.0,0.0,0,0.0,0.0,0.0,0.3448275862068966,0.41379310344827586,10,low_motion_slow_cuts_no_face_dark,,test|video|trend,344,334,0,1.26,0,1.59,0,2.01,2022-12-30,2022-12-31,2022-12-30,2023-01-01,2022-12-30,2023-01-02,0,0,0,30850,1067.5,0.0004787116338551638,0.14727444217171368,0.0011340242947310009,train,0
vid_0043,Test Video 43,2022-12-27 00:00:00+00:00,chan_3,Channel 3,23,2022-12-31 00:00:00+00:00,test|video|trend,38931,1946,0,194,http://example.com/thumb.jpg,False,False,Test description,youtube,youtube_trending_kaggle,False,,,0,0,,,,,real,2022-12-31 00:00:00+00:00,1.0.0,2140,38931,1946,194,0,96.0,0.055,8081.0,444.0,8081.0,444.0,8081.0,444.0,8081.0,1346.83,279.33,2022-12-31,1,0,0.0,0.0,0.0,0.0,0.0,0,0.0,0.0,0,0.0,0.0,0.0,0.4,0.4666666666666667,10,low_motion_slow_cuts_no_face_dark,,test|video|trend,466,454,0,1.26,0,1.59,0,2.01,2022-12-31,2023-01-01,2022-12-31,2023-01-02,2022-12-31,2023-01-03,0,0,0,38931,1346.83,0.0014793878008716966,0.14727444217171368,0.0019816822432606575,train,0
vid_0043,Test Video 43,2022-12-27 00:00:00+00:00,chan_3,Channel 3,19,2023-01-01 00:00:00+00:00,test|video|trend,49130,2456,0,245,http://example.com/thumb.jpg,False,False,Test description,youtube,youtube_trending_kaggle,False,,,0,0,,,,,real,2023-01-01 00:00:00+00:00,1.0.0,2701,49130,2456,245,0,120.0,0.055,10199.0,561.0,10199.0,561.0,10199.0,561.0,10199.0,1699.83,353.0,2023-01-01,1,0,0.0,0.0,0.0,0.0,0.0,0,0.0,0.0,0,0.0,0.0,0.0,0.4722222222222222,0.5,10,low_motion_slow_cuts_no_face_dark,,test|video|trend,552,536,0,1.26,0,1.59,0,2.01,2023-01-01,2023-01-02,2023-01-01,2023-01-03,2023-01-01,2023-01-04,0,0,0,49130,1699.83,0.00013556030045189585,0.14727444217171368,4.476818294453388e-05,train,0
vid_0043,Test Video 43,2022-12-27 00:00:00+00:00,chan_3,Channel 3,8,2023-01-02 00:00:00+00:00,test|video|trend,62001,3100,0,310,http://example.com/thumb.jpg,False,False,Test description,youtube,youtube_trending_kaggle,False,,,0,0,,,,,real,2023-01-02 00:00:00+00:00,1.0.0,3410,62001,3100,310,0,144.0,0.055,12871.0,709.0,12871.0,709.0,12871.0,709.0,12871.0,2145.17,445.34,2023-01-02,1,0,0.0,0.0,0.0,0.0,0.0,0,0.0,0.0,0,0.0,0.0,0.0,0.6511627906976745,0.6744186046511628,10,low_motion_slow_cuts_no_face_dark,,test|video|trend,647,627,0,1.26,0,1.59,0,2.01,2023-01-02,2023-01-03,2023-01-02,2023-01-04,2023-01-02,2023-01-05,0,0,0,62001,2145.17,0.00018576310671985214,0.14727444217171368,0.0003210059682850157,train,0
vid_0043,Test Video 43,2022-12-27 00:00:00+00:00,chan_3,Channel 3,22,2023-01-03 00:00:00+00:00,test|video|trend,78244,3912,0,391,http://example.com/thumb.jpg,False,False,Test description,youtube,youtube_trending_kaggle,False,,,0,0,,,,,real,2023-01-03 00:00:00+00:00,1.0.0,4303,78244,3912,391,0,168.0,0.055,16243.0,893.0,16243.0,893.0,16243.0,893.0,16243.0,2707.17,562.0,2023-01-03,1,0,0.0,0.0,0.0,0.0,0.0,0,0.0,0.0,0,0.0,0.0,0.0,0.6875,0.6875,10,low_motion_slow_cuts_no_face_dark,,test|video|trend,732,709,0,1.26,0,1.59,0,1.59,2023-01-03,2023-01-04,2023-01-03,2023-01-05,2023-01-03,2023-01-06,0,0,0,78244,2707.17,0.0016014200600195057,0.14727444217171368,0.0015663077031151911,test,0
vid_0043,Test Video 43,2022-12-27 00:00:00+00:00,chan_3,Channel 3,11,2023-01-04 00:00:00+00:00,test|video|trend,98742,4937,0,493,http://example.com/thumb.jpg,False,False,Test description,youtube,youtube_trending_kaggle,False,,,0,0,,,,,real,2023-01-04 00:00:00+00:00,1.0.0,5430,98742,4937,493,0,192.0,0.055,20498.0,1127.0,20498.0,1127.0,20498.0,1127.0,20498.0,3416.33,709.16,2023-01-04,1,0,0.0,0.0,0.0,0.0,0.0,0,0.0,0.0,0,0.0,0.0,0.0,0.7096774193548387,0.6774193548387096,10,low_motion_slow_cuts_no_face_dark,,test|video|trend,805,780,0,1.26,0,1.26,0,1.26,2023-01-04,2023-01-05,2023-01-04,2023-01-06,2023-01-04,2023-01-07,0,0,0,98742,3416.33,0.0005095535311259972,0.14727444217171368,0.0003625793092314978,test,0
vid_0043,Test Video 43,2022-12-27 00:00:00+00:00,chan_3,Channel 3,2,2023-01-05 00:00:00+00:00,test|video|trend,124609,6230,0,623,http://example.com/thumb.jpg,False,False,Test description,youtube,youtube_trending_kaggle,False,,,0,0,,,,,real,2023-01-05 00:00:00+00:00,1.0.0,6853,124609,6230,623,0,216.0,0.055,25867.0,1423.0,25867.0,1423.0,25867.0,1423.0,25867.0,4311.17,894.84,2023-01-05,1,0,0.0,0.0,0.0,0.0,0.0,0,0.0,0.0,0,0.0,0.0,0.0,0.8378378378378378,0.7837837837837838,10,low_motion_slow_cuts_no_face_dark,,test|video|trend,891,864,0,1.0,0,1.0,0,1.0,2023-01-05,2023-01-06,2023-01-05,2023-01-07,2023-01-05,2023-01-08,0,0,0,124609,4311.17,0.00036440316364546395,0.14727444217171368,0.0004159817564727956,test,0
vid_0044,Test Video 44,2022-12-29 00:00:00+00:00,chan_4,Channel 4,4,2022-12-29 00:00:00+00:00,test|video|trend,15514,775,0,77,http://example.com/thumb.jpg,False,False,Test description,youtube,youtube_trending_kaggle,False,,,0,0,,,,,real,2022-12-29 00:00:00+00:00,1.0.0,852,15514,775,77,0,0.0,0.0549,0.0,0.0,0.0,0.0,0.0,0.0,0.0,0.0,0.0,,1,0,0.0,0.0,0.0,0.0,0.0,0,0.0,0.0,0,0.0,0.0,0.0,0.10526315789473684,0.10526315789473684,10,low_motion_slow_cuts_no_face_dark,,test|video|trend,260,254,0,1.32,0,1.75,0,2.31,2022-12-29,2022-12-30,2022-12-29,2022-12-31,2022-12-29,2023-01-01,0,0,0,15514,0.0,0.03784978789806077,0.14727444217171368,0.023551795009445986,train,0
vid_0044,Test Video 44,2022-12-29 00:00:00+00:00,chan_4,Channel 4,20,2022-12-30 00:00:00+00:00,test|video|trend,20515,1025,0,102,http://example.com/thumb.jpg,False,False,Test description,youtube,youtube_trending_kaggle,False,,,0,0,,,,,real,2022-12-30 00:00:00+00:00,1.0.0,1127,20515,1025,102,0,24.0,0.0549,5001.0,275.0,5001.0,275.0,5001.0,275.0,5001.0,833.5,0.0,2022-12-30,1,0,0.0,0.0,0.0,0.0,0.0,0,0.0,0.0,0,0.0,0.0,0.0,0.1935483870967742,0.5161290322580645,10,low_motion_slow_cuts_no_face_dark,,test|video|trend,317,308,0,1.32,0,1.75,0,2.31,2022-12-30,2022-12-31,2022-12-30,2023-01-01,2022-12-30,2023-01-02,0,0,0,20515,833.5,0.0493952831192822,0.14727444217171368,0.038012058980777835,train,0
vid_0044,Test Video 44,2022-12-29 00:00:00+00:00,chan_4,Channel 4,1,2022-12-31 00:00:00+00:00,test|video|trend,27128,1356,0,135,http://example.com/thumb.jpg,False,False,Test description,youtube,youtube_trending_kaggle,False,,,0,0,,,,,real,2022-12-31 00:00:00+00:00,1.0.0,1491,27128,1356,135,0,48.0,0.055,6613.0,364.0,6613.0,364.0,6613.0,364.0,6613.0,1102.17,268.67,2022-12-31,1,0,0.0,0.0,0.0,0.0,0.0,0,0.0,0.0,0,0.0,0.0,0.0,0.42424242424242425,0.5151515151515151,10,low_motion_slow_cuts_no_face_dark,,test|video|trend,477,464,0,1.32,0,1.75,0,2.31,2022-12-31,2023-01-01,2022-12-31,2023-01-02,2022-12-31,2023-01-03,0,0,0,27128,1102.17,0.006069724626074069,0.14727444217171368,0.012119569679673434,train,0
vid_0044,Test Video 44,2022-12-29 00:00:00+00:00,chan_4,Channel 4,25,2023-01-01 00:00:00+00:00,test|video|trend,35874,1793,0,179,http://example.com/thumb.jpg,False,False,Test description,youtube,youtube_trending_kaggle,False,,,0,0,,,,,real,2023-01-01 00:00:00+00:00,1.0.0,1972,35874,1793,179,0,72.0,0.055,8746.0,481.0,8746.0,481.0,8746.0,481.0,8746.0,1457.67,355.5,2023-01-01,1,0,0.0,0.0,0.0,0.0,0.0,0,0.0,0.0,0,0.0,0.0,0.0,0.4594594594594595,0.5945945945945946,10,low_motion_slow_cuts_no_face_dark,,test|video|trend,557,541,0,1.32,0,1.75,0,2.31,2023-01-01,2023-01-02,2023-01-01,2023-01-03,2023-01-01,2023-01-04,0,0,0,35874,1457.67,0.00836112260839666,0.14727444217171368,0.008083026625631056,train,0
vid_0044,Test Video 44,2022-12-29 00:00:00+00:00,chan_4,Channel 4,27,2023-01-02 00:00:00+00:00,test|video|trend,47439,2371,0,237,http://example.com/thumb.jpg,False,False,Test description,youtube,youtube_trending_kaggle,False,,,0,0,,,,,real,2023-01-02 00:00:00+00:00,1.0.0,2608,47439,2371,237,0,96.0,0.055,11565.0,636.0,11565.0,636.0,11565.0,636.0,11565.0,1927.5,469.83,2023-01-02,1,0,0.0,0.0,0.0,0.0,0.0,0,0.0,0.0,0,0.0,0.0,0.0,0.48484848484848486,0.6060606060606061,10,low_motion_slow_cuts_no_face_dark,,test|video|trend,659,639,0,1.32,0,1.75,0,2.31,2023-01-02,2023-01-03,2023-01-02,2023-01-04,2023-01-02,2023-01-05,0,0,0,47439,1927.5,0.0005603408883852757,0.14727444217171368,0.00048617683892640334,train,0
vid_0044,Test Video 44,2022-12-29 00:00:00+00:00,chan_4,Channel 4,1,2023-01-03 00:00:00+00:00,test|video|trend,62732,3136,0,313,http://example.com/thumb.jpg,False,False,Test description,youtube,youtube_trending_kaggle,False,,,0,0,,,,,real,2023-01-03 00:00:00+00:00,1.0.0,3449,62732,3136,313,0,120.0,0.055,15293.0,841.0,15293.0,841.0,15293.0,841.0,15293.0,2548.83,621.33,2023-01-03,1,0,0.0,0.0,0.0,0.0,0.0,0,0.0,0.0,0,0.0,0.0,0.0,0.7272727272727273,0.7878787878787878,10,low_motion_slow_cuts_no_face_dark,,test|video|trend,733,710,0,1.32,0,1.75,0,2.31,2023-01-03,2023-01-04,2023-01-03,2023-01-05,2023-01-03,2023-01-06,0,0,0,62732,2548.83,0.0003316532068936534,0.14727444217171368,0.00018797099867751919,test,0
vid_0044,Test Video 44,2022-12-29 00:00:00+00:00,chan_4,Channel 4,28,2023-01-04 00:00:00+00:00,test|video|trend,82955,4147,0,414,http://example.com/thumb.jpg,False,False,Test description,youtube,youtube_trending_kaggle,False,,,0,0,,,,,real,2023-01-04 00:00:00+00:00,1.0.0,4561,82955,4147,414,0,144.0,0.055,20223.0,1112.0,20223.0,1112.0,20223.0,1112.0,20223.0,3370.5,821.67,2023-01-04,1,0,0.0,0.0,0.0,0.0,0.0,0,0.0,0.0,0,0.0,0.0,0.0,0.6333333333333333,0.6333333333333333,10,low_motion_slow_cuts_no_face_dark,,test|video|trend,807,782,0,1.32,0,1.75,0,2.31,2023-01-04,2023-01-05,2023-01-04,2023-01-06,2023-01-04,2023-01-07,0,0,0,82955,3370.5,0.002811031525451463,0.14727444217171368,0.0030841680174826026,test,0
vid_0044,Test Video 44,2022-12-29 00:00:00+00:00,chan_4,Channel 4,19,2023-01-05 00:00:00+00:00,test|video|trend,109698,5484,0,548,http://example.com/thumb.jpg,False,False,Test description,youtube,youtube_trending_kaggle,False,,,0,0,,,,,real,2023-01-05 00:00:00+00:00,1.0.0,6032,109698,5484,548,0,168.0,0.055,26743.0,1471.0,26743.0,1471.0,26743.0,1471.0,26743.0,4457.17,1086.67,2023-01-05,1,0,0.0,0.0,0.0,0.0,0.0,0,0.0,0.0,0,0.0,0.0,0.0,0.8333333333333334,0.8611111111111112,10,low_motion_slow_cuts_no_face_dark,,test|video|trend,850,825,0,1.32,0,1.75,0,1.75,2023-01-05,2023-01-06,2023-01-05,2023-01-07,2023-01-05,2023-01-08,0,0,0,109698,4457.17,0.005392882366581541,0.14727444217171368,0.006316871925345656,test,0
vid_0044,Test Video 44,2022-12-29 00:00:00+00:00,chan_4,Channel 4,11,2023-01-06 00:00:00+00:00,test|video|trend,145061,7253,0,725,http://example.com/thumb.jpg,False,False,Test description,youtube,youtube_trending_kaggle,False,,,0,0,,,,,real,2023-01-06 00:00:00+00:00,1.0.0,7978,145061,7253,725,0,192.0,0.055,35363.0,1946.0,35363.0,1946.0,35363.0,1946.0,35363.0,5893.83,1436.66,2023-01-06,1,0,0.0,0.0,0.0,0.0,0.0,0,0.0,0.0,0,0.0,0.0,0.0,0.7741935483870968,0.8387096774193549,10,low_motion_slow_cuts_no_face_dark,,test|video|trend,932,903,0,1.32,0,1.32,0,1.32,2023-01-06,2023-01-07,2023-01-06,2023-01-08,2023-01-06,2023-01-09,0,0,0,145061,5893.83,0.003615601609264308,0.14727444217171368,0.002711625886898214,test,0
vid_0044,Test Video 44,2022-12-29 00:00:00+00:00,chan_4,Channel 4,14,2023-01-07 00:00:00+00:00,test|video|trend,191825,9591,0,959,http://example.com/thumb.jpg,False,False,Test description,youtube,youtube_trending_kaggle,False,,,0,0,,,,,real,2023-01-07 00:00:00+00:00,1.0.0,10550,191825,9591,959,0,216.0,0.055,46764.0,2572.0,46764.0,2572.0,46764.0,2572.0,46764.0,7794.0,1900.17,2023-01-07,1,0,0.0,0.0,0.0,0.0,0.0,0,0.0,0.0,0,0.0,0.0,0.0,0.8333333333333334,0.8333333333333334,10,low_motion_slow_cuts_no_face_dark,,test|video|trend,961,932,0,1.0,0,1.0,0,1.0,2023-01-07,2023-01-08,2023-01-07,2023-01-09,2023-01-07,2023-01-10,0,0,0,191825,7794.0,0.004610575625512801,0.14727444217171368,0.004721549357695124,test,0
vid_0045,Test Video 45,2022-12-27 00:00:00+00:00,chan_5,Channel 5,7,2022-12-27 00:00:00+00:00,test|video|trend,49165,2458,0,245,http://example.com/thumb.jpg,False,False,Test description,youtube,youtube_trending_kaggle,False,,,0,0,,,,,real,2022-12-27 00:00:00+00:00,1.0.0,2703,49165,2458,245,0,0.0,0.055,0.0,0.0,0.0,0.0,0.0,0.0,0.0,0.0,0.0,,1,0,0.0,0.0,0.0,0.0,0.0,0,0.0,0.0,0,0.0,0.0,0.0,0.5405405405405406,0.06756756756756757,10,low_motion_slow_cuts_no_face_dark,,test|video|trend,126,123,0,1.22,0,1.48,0,1.8,2022-12-27,2022-12-28,2022-12-27,2022-12-29,2022-12-27,2022-12-30,0,0,0,49165,0.0,0.0016629127981705421,0.14727444217171368,0.0023328445430538134,train,0
vid_0045,Test Video 45,2022-12-27 00:00:00+00:00,chan_5,Channel 5,26,2022-12-28 00:00:00+00:00,test|video|trend,59809,2990,0,299,http://example.com/thumb.jpg,False,False,Test description,youtube,youtube_trending_kaggle,False,,,0,0,,,,,real,2022-12-28 00:00:00+00:00,1.0.0,3289,59809,2990,299,0,24.0,0.055,10644.0,586.0,10644.0,586.0,10644.0,586.0,10644.0,1774.0,0.0,2022-12-28,1,0,0.0,0.0,0.0,0.0,0.0,0,0.0,0.0,0,0.0,0.0,0.0,0.5961538461538461,0.5769230769230769,10,low_motion_slow_cuts_no_face_dark,,test|video|trend,167,163,0,1.22,0,1.48,0,1.8,2022-12-28,2022-12-29,2022-12-28,2022-12-30,2022-12-28,2022-12-31,0,0,0,59809,1774.0,9.84205800061583e-05,0.14727444217171368,0.0001387451326083569,train,0
vid_0045,Test Video 45,2022-12-27 00:00:00+00:00,chan_5,Channel 5,15,2022-12-29 00:00:00+00:00,test|video|trend,72759,3637,0,363,http://example.com/thumb.jpg,False,False,Test description,youtube,youtube_trending_kaggle,False,,,0,0,,,,,real,2022-12-29 00:00:00+00:00,1.0.0,4000,72759,3637,363,0,48.0,0.055,12950.0,711.0,12950.0,711.0,12950.0,711.0,12950.0,2158.33,384.33,2022-12-29,1,0,0.0,0.0,0.0,0.0,0.0,0,0.0,0.0,0,0.0,0.0,0.0,0.7307692307692307,0.6538461538461539,10,low_motion_slow_cuts_no_face_dark,,test|video|trend,258,252,0,1.22,0,1.48,0,1.8,2022-12-29,2022-12-30,2022-12-29,2022-12-31,2022-12-29,2023-01-01,0,0,0,72759,2158.33,2.7690466266740317e-05,0.14727444217171368,2.576549108290972e-05,train,0
vid_0045,Test Video 45,2022-12-27 00:00:00+00:00,chan_5,Channel 5,12,2022-12-30 00:00:00+00:00,test|video|trend,88512,4425,0,442,http://example.com/thumb.jpg,False,False,Test description,youtube,youtube_trending_kaggle,False,,,0,0,,,,,real,2022-12-30 00:00:00+00:00,1.0.0,4867,88512,4425,442,0,72.0,0.055,15753.0,867.0,15753.0,867.0,15753.0,867.0,15753.0,2625.5,467.17,2022-12-30,1,0,0.0,0.0,0.0,0.0,0.0,0,0.0,0.0,0,0.0,0.0,0.0,0.8,0.7333333333333333,10,low_motion_slow_cuts_no_face_dark,,test|video|trend,378,367,0,1.22,0,1.48,0,1.8,2022-12-30,2022-12-31,2022-12-30,2023-01-01,2022-12-30,2023-01-02,0,0,0,88512,2625.5,0.00017341448491185204,0.14727444217171368,0.00016772206614278667,train,0
vid_0045,Test Video 45,2022-12-27 00:00:00+00:00,chan_5,Channel 5,10,2022-12-31 00:00:00+00:00,test|video|trend,107676,5383,0,538,http://example.com/thumb.jpg,False,False,Test description,youtube,youtube_trending_kaggle,False,,,0,0,,,,,real,2022-12-31 00:00:00+00:00,1.0.0,5921,107676,5383,538,0,96.0,0.055,19164.0,1054.0,19164.0,1054.0,19164.0,1054.0,19164.0,3194.0,568.5,2022-12-31,1,0,0.0,0.0,0.0,0.0,0.0,0,0.0,0.0,0,0.0,0.0,0.0,0.8181818181818182,0.696969696969697,10,low_motion_slow_cuts_no_face_dark,,test|video|trend,496,482,0,1.22,0,1.48,0,1.8,2022-12-31,2023-01-01,2022-12-31,2023-01-02,2022-12-31,2023-01-03,0,0,0,107676,3194.0,0.0008717972273873689,0.14727444217171368,0.000572274962345685,train,0
vid_0045,Test Video 45,2022-12-27 00:00:00+00:00,chan_5,Channel 5,19,2023-01-01 00:00:00+00:00,test|video|trend,130989,6549,0,654,http://example.com/thumb.jpg,False,False,Test description,youtube,youtube_trending_kaggle,False,,,0,0,,,,,real,2023-01-01 00:00:00+00:00,1.0.0,7203,130989,6549,654,0,120.0,0.055,23313.0,1282.0,23313.0,1282.0,23313.0,1282.0,23313.0,3885.5,691.5,2023-01-01,1,0,0.0,0.0,0.0,0.0,0.0,0,0.0,0.0,0,0.0,0.0,0.0,0.9166666666666666,0.8333333333333334,10,low_motion_slow_cuts_no_face_dark,,test|video|trend,570,553,0,1.22,0,1.48,0,1.8,2023-01-01,2023-01-02,2023-01-01,2023-01-03,2023-01-01,2023-01-04,0,0,0,130989,3885.5,0.0018346044715164549,0.14727444217171368,0.001661913845821993,train,0
vid_0045,Test Video 45,2022-12-27 00:00:00+00:00,chan_5,Channel 5,18,2023-01-02 00:00:00+00:00,test|video|trend,159350,7967,0,796,http://example.com/thumb.jpg,False,False,Test description,youtube,youtube_trending_kaggle,False,,,0,0,,,,,real,2023-01-02 00:00:00+00:00,1.0.0,8763,159350,7967,796,0,144.0,0.055,28361.0,1560.0,28361.0,1560.0,28361.0,1560.0,28361.0,4726.83,841.33,2023-01-02,1,0,0.0,0.0,0.0,0.0,0.0,0,0.0,0.0,0,0.0,0.0,0.0,0.7241379310344828,0.5862068965517241,10,low_motion_slow_cuts_no_face_dark,,test|video|trend,651,631,0,1.22,0,1.48,0,1.8,2023-01-02,2023-01-03,2023-01-02,2023-01-04,2023-01-02,2023-01-05,0,0,0,159350,4726.83,0.001199285330899513,0.14727444217171368,0.0015332249096854384,train,0
vid_0045,Test Video 45,2022-12-27 00:00:00+00:00,chan_5,Channel 5,11,2023-01-03 00:00:00+00:00,test|video|trend,193852,9692,0,969,http://example.com/thumb.jpg,False,False,Test description,youtube,youtube_trending_kaggle,False,,,0,0,,,,,real,2023-01-03 00:00:00+00:00,1.0.0,10661,193852,9692,969,0,168.0,0.055,34502.0,1898.0,34502.0,1898.0,34502.0,1898.0,34502.0,5750.33,1023.5,2023-01-03,1,0,0.0,0.0,0.0,0.0,0.0,0,0.0,0.0,0,0.0,0.0,0.0,0.9032258064516129,0.8064516129032258,10,low_motion_slow_cuts_no_face_dark,,test|video|trend,737,714,0,1.22,0,1.48,0,1.48,2023-01-03,2023-01-04,2023-01-03,2023-01-05,2023-01-03,2023-01-06,0,0,0,193852,5750.33,0.0020292917704649066,0.14727444217171368,0.0021007239913406923,test,0
vid_0045,Test Video 45,2022-12-27 00:00:00+00:00,chan_5,Channel 5,13,2023-01-04 00:00:00+00:00,test|video|trend,235823,11791,0,1179,http://example.com/thumb.jpg,False,False,Test description,youtube,youtube_trending_kaggle,False,,,0,0,,,,,real,2023-01-04 00:00:00+00:00,1.0.0,12970,235823,11791,1179,0,192.0,0.055,41971.0,2309.0,41971.0,2309.0,41971.0,2309.0,41971.0,6995.17,1244.84,2023-01-04,1,0,0.0,0.0,0.0,0.0,0.0,0,0.0,0.0,0,0.0,0.0,0.0,0.8125,0.78125,10,low_motion_slow_cuts_no_face_dark,,test|video|trend,808,783,0,1.22,0,1.22,0,1.22,2023-01-04,2023-01-05,2023-01-04,2023-01-06,2023-01-04,2023-01-07,0,0,0,235823,6995.17,0.0018931367070373394,0.14727444217171368,0.0015254366943381716,test,0
vid_0045,Test Video 45,2022-12-27 00:00:00+00:00,chan_5,Channel 5,24,2023-01-05 00:00:00+00:00,test|video|trend,286882,14344,0,1434,http://example.com/thumb.jpg,False,False,Test description,youtube,youtube_trending_kaggle,False,,,0,0,,,,,real,2023-01-05 00:00:00+00:00,1.0.0,15778,286882,14344,1434,0,216.0,0.055,51059.0,2808.0,51059.0,2808.0,51059.0,2808.0,51059.0,8509.83,1514.66,2023-01-05,1,0,0.0,0.0,0.0,0.0,0.0,0,0.0,0.0,0,0.0,0.0,0.0,0.9333333333333333,0.9333333333333333,10,low_motion_slow_cuts_no_face_dark,,test|video|trend,853,828,0,1.0,0,1.0,0,1.0,2023-01-05,2023-01-06,2023-01-05,2023-01-07,2023-01-05,2023-01-08,0,0,0,286882,8509.83,0.00019314401786396234,0.14727444217171368,0.00018049339830543464,test,0
vid_0046,Test Video 46,2022-12-28 00:00:00+00:00,chan_6,Channel 6,16,2022-12-28 00:00:00+00:00,test|video|trend,35118,1755,0,175,http://example.com/thumb.jpg,False,False,Test description,youtube,youtube_trending_kaggle,False,,,0,0,,,,,real,2022-12-28 00:00:00+00:00,1.0.0,1930,35118,1755,175,0,0.0,0.055,0.0,0.0,0.0,0.0,0.0,0.0,0.0,0.0,0.0,,1,0,0.0,0.0,0.0,0.0,0.0,0,0.0,0.0,0,0.0,0.0,0.0,0.4166666666666667,0.10416666666666667,10,low_motion_slow_cuts_no_face_dark,,test|video|trend,166,162,0,1.21,0,1.47,0,1.79,2022-12-28,2022-12-29,2022-12-28,2022-12-30,2022-12-28,2022-12-31,0,0,0,35118,0.0,0.04911546769798476,0.14727444217171368,0.09512631964711729,train,0
vid_0046,Test Video 46,2022-12-28 00:00:00+00:00,chan_6,Channel 6,16,2022-12-29 00:00:00+00:00,test|video|trend,42627,2131,0,213,http://example.com/thumb.jpg,False,False,Test description,youtube,youtube_trending_kaggle,False,,,0,0,,,,,real,2022-12-29 00:00:00+00:00,1.0.0,2344,42627,2131,213,0,24.0,0.055,7509.0,414.0,7509.0,414.0,7509.0,414.0,7509.0,1251.5,0.0,2022-12-29,1,0,0.0,0.0,0.0,0.0,0.0,0,0.0,0.0,0,0.0,0.0,0.0,0.4583333333333333,0.625,10,low_motion_slow_cuts_no_face_dark,,test|video|trend,257,251,0,1.21,0,1.47,0,1.79,2022-12-29,2022-12-30,2022-12-29,2022-12-31,2022-12-29,2023-01-01,0,0,0,42627,1251.5,0.011872657354580606,0.14727444217171368,0.005542954306637371,train,0
vid_0046,Test Video 46,2022-12-28 00:00:00+00:00,chan_6,Channel 6,26,2022-12-30 00:00:00+00:00,test|video|trend,51741,2587,0,258,http://example.com/thumb.jpg,False,False,Test description,youtube,youtube_trending_kaggle,False,,,0,0,,,,,real,2022-12-30 00:00:00+00:00,1.0.0,2845,51741,2587,258,0,48.0,0.055,9114.0,501.0,9114.0,501.0,9114.0,501.0,9114.0,1519.0,267.5,2022-12-30,1,0,0.0,0.0,0.0,0.0,0.0,0,0.0,0.0,0,0.0,0.0,0.0,0.5384615384615384,0.5576923076923077,10,low_motion_slow_cuts_no_face_dark,,test|video|trend,399,387,0,1.21,0,1.47,0,1.79,2022-12-30,2022-12-31,2022-12-30,2023-01-01,2022-12-30,2023-01-02,0,0,0,51741,1519.0,0.00012287085095712133,0.14727444217171368,0.00013342451343905604,train,0
vid_0046,Test Video 46,2022-12-28 00:00:00+00:00,chan_6,Channel 6,12,2022-12-31 00:00:00+00:00,test|video|trend,62805,3140,0,314,http://example.com/thumb.jpg,False,False,Test description,youtube,youtube_trending_kaggle,False,,,0,0,,,,,real,2022-12-31 00:00:00+00:00,1.0.0,3454,62805,3140,314,0,72.0,0.055,11064.0,609.0,11064.0,609.0,11064.0,609.0,11064.0,1844.0,325.0,2022-12-31,1,0,0.0,0.0,0.0,0.0,0.0,0,0.0,0.0,0,0.0,0.0,0.0,0.6666666666666666,0.6666666666666666,10,low_motion_slow_cuts_no_face_dark,,test|video|trend,488,474,0,1.21,0,1.47,0,1.79,2022-12-31,2023-01-01,2022-12-31,2023-01-02,2022-12-31,2023-01-03,0,0,0,62805,1844.0,0.00018316172043008987,0.14727444217171368,0.00019630138611698695,train,0
vid_0046,Test Video 46,2022-12-28 00:00:00+00:00,chan_6,Channel 6,21,2023-01-01 00:00:00+00:00,test|video|trend,76235,3811,0,381,http://example.com/thumb.jpg,False,False,Test description,youtube,youtube_trending_kaggle,False,,,0,0,,,,,real,2023-01-01 00:00:00+00:00,1.0.0,4192,76235,3811,381,0,96.0,0.055,13430.0,738.0,13430.0,738.0,13430.0,738.0,13430.0,2238.33,394.33,2023-01-01,1,0,0.0,0.0,0.0,0.0,0.0,0,0.0,0.0,0,0.0,0.0,0.0,0.6052631578947368,0.5526315789473685,10,low_motion_slow_cuts_no_face_dark,,test|video|trend,576,559,0,1.21,0,1.47,0,1.79,2023-01-01,2023-01-02,2023-01-01,2023-01-03,2023-01-01,2023-01-04,0,0,0,76235,2238.33,1.8996468235078527e-05,0.14727444217171368,2.210303056777096e-05,train,0
vid_0046,Test Video 46,2022-12-28 00:00:00+00:00,chan_6,Channel 6,2,2023-01-02 00:00:00+00:00,test|video|trend,92536,4626,0,462,http://example.com/thumb.jpg,False,False,Test description,youtube,youtube_trending_kaggle,False,,,0,0,,,,,real,2023-01-02 00:00:00+00:00,1.0.0,5088,92536,4626,462,0,120.0,0.055,16301.0,896.0,16301.0,896.0,16301.0,896.0,16301.0,2716.83,478.5,2023-01-02,1,0,0.0,0.0,0.0,0.0,0.0,0,0.0,0.0,0,0.0,0.0,0.0,0.7027027027027027,0.6486486486486487,10,low_motion_slow_cuts_no_face_dark,,test|video|trend,649,629,0,1.21,0,1.47,0,1.79,2023-01-02,2023-01-03,2023-01-02,2023-01-04,2023-01-02,2023-01-05,0,0,0,92536,2716.83,3.727564291751922e-05,0.14727444217171368,0.0001409627740430379,train,0
vid_0046,Test Video 46,2022-12-28 00:00:00+00:00,chan_6,Channel 6,13,2023-01-03 00:00:00+00:00,test|video|trend,112323,5616,0,561,http://example.com/thumb.jpg,False,False,Test description,youtube,youtube_trending_kaggle,False,,,0,0,,,,,real,2023-01-03 00:00:00+00:00,1.0.0,6177,112323,5616,561,0,144.0,0.055,19787.0,1089.0,19787.0,1089.0,19787.0,1089.0,19787.0,3297.83,581.0,2023-01-03,1,0,0.0,0.0,0.0,0.0,0.0,0,0.0,0.0,0,0.0,0.0,0.0,0.6875,0.625,10,low_motion_slow_cuts_no_face_dark,,test|video|trend,741,718,0,1.21,0,1.47,0,1.79,2023-01-03,2023-01-04,2023-01-03,2023-01-05,2023-01-03,2023-01-06,0,0,0,112323,3297.83,0.00010973924119292871,0.14727444217171368,0.00010672496268300952,test,0
vid_0046,Test Video 46,2022-12-28 00:00:00+00:00,chan_6,Channel 6,20,2023-01-04 00:00:00+00:00,test|video|trend,136341,6817,0,681,http://example.com/thumb.jpg,False,False,Test description,youtube,youtube_trending_kaggle,False,,,0,0,,,,,real,2023-01-04 00:00:00+00:00,1.0.0,7498,136341,6817,681,0,168.0,0.055,24018.0,1321.0,24018.0,1321.0,24018.0,1321.0,24018.0,4003.0,705.17,2023-01-04,1,0,0.0,0.0,0.0,0.0,0.0,0,0.0,0.0,0,0.0,0.0,0.0,0.8387096774193549,0.8064516129032258,10,low_motion_slow_cuts_no_face_dark,,test|video|trend,810,785,0,1.21,0,1.47,0,1.47,2023-01-04,2023-01-05,2023-01-04,2023-01-06,2023-01-04,2023-01-07,0,0,0,136341,4003.0,0.0019217216056912278,0.14727444217171368,0.00199595448652133,test,0
vid_0046,Test Video 46,2022-12-28 00:00:00+00:00,chan_6,Channel 6,18,2023-01-05 00:00:00+00:00,test|video|trend,165494,8274,0,827,http://example.com/thumb.jpg,False,False,Test description,youtube,youtube_trending_kaggle,False,,,0,0,,,,,real,2023-01-05 00:00:00+00:00,1.0.0,9101,165494,8274,827,0,192.0,0.055,29153.0,1603.0,29153.0,1603.0,29153.0,1603.0,29153.0,4858.83,855.83,2023-01-05,1,0,0.0,0.0,0.0,0.0,0.0,0,0.0,0.0,0,0.0,0.0,0.0,0.7586206896551724,0.6551724137931034,10,low_motion_slow_cuts_no_face_dark,,test|video|trend,846,821,0,1.21,0,1.21,0,1.21,2023-01-05,2023-01-06,2023-01-05,2023-01-07,2023-01-05,2023-01-08,0,0,0,165494,4858.83,0.0008128675203814607,0.14727444217171368,0.0008594648615701333,test,0
vid_0046,Test Video 46,2022-12-28 00:00:00+00:00,chan_6,Channel 6,10,2023-01-06 00:00:00+00:00,test|video|trend,200881,10044,0,1004,http://example.com/thumb.jpg,False,False,Test description,youtube,youtube_trending_kaggle,False,,,0,0,,,,,real,2023-01-06 00:00:00+00:00,1.0.0,11048,200881,10044,1004,0,216.0,0.055,35387.0,1947.0,35387.0,1947.0,35387.0,1947.0,35387.0,5897.83,1039.0,2023-01-06,1,0,0.0,0.0,0.0,0.0,0.0,0,0.0,0.0,0,0.0,0.0,0.0,0.8787878787878788,0.8484848484848485,10,low_motion_slow_cuts_no_face_dark,,test|video|trend,926,897,0,1.0,0,1.0,0,1.0,2023-01-06,2023-01-07,2023-01-06,2023-01-08,2023-01-06,2023-01-09,0,0,0,200881,5897.83,0.0008260199444421043,0.14727444217171368,0.000712332873201013,test,0
vid_0047,Test Video 47,2022-12-24 00:00:00+00:00,chan_7,Channel 7,26,2022-12-24 00:00:00+00:00,test|video|trend,41766,2088,0,208,http://example.com/thumb.jpg,False,False,Test description,youtube,youtube_trending_kaggle,False,,,0,0,,,,,real,2022-12-24 00:00:00+00:00,1.0.0,2296,41766,2088,208,0,0.0,0.055,0.0,0.0,0.0,0.0,0.0,0.0,0.0,0.0,0.0,,1,0,0.0,0.0,0.0,0.0,0.0,0,0.0,0.0,0,0.0,0.0,0.0,0.4230769230769231,0.08653846153846154,10,low_motion_slow_cuts_no_face_dark,,test|video|trend,17,16,0,1.07,0,1.14,0,1.22,2022-12-24,2022-12-25,2022-12-24,2022-12-26,2022-12-24,2022-12-27,0,0,0,41766,0.0,0.023626238850234568,0.14727444217171368,0.014505950528157128,train,0
vid_0047,Test Video 47,2022-12-24 00:00:00+00:00,chan_7,Channel 7,12,2022-12-25 00:00:00+00:00,test|video|trend,44605,2230,0,223,http://example.com/thumb.jpg,False,False,Test description,youtube,youtube_trending_kaggle,False,,,0,0,,,,,real,2022-12-25 00:00:00+00:00,1.0.0,2453,44605,2230,223,0,24.0,0.055,2839.0,157.0,2839.0,157.0,2839.0,157.0,2839.0,473.17,0.0,2022-12-25,1,0,0.0,0.0,0.0,0.0,0.0,0,0.0,0.0,0,0.0,0.0,0.0,0.5666666666666667,0.43333333333333335,10,low_motion_slow_cuts_no_face_dark,,test|video|trend,48,47,0,1.07,0,1.14,0,1.22,2022-12-25,2022-12-26,2022-12-25,2022-12-27,2022-12-25,2022-12-28,0,0,0,44605,473.17,0.00027583280753488607,0.14727444217171368,0.0003736564444200074,train,0
vid_0047,Test Video 47,2022-12-24 00:00:00+00:00,chan_7,Channel 7,16,2022-12-26 00:00:00+00:00,test|video|trend,47637,2381,0,238,http://example.com/thumb.jpg,False,False,Test description,youtube,youtube_trending_kaggle,False,,,0,0,,,,,real,2022-12-26 00:00:00+00:00,1.0.0,2619,47637,2381,238,0,48.0,0.055,3032.0,166.0,3032.0,166.0,3032.0,166.0,3032.0,505.33,32.16,2022-12-26,1,0,0.0,0.0,0.0,0.0,0.0,0,0.0,0.0,0,0.0,0.0,0.0,0.5416666666666666,0.3333333333333333,10,low_motion_slow_cuts_no_face_dark,,test|video|trend,104,101,0,1.07,0,1.14,0,1.22,2022-12-26,2022-12-27,2022-12-26,2022-12-28,2022-12-26,2022-12-29,0,0,0,47637,505.33,0.00020852470632154132,0.14727444217171368,0.00022397613198313842,train,0
vid_0047,Test Video 47,2022-12-24 00:00:00+00:00,chan_7,Channel 7,25,2022-12-27 00:00:00+00:00,test|video|trend,50875,2543,0,254,http://example.com/thumb.jpg,False,False,Test description,youtube,youtube_trending_kaggle,False,,,0,0,,,,,real,2022-12-27 00:00:00+00:00,1.0.0,2797,50875,2543,254,0,72.0,0.055,3238.0,178.0,3238.0,178.0,3238.0,178.0,3238.0,539.67,34.34,2022-12-27,1,0,0.0,0.0,0.0,0.0,0.0,0,0.0,0.0,0,0.0,0.0,0.0,0.5945945945945946,0.43243243243243246,10,low_motion_slow_cuts_no_face_dark,,test|video|trend,121,118,0,1.07,0,1.14,0,1.22,2022-12-27,2022-12-28,2022-12-27,2022-12-29,2022-12-27,2022-12-30,0,0,0,50875,539.67,3.972397818808685e-05,0.14727444217171368,3.1772989823771314e-05,train,0
vid_0047,Test Video 47,2022-12-24 00:00:00+00:00,chan_7,Channel 7,6,2022-12-28 00:00:00+00:00,test|video|trend,54333,2716,0,271,http://example.com/thumb.jpg,False,False,Test description,youtube,youtube_trending_kaggle,False,,,0,0,,,,,real,2022-12-28 00:00:00+00:00,1.0.0,2987,54333,2716,271,0,96.0,0.055,3458.0,190.0,3458.0,190.0,3458.0,190.0,3458.0,576.33,36.66,2022-12-28,1,0,0.0,0.0,0.0,0.0,0.0,0,0.0,0.0,0,0.0,0.0,0.0,0.6052631578947368,0.39473684210526316,10,low_motion_slow_cuts_no_face_dark,,test|video|trend,200,194,0,1.07,0,1.14,0,1.22,2022-12-28,2022-12-29,2022-12-28,2022-12-30,2022-12-28,2022-12-31,0,0,0,54333,576.33,4.082846510160405e-05,0.14727444217171368,2.2601487177113483e-05,train,0
vid_0047,Test Video 47,2022-12-24 00:00:00+00:00,chan_7,Channel 7,8,2022-12-29 00:00:00+00:00,test|video|trend,58026,2901,0,290,http://example.com/thumb.jpg,False,False,Test description,youtube,youtube_trending_kaggle,False,,,0,0,,,,,real,2022-12-29 00:00:00+00:00,1.0.0,3191,58026,2901,290,0,120.0,0.055,3693.0,204.0,3693.0,204.0,3693.0,204.0,3693.0,615.5,39.17,2022-12-29,1,0,0.0,0.0,0.0,0.0,0.0,0,0.0,0.0,0,0.0,0.0,0.0,0.627906976744186,0.3488372093023256,10,low_motion_slow_cuts_no_face_dark,,test|video|trend,253,247,0,1.07,0,1.14,0,1.22,2022-12-29,2022-12-30,2022-12-29,2022-12-31,2022-12-29,2023-01-01,0,0,0,58026,615.5,4.2809926084366415e-05,0.14727444217171368,2.648831314014569e-05,train,0
vid_0047,Test Video 47,2022-12-24 00:00:00+00:00,chan_7,Channel 7,24,2022-12-30 00:00:00+00:00,test|video|trend,61971,3098,0,309,http://example.com/thumb.jpg,False,False,Test description,youtube,youtube_trending_kaggle,False,,,0,0,,,,,real,2022-12-30 00:00:00+00:00,1.0.0,3407,61971,3098,309,0,144.0,0.055,3945.0,216.0,3945.0,216.0,3945.0,216.0,3945.0,657.5,42.0,2022-12-30,1,0,0.0,0.0,0.0,0.0,0.0,0,0.0,0.0,0,0.0,0.0,0.0,0.6444444444444445,0.4222222222222222,10,low_motion_slow_cuts_no_face_dark,,test|video|trend,370,359,0,1.07,0,1.14,0,1.22,2022-12-30,2022-12-31,2022-12-30,2023-01-01,2022-12-30,2023-01-02,0,0,0,61971,657.5,3.125637839853809e-05,0.14727444217171368,2.4216828397219934e-05,train,0
vid_0047,Test Video 47,2022-12-24 00:00:00+00:00,chan_7,Channel 7,24,2022-12-31 00:00:00+00:00,test|video|trend,66183,3309,0,330,http://example.com/thumb.jpg,False,False,Test description,youtube,youtube_trending_kaggle,False,,,0,0,,,,,real,2022-12-31 00:00:00+00:00,1.0.0,3639,66183,3309,330,0,168.0,0.055,4212.0,232.0,4212.0,232.0,4212.0,232.0,4212.0,702.0,44.5,2022-12-31,1,0,0.0,0.0,0.0,0.0,0.0,0,0.0,0.0,0,0.0,0.0,0.0,0.6666666666666666,0.4666666666666667,10,low_motion_slow_cuts_no_face_dark,,test|video|trend,412,400,0,1.07,0,1.14,0,1.14,2022-12-31,2023-01-01,2022-12-31,2023-01-02,2022-12-31,2023-01-03,0,0,0,66183,702.0,0.00034818835577376335,0.14727444217171368,0.00024714978129318184,train,0
vid_0047,Test Video 47,2022-12-24 00:00:00+00:00,chan_7,Channel 7,28,2023-01-01 00:00:00+00:00,test|video|trend,70682,3534,0,353,http://example.com/thumb.jpg,False,False,Test description,youtube,youtube_trending_kaggle,False,,,0,0,,,,,real,2023-01-01 00:00:00+00:00,1.0.0,3887,70682,3534,353,0,192.0,0.055,4499.0,248.0,4499.0,248.0,4499.0,248.0,4499.0,749.83,47.83,2023-01-01,1,0,0.0,0.0,0.0,0.0,0.0,0,0.0,0.0,0,0.0,0.0,0.0,0.5333333333333333,0.3333333333333333,10,low_motion_slow_cuts_no_face_dark,,test|video|trend,573,556,0,1.07,0,1.07,0,1.07,2023-01-01,2023-01-02,2023-01-01,2023-01-03,2023-01-01,2023-01-04,0,0,0,70682,749.83,0.00020741662308568402,0.14727444217171368,0.00023221910111537717,train,0
vid_0047,Test Video 47,2022-12-24 00:00:00+00:00,chan_7,Channel 7,16,2023-01-02 00:00:00+00:00,test|video|trend,75486,3774,0,377,http://example.com/thumb.jpg,False,False,Test description,youtube,youtube_trending_kaggle,False,,,0,0,,,,,real,2023-01-02 00:00:00+00:00,1.0.0,4151,75486,3774,377,0,216.0,0.055,4804.0,264.0,4804.0,264.0,4804.0,264.0,4804.0,800.67,50.84,2023-01-02,1,0,0.0,0.0,0.0,0.0,0.0,0,0.0,0.0,0,0.0,0.0,0.0,0.6666666666666666,0.4166666666666667,10,low_motion_slow_cuts_no_face_dark,,test|video|trend,650,630,0,1.0,0,1.0,0,1.0,2023-01-02,2023-01-03,2023-01-02,2023-01-04,2023-01-02,2023-01-05,0,0,0,75486,800.67,0.00014549959135651017,0.14727444217171368,0.00010216790950321056,train,0
vid_0048,Test Video 48,2022-12-26 00:00:00+00:00,chan_8,Channel 8,21,2022-12-26 00:00:00+00:00,test|video|trend,18583,929,0,92,http://example.com/thumb.jpg,False,False,Test description,youtube,youtube_trending_kaggle,False,,,0,0,,,,,real,2022-12-26 00:00:00+00:00,1.0.0,1021,18583,929,92,0,0.0,0.0549,0.0,0.0,0.0,0.0,0.0,0.0,0.0,0.0,0.0,,1,0,0.0,0.0,0.0,0.0,0.0,0,0.0,0.0,0,0.0,0.0,0.0,0.13157894736842105,0.039473684210526314,10,low_motion_slow_cuts_no_face_dark,,test|video|trend,74,72,0,1.41,0,2.0,0,2.83,2022-12-26,2022-12-27,2022-12-26,2022-12-28,2022-12-26,2022-12-29,0,0,0,18583,0.0,0.07969221885061825,0.14727444217171368,0.06319722480415207,train,0
vid_0048,Test Video 48,2022-12-26 00:00:00+00:00,chan_8,Channel 8,1,2022-12-27 00:00:00+00:00,test|video|trend,26292,1314,0,131,http://example.com/thumb.jpg,False,False,Test description,youtube,youtube_trending_kaggle,False,,,0,0,,,,,real,2022-12-27 00:00:00+00:00,1.0.0,1445,26292,1314,131,0,24.0,0.055,7709.0,424.0,7709.0,424.0,7709.0,424.0,7709.0,1284.83,0.0,2022-12-27,1,0,0.0,0.0,0.0,0.0,0.0,0,0.0,0.0,0,0.0,0.0,0.0,0.36363636363636365,0.5757575757575758,10,low_motion_slow_cuts_no_face_dark,,test|video|trend,122,119,1,1.41,1,2.0,1,2.83,2022-12-27,2022-12-28,2022-12-27,2022-12-29,2022-12-27,2022-12-30,0,0,0,26292,1284.83,0.965798607856097,0.14727444217171368,0.9658405277738008,train,1
vid_0048,Test Video 48,2022-12-26 00:00:00+00:00,chan_8,Channel 8,18,2022-12-28 00:00:00+00:00,test|video|trend,37199,1859,0,185,http://example.com/thumb.jpg,False,False,Test description,youtube,youtube_trending_kaggle,False,,,0,0,,,,,real,2022-12-28 00:00:00+00:00,1.0.0,2044,37199,1859,185,0,48.0,0.0549,10907.0,599.0,10907.0,599.0,10907.0,599.0,10907.0,1817.83,533.0,2022-12-28,1,0,0.0,0.0,0.0,0.0,0.0,0,0.0,0.0,0,0.0,0.0,0.0,0.4482758620689655,0.5172413793103449,10,low_motion_slow_cuts_no_face_dark,,test|video|trend,229,223,0,1.41,0,2.0,0,2.83,2022-12-28,2022-12-29,2022-12-28,2022-12-30,2022-12-28,2022-12-31,0,0,0,37199,1817.83,0.009956721165518295,0.14727444217171368,0.006945417428117455,train,0
vid_0048,Test Video 48,2022-12-26 00:00:00+00:00,chan_8,Channel 8,24,2022-12-29 00:00:00+00:00,test|video|trend,52632,2631,0,263,http://example.com/thumb.jpg,False,False,Test description,youtube,youtube_trending_kaggle,False,,,0,0,,,,,real,2022-12-29 00:00:00+00:00,1.0.0,2894,52632,2631,263,0,72.0,0.055,15433.0,850.0,15433.0,850.0,15433.0,850.0,15433.0,2572.17,754.34,2022-12-29,1,0,0.0,0.0,0.0,0.0,0.0,0,0.0,0.0,0,0.0,0.0,0.0,0.5111111111111111,0.7111111111111111,10,low_motion_slow_cuts_no_face_dark,,test|video|trend,262,256,0,1.41,0,2.0,0,2.83,2022-12-29,2022-12-30,2022-12-29,2022-12-31,2022-12-29,2023-01-01,0,0,0,52632,2572.17,0.06236346029142675,0.14727444217171368,0.05847727792873389,train,0
vid_0048,Test Video 48,2022-12-26 00:00:00+00:00,chan_8,Channel 8,8,2022-12-30 00:00:00+00:00,test|video|trend,74467,3723,0,372,http://example.com/thumb.jpg,False,False,Test description,youtube,youtube_trending_kaggle,False,,,0,0,,,,,real,2022-12-30 00:00:00+00:00,1.0.0,4095,74467,3723,372,0,96.0,0.055,21835.0,1201.0,21835.0,1201.0,21835.0,1201.0,21835.0,3639.17,1067.0,2022-12-30,1,0,0.0,0.0,0.0,0.0,0.0,0,0.0,0.0,0,0.0,0.0,0.0,0.6976744186046512,0.7674418604651163,10,low_motion_slow_cuts_no_face_dark,,test|video|trend,377,366,0,1.41,1,2.0,1,2.83,2022-12-30,2022-12-31,2022-12-30,2023-01-01,2022-12-30,2023-01-02,0,0,0,74467,3639.17,0.9668943380766749,0.14727444217171368,0.9661084748043763,train,1
vid_0048,Test Video 48,2022-12-26 00:00:00+00:00,chan_8,Channel 8,15,2022-12-31 00:00:00+00:00,test|video|trend,105361,5268,0,526,http://example.com/thumb.jpg,False,False,Test description,youtube,youtube_trending_kaggle,False,,,0,0,,,,,real,2022-12-31 00:00:00+00:00,1.0.0,5794,105361,5268,526,0,120.0,0.055,30894.0,1699.0,30894.0,1699.0,30894.0,1699.0,30894.0,5149.0,1509.83,2022-12-31,1,0,0.0,0.0,0.0,0.0,0.0,0,0.0,0.0,0,0.0,0.0,0.0,0.8076923076923077,0.8461538461538461,10,low_motion_slow_cuts_no_face_dark,,test|video|trend,408,396,0,1.41,0,2.0,0,2.83,2022-12-31,2023-01-01,2022-12-31,2023-01-02,2022-12-31,2023-01-03,0,0,0,105361,5149.0,0.02005674253650402,0.14727444217171368,0.026811911737369683,train,0
vid_0048,Test Video 48,2022-12-26 00:00:00+00:00,chan_8,Channel 8,28,2023-01-01 00:00:00+00:00,test|video|trend,149071,7453,0,745,http://example.com/thumb.jpg,False,False,Test description,youtube,youtube_trending_kaggle,False,,,0,0,,,,,real,2023-01-01 00:00:00+00:00,1.0.0,8198,149071,7453,745,0,144.0,0.055,43710.0,2404.0,43710.0,2404.0,43710.0,2404.0,43710.0,7285.0,2136.0,2023-01-01,1,0,0.0,0.0,0.0,0.0,0.0,0,0.0,0.0,0,0.0,0.0,0.0,0.7666666666666667,0.7666666666666667,10,low_motion_slow_cuts_no_face_dark,,test|video|trend,569,552,0,1.41,1,2.0,1,2.83,2023-01-01,2023-01-02,2023-01-01,2023-01-03,2023-01-01,2023-01-04,0,0,0,149071,7285.0,0.9460633506795794,0.14727444217171368,0.930474209862591,train,1
vid_0048,Test Video 48,2022-12-26 00:00:00+00:00,chan_8,Channel 8,6,2023-01-02 00:00:00+00:00,test|video|trend,210914,10545,0,1054,http://example.com/thumb.jpg,False,False,Test description,youtube,youtube_trending_kaggle,False,,,0,0,,,,,real,2023-01-02 00:00:00+00:00,1.0.0,11599,210914,10545,1054,0,168.0,0.055,61843.0,3401.0,61843.0,3401.0,61843.0,3401.0,61843.0,10307.17,3022.17,2023-01-02,1,0,0.0,0.0,0.0,0.0,0.0,0,0.0,0.0,0,0.0,0.0,0.0,0.8947368421052632,0.8947368421052632,10,low_motion_slow_cuts_no_face_dark,,test|video|trend,653,633,0,1.41,0,2.0,0,2.0,2023-01-02,2023-01-03,2023-01-02,2023-01-04,2023-01-02,2023-01-05,0,0,0,210914,10307.17,0.00509140707117759,0.14727444217171368,0.005550246299265901,train,0
vid_0048,Test Video 48,2022-12-26 00:00:00+00:00,chan_8,Channel 8,17,2023-01-03 00:00:00+00:00,test|video|trend,298414,14920,0,1492,http://example.com/thumb.jpg,False,False,Test description,youtube,youtube_trending_kaggle,False,,,0,0,,,,,real,2023-01-03 00:00:00+00:00,1.0.0,16412,298414,14920,1492,0,192.0,0.055,87500.0,4813.0,87500.0,4813.0,87500.0,4813.0,87500.0,14583.33,4276.16,2023-01-03,1,0,0.0,0.0,0.0,0.0,0.0,0,0.0,0.0,0,0.0,0.0,0.0,0.8857142857142857,0.8857142857142857,10,low_motion_slow_cuts_no_face_dark,,test|video|trend,742,719,0,1.41,0,1.41,0,1.41,2023-01-03,2023-01-04,2023-01-03,2023-01-05,2023-01-03,2023-01-06,0,0,0,298414,14583.33,0.0004258891876444017,0.14727444217171368,0.000428911095812254,test,0
vid_0048,Test Video 48,2022-12-26 00:00:00+00:00,chan_8,Channel 8,2,2023-01-04 00:00:00+00:00,test|video|trend,422214,21110,0,2111,http://example.com/thumb.jpg,False,False,Test description,youtube,youtube_trending_kaggle,False,,,0,0,,,,,real,2023-01-04 00:00:00+00:00,1.0.0,23221,422214,21110,2111,0,216.0,0.055,123800.0,6809.0,123800.0,6809.0,123800.0,6809.0,123800.0,20633.33,6050.0,2023-01-04,1,0,0.0,0.0,0.0,0.0,0.0,0,0.0,0.0,0,0.0,0.0,0.0,1.0,1.0,10,low_motion_slow_cuts_no_face_dark,,test|video|trend,784,761,0,1.0,0,1.0,0,1.0,2023-01-04,2023-01-05,2023-01-04,2023-01-06,2023-01-04,2023-01-07,0,0,0,422214,20633.33,0.006808080242211765,0.14727444217171368,0.006023642691354063,test,0
vid_0049,Test Video 49,2022-12-29 00:00:00+00:00,chan_9,Channel 9,8,2022-12-29 00:00:00+00:00,test|video|trend,1204,60,0,6,http://example.com/thumb.jpg,False,False,Test description,youtube,youtube_trending_kaggle,False,,,0,0,,,,,real,2022-12-29 00:00:00+00:00,1.0.0,66,1204,60,6,0,0.0,0.0548,0.0,0.0,0.0,0.0,0.0,0.0,0.0,0.0,0.0,,1,0,0.0,0.0,0.0,0.0,0.0,0,0.0,0.0,0,0.0,0.0,0.0,0.023255813953488372,0.05813953488372093,10,low_motion_slow_cuts_no_face_dark,,test|video|trend,265,259,0,1.17,0,1.36,0,1.59,2022-12-29,2022-12-30,2022-12-29,2022-12-31,2022-12-29,2023-01-01,0,0,0,1204,0.0,0.0014928448028468477,0.14727444217171368,0.002282249742806678,train,0
vid_0049,Test Video 49,2022-12-29 00:00:00+00:00,chan_9,Channel 9,19,2022-12-30 00:00:00+00:00,test|video|trend,1405,70,0,7,http://example.com/thumb.jpg,False,False,Test description,youtube,youtube_trending_kaggle,False,,,0,0,,,,,real,2022-12-30 00:00:00+00:00,1.0.0,77,1405,70,7,0,24.0,0.0548,201.0,11.0,201.0,11.0,201.0,11.0,201.0,33.5,0.0,2022-12-30,1,0,0.0,0.0,0.0,0.0,0.0,0,0.0,0.0,0,0.0,0.0,0.0,0.027777777777777776,0.1388888888888889,10,low_motion_slow_cuts_no_face_dark,,test|video|trend,389,377,0,1.17,0,1.36,0,1.59,2022-12-30,2022-12-31,2022-12-30,2023-01-01,2022-12-30,2023-01-02,0,0,0,1405,33.5,0.0025023318703724412,0.14727444217171368,0.0021465457653046752,train,0
vid_0049,Test Video 49,2022-12-29 00:00:00+00:00,chan_9,Channel 9,7,2022-12-31 00:00:00+00:00,test|video|trend,1641,82,0,8,http://example.com/thumb.jpg,False,False,Test description,youtube,youtube_trending_kaggle,False,,,0,0,,,,,real,2022-12-31 00:00:00+00:00,1.0.0,90,1641,82,8,0,48.0,0.0548,236.0,13.0,236.0,13.0,236.0,13.0,236.0,39.33,5.83,2022-12-31,1,0,0.0,0.0,0.0,0.0,0.0,0,0.0,0.0,0,0.0,0.0,0.0,0.05405405405405406,0.1891891891891892,10,low_motion_slow_cuts_no_face_dark,,test|video|trend,409,397,0,1.17,0,1.36,0,1.59,2022-12-31,2023-01-01,2022-12-31,2023-01-02,2022-12-31,2023-01-03,0,0,0,1641,39.33,0.019415098704468083,0.14727444217171368,0.026899490816804553,train,0
vid_0049,Test Video 49,2022-12-29 00:00:00+00:00,chan_9,Channel 9,14,2023-01-01 00:00:00+00:00,test|video|trend,1915,95,0,9,http://example.com/thumb.jpg,False,False,Test description,youtube,youtube_trending_kaggle,False,,,0,0,,,,,real,2023-01-01 00:00:00+00:00,1.0.0,104,1915,95,9,0,72.0,0.0543,274.0,14.0,274.0,14.0,274.0,14.0,274.0,45.67,6.34,2023-01-01,1,0,0.0,0.0,0.0,0.0,0.0,0,0.0,0.0,0,0.0,0.0,0.0,0.027777777777777776,0.1388888888888889,10,low_motion_slow_cuts_no_face_dark,,test|video|trend,566,549,0,1.17,0,1.36,0,1.59,2023-01-01,2023-01-02,2023-01-01,2023-01-03,2023-01-01,2023-01-04,0,0,0,1915,45.67,0.005420709268492513,0.14727444217171368,0.0033632737100478503,train,0
vid_0049,Test Video 49,2022-12-29 00:00:00+00:00,chan_9,Channel 9,8,2023-01-02 00:00:00+00:00,test|video|trend,2236,111,0,11,http://example.com/thumb.jpg,False,False,Test description,youtube,youtube_trending_kaggle,False,,,0,0,,,,,real,2023-01-02 00:00:00+00:00,1.0.0,122,2236,111,11,0,96.0,0.0546,321.0,18.0,321.0,18.0,321.0,18.0,321.0,53.5,7.83,2023-01-02,1,0,0.0,0.0,0.0,0.0,0.0,0,0.0,0.0,0,0.0,0.0,0.0,0.06976744186046512,0.16279069767441862,10,low_motion_slow_cuts_no_face_dark,,test|video|trend,662,642,0,1.17,0,1.36,0,1.59,2023-01-02,2023-01-03,2023-01-02,2023-01-04,2023-01-02,2023-01-05,0,0,0,2236,53.5,0.007573661011539721,0.14727444217171368,0.004413929443089964,train,0
vid_0049,Test Video 49,2022-12-29 00:00:00+00:00,chan_9,Channel 9,3,2023-01-03 00:00:00+00:00,test|video|trend,2611,130,0,13,http://example.com/thumb.jpg,False,False,Test description,youtube,youtube_trending_kaggle,False,,,0,0,,,,,real,2023-01-03 00:00:00+00:00,1.0.0,143,2611,130,13,0,120.0,0.0548,375.0,21.0,375.0,21.0,375.0,21.0,375.0,62.5,9.0,2023-01-03,1,0,0.0,0.0,0.0,0.0,0.0,0,0.0,0.0,0,0.0,0.0,0.0,0.02564102564102564,0.1794871794871795,10,low_motion_slow_cuts_no_face_dark,,test|video|trend,720,697,0,1.17,0,1.36,0,1.59,2023-01-03,2023-01-04,2023-01-03,2023-01-05,2023-01-03,2023-01-06,0,0,0,2611,62.5,0.0004205824983959526,0.14727444217171368,0.0003175824342989813,test,0
vid_0049,Test Video 49,2022-12-29 00:00:00+00:00,chan_9,Channel 9,23,2023-01-04 00:00:00+00:00,test|video|trend,3048,152,0,15,http://example.com/thumb.jpg,False,False,Test description,youtube,youtube_trending_kaggle,False,,,0,0,,,,,real,2023-01-04 00:00:00+00:00,1.0.0,167,3048,152,15,0,144.0,0.0548,437.0,24.0,437.0,24.0,437.0,24.0,437.0,72.83,10.33,2023-01-04,1,0,0.0,0.0,0.0,0.0,0.0,0,0.0,0.0,0,0.0,0.0,0.0,0.06666666666666667,0.16666666666666666,10,low_motion_slow_cuts_no_face_dark,,test|video|trend,767,744,0,1.17,0,1.36,0,1.59,2023-01-04,2023-01-05,2023-01-04,2023-01-06,2023-01-04,2023-01-07,0,0,0,3048,72.83,0.0007268361236136404,0.14727444217171368,0.0009338184327264717,test,0
vid_0049,Test Video 49,2022-12-29 00:00:00+00:00,chan_9,Channel 9,9,2023-01-05 00:00:00+00:00,test|video|trend,3559,177,0,17,http://example.com/thumb.jpg,False,False,Test description,youtube,youtube_trending_kaggle,False,,,0,0,,,,,real,2023-01-05 00:00:00+00:00,1.0.0,194,3559,177,17,0,168.0,0.0545,511.0,27.0,511.0,27.0,511.0,27.0,511.0,85.17,12.34,2023-01-05,1,0,0.0,0.0,0.0,0.0,0.0,0,0.0,0.0,0,0.0,0.0,0.0,0.09090909090909091,0.21212121212121213,10,low_motion_slow_cuts_no_face_dark,,test|video|trend,837,812,0,1.17,0,1.36,0,1.36,2023-01-05,2023-01-06,2023-01-05,2023-01-07,2023-01-05,2023-01-08,0,0,0,3559,85.17,0.001221997267896557,0.14727444217171368,0.0030139703945444817,test,0
vid_0049,Test Video 49,2022-12-29 00:00:00+00:00,chan_9,Channel 9,8,2023-01-06 00:00:00+00:00,test|video|trend,4155,207,0,20,http://example.com/thumb.jpg,False,False,Test description,youtube,youtube_trending_kaggle,False,,,0,0,,,,,real,2023-01-06 00:00:00+00:00,1.0.0,227,4155,207,20,0,192.0,0.0546,596.0,33.0,596.0,33.0,596.0,33.0,596.0,99.33,14.16,2023-01-06,1,0,0.0,0.0,0.0,0.0,0.0,0,0.0,0.0,0,0.0,0.0,0.0,0.13953488372093023,0.20930232558139536,10,low_motion_slow_cuts_no_face_dark,,test|video|trend,914,885,0,1.17,0,1.17,0,1.17,2023-01-06,2023-01-07,2023-01-06,2023-01-08,2023-01-06,2023-01-09,0,0,0,4155,99.33,0.0002222657441545302,0.14727444217171368,0.00021976046876393627,test,0
vid_0049,Test Video 49,2022-12-29 00:00:00+00:00,chan_9,Channel 9,13,2023-01-07 00:00:00+00:00,test|video|trend,4851,242,0,24,http://example.com/thumb.jpg,False,False,Test description,youtube,youtube_trending_kaggle,False,,,0,0,,,,,real,2023-01-07 00:00:00+00:00,1.0.0,266,4851,242,24,0,216.0,0.0548,696.0,39.0,696.0,39.0,696.0,39.0,696.0,116.0,16.67,2023-01-07,1,0,0.0,0.0,0.0,0.0,0.0,0,0.0,0.0,0,0.0,0.0,0.0,0.09375,0.21875,10,low_motion_slow_cuts_no_face_dark,,test|video|trend,953,924,0,1.0,0,1.0,0,1.0,2023-01-07,2023-01-08,2023-01-07,2023-01-09,2023-01-07,2023-01-10,0,0,0,4851,116.0,0.00013691099372289533,0.14727444217171368,0.00018234472254254798,test,0
vid_0050,Test Video 50,2022-12-31 00:00:00+00:00,chan_0,Channel 0,12,2022-12-31 00:00:00+00:00,test|video|trend,38153,1907,0,190,http://example.com/thumb.jpg,False,False,Test description,youtube,youtube_trending_kaggle,False,,,0,0,,,,,real,2022-12-31 00:00:00+00:00,1.0.0,2097,38153,1907,190,0,0.0,0.055,0.0,0.0,0.0,0.0,0.0,0.0,0.0,0.0,0.0,,1,0,0.0,0.0,0.0,0.0,0.0,0,0.0,0.0,0,0.0,0.0,0.0,0.4666666666666667,0.08333333333333333,10,low_motion_slow_cuts_no_face_dark,,test|video|trend,402,390,0,1.36,0,1.85,1,2.53,2022-12-31,2023-01-01,2022-12-31,2023-01-02,2022-12-31,2023-01-03,0,0,0,38153,0.0,0.8145781327023601,0.14727444217171368,0.8124183679751953,train,1
vid_0050,Test Video 50,2022-12-31 00:00:00+00:00,chan_0,Channel 0,20,2023-01-01 00:00:00+00:00,test|video|trend,51958,2597,0,259,http://example.com/thumb.jpg,False,False,Test description,youtube,youtube_trending_kaggle,False,,,0,0,,,,,real,2023-01-01 00:00:00+00:00,1.0.0,2856,51958,2597,259,0,24.0,0.055,13805.0,759.0,13805.0,759.0,13805.0,759.0,13805.0,2300.83,0.0,2023-01-01,1,0,0.0,0.0,0.0,0.0,0.0,0,0.0,0.0,0,0.0,0.0,0.0,0.6451612903225806,0.6774193548387096,10,low_motion_slow_cuts_no_face_dark,,test|video|trend,561,545,0,1.36,0,1.85,0,2.53,2023-01-01,2023-01-02,2023-01-01,2023-01-03,2023-01-01,2023-01-04,0,0,0,51958,2300.83,0.00018987508342953611,0.14727444217171368,0.0002040543117101662,train,0
vid_0050,Test Video 50,2022-12-31 00:00:00+00:00,chan_0,Channel 0,4,2023-01-02 00:00:00+00:00,test|video|trend,70760,3538,0,353,http://example.com/thumb.jpg,False,False,Test description,youtube,youtube_trending_kaggle,False,,,0,0,,,,,real,2023-01-02 00:00:00+00:00,1.0.0,3891,70760,3538,353,0,48.0,0.055,18802.0,1035.0,18802.0,1035.0,18802.0,1035.0,18802.0,3133.67,832.84,2023-01-02,1,0,0.0,0.0,0.0,0.0,0.0,0,0.0,0.0,0,0.0,0.0,0.0,0.6052631578947368,0.6052631578947368,10,low_motion_slow_cuts_no_face_dark,,test|video|trend,658,638,0,1.36,0,1.85,0,2.53,2023-01-02,2023-01-03,2023-01-02,2023-01-04,2023-01-02,2023-01-05,0,0,0,70760,3133.67,0.04796820070042606,0.14727444217171368,0.04199400171772767,train,0
vid_0050,Test Video 50,2022-12-31 00:00:00+00:00,chan_0,Channel 0,15,2023-01-03 00:00:00+00:00,test|video|trend,96366,4818,0,481,http://example.com/thumb.jpg,False,False,Test description,youtube,youtube_trending_kaggle,False,,,0,0,,,,,real,2023-01-03 00:00:00+00:00,1.0.0,5299,96366,4818,481,0,72.0,0.055,25606.0,1408.0,25606.0,1408.0,25606.0,1408.0,25606.0,4267.67,1134.0,2023-01-03,1,0,0.0,0.0,0.0,0.0,0.0,0,0.0,0.0,0,0.0,0.0,0.0,0.7692307692307693,0.7692307692307693,10,low_motion_slow_cuts_no_face_dark,,test|video|trend,717,694,0,1.36,0,1.85,0,2.53,2023-01-03,2023-01-04,2023-01-03,2023-01-05,2023-01-03,2023-01-06,0,0,0,96366,4267.67,0.03350019401450949,0.14727444217171368,0.05950602104243455,test,0
vid_0050,Test Video 50,2022-12-31 00:00:00+00:00,chan_0,Channel 0,23,2023-01-04 00:00:00+00:00,test|video|trend,131236,6561,0,656,http://example.com/thumb.jpg,False,False,Test description,youtube,youtube_trending_kaggle,False,,,0,0,,,,,real,2023-01-04 00:00:00+00:00,1.0.0,7217,131236,6561,656,0,96.0,0.055,34870.0,1918.0,34870.0,1918.0,34870.0,1918.0,34870.0,5811.67,1544.0,2023-01-04,1,0,0.0,0.0,0.0,0.0,0.0,0,0.0,0.0,0,0.0,0.0,0.0,0.7666666666666667,0.7666666666666667,10,low_motion_slow_cuts_no_face_dark,,test|video|trend,781,758,0,1.36,0,1.85,0,2.53,2023-01-04,2023-01-05,2023-01-04,2023-01-06,2023-01-04,2023-01-07,0,0,0,131236,5811.67,0.007071394792555312,0.14727444217171368,0.009255709889412074,test,0
vid_0050,Test Video 50,2022-12-31 00:00:00+00:00,chan_0,Channel 0,6,2023-01-05 00:00:00+00:00,test|video|trend,178725,8936,0,893,http://example.com/thumb.jpg,False,False,Test description,youtube,youtube_trending_kaggle,False,,,0,0,,,,,real,2023-01-05 00:00:00+00:00,1.0.0,9829,178725,8936,893,0,120.0,0.055,47489.0,2612.0,47489.0,2612.0,47489.0,2612.0,47489.0,7914.83,2103.16,2023-01-05,1,0,0.0,0.0,0.0,0.0,0.0,0,0.0,0.0,0,0.0,0.0,0.0,0.868421052631579,0.868421052631579,10,low_motion_slow_cuts_no_face_dark,,test|video|trend,863,837,0,1.36,0,1.85,0,2.53,2023-01-05,2023-01-06,2023-01-05,2023-01-07,2023-01-05,2023-01-08,0,0,0,178725,7914.83,0.8682661013777961,0.14727444217171368,0.8416545220540909,test,0
vid_0050,Test Video 50,2022-12-31 00:00:00+00:00,chan_0,Channel 0,23,2023-01-06 00:00:00+00:00,test|video|trend,243399,12169,0,1216,http://example.com/thumb.jpg,False,False,Test description,youtube,youtube_trending_kaggle,False,,,0,0,,,,,real,2023-01-06 00:00:00+00:00,1.0.0,13385,243399,12169,1216,0,144.0,0.055,64674.0,3556.0,64674.0,3556.0,64674.0,3556.0,64674.0,10779.0,2864.17,2023-01-06,1,0,0.0,0.0,0.0,0.0,0.0,0,0.0,0.0,0,0.0,0.0,0.0,0.8333333333333334,0.8333333333333334,10,low_motion_slow_cuts_no_face_dark,,test|video|trend,930,901,0,1.36,0,1.85,0,2.53,2023-01-06,2023-01-07,2023-01-06,2023-01-08,2023-01-06,2023-01-09,0,0,0,243399,10779.0,0.17388626857650685,0.14727444217171368,0.1573827863930397,test,0
vid_0050,Test Video 50,2022-12-31 00:00:00+00:00,chan_0,Channel 0,9,2023-01-07 00:00:00+00:00,test|video|trend,331475,16573,0,1657,http://example.com/thumb.jpg,False,False,Test description,youtube,youtube_trending_kaggle,False,,,0,0,,,,,real,2023-01-07 00:00:00+00:00,1.0.0,18230,331475,16573,1657,0,168.0,0.055,88076.0,4845.0,88076.0,4845.0,88076.0,4845.0,88076.0,14679.33,3900.33,2023-01-07,1,0,0.0,0.0,0.0,0.0,0.0,0,0.0,0.0,0,0.0,0.0,0.0,0.9696969696969697,0.9696969696969697,10,low_motion_slow_cuts_no_face_dark,,test|video|trend,966,936,1,1.36,1,1.85,0,1.85,2023-01-07,2023-01-08,2023-01-07,2023-01-09,2023-01-07,2023-01-10,0,0,0,331475,14679.33,0.010413703635584208,0.14727444217171368,0.011106421965175483,test,0
vid_0050,Test Video 50,2022-12-31 00:00:00+00:00,chan_0,Channel 0,17,2023-01-08 00:00:00+00:00,test|video|trend,451421,22571,0,2257,http://example.com/thumb.jpg,False,False,Test description,youtube,youtube_trending_kaggle,False,,,0,0,,,,,real,2023-01-08 00:00:00+00:00,1.0.0,24828,451421,22571,2257,0,192.0,0.055,119946.0,6598.0,119946.0,6598.0,119946.0,6598.0,119946.0,19991.0,5311.67,2023-01-08,1,0,0.0,0.0,0.0,0.0,0.0,0,0.0,0.0,0,0.0,0.0,0.0,1.0,1.0,10,low_motion_slow_cuts_no_face_dark,,test|video|trend,987,957,0,1.36,0,1.36,0,1.36,2023-01-08,2023-01-09,2023-01-08,2023-01-10,2023-01-08,2023-01-11,0,0,0,451421,19991.0,0.0013226086947136068,0.14727444217171368,0.0011496000764751985,test,0
vid_0050,Test Video 50,2022-12-31 00:00:00+00:00,chan_0,Channel 0,24,2023-01-09 00:00:00+00:00,test|video|trend,614772,30738,0,3073,http://example.com/thumb.jpg,False,False,Test description,youtube,youtube_trending_kaggle,False,,,0,0,,,,,real,2023-01-09 00:00:00+00:00,1.0.0,33811,614772,30738,3073,0,216.0,0.055,163351.0,8983.0,163351.0,8983.0,163351.0,8983.0,163351.0,27225.17,7234.17,2023-01-09,1,0,0.0,0.0,0.0,0.0,0.0,0,0.0,0.0,0,0.0,0.0,0.0,1.0,1.0,10,low_motion_slow_cuts_no_face_dark,,test|video|trend,988,958,0,1.0,0,1.0,0,1.0,2023-01-09,2023-01-10,2023-01-09,2023-01-11,2023-01-09,2023-01-12,0,0,0,614772,27225.17,0.006808080242211765,0.14727444217171368,0.006023642691354063,test,0
vid_0051,Test Video 51,2022-12-30 00:00:00+00:00,chan_1,Channel 1,22,2022-12-30 00:00:00+00:00,test|video|trend,22295,1114,0,111,http://example.com/thumb.jpg,False,False,Test description,youtube,youtube_trending_kaggle,False,,,0,0,,,,,real,2022-12-30 00:00:00+00:00,1.0.0,1225,22295,1114,111,0,0.0,0.0549,0.0,0.0,0.0,0.0,0.0,0.0,0.0,0.0,0.0,,1,0,0.0,0.0,0.0,0.0,0.0,0,0.0,0.0,0,0.0,0.0,0.0,0.21875,0.0625,10,low_motion_slow_cuts_no_face_dark,,test|video|trend,319,310,0,1.34,0,1.8,0,2.41,2022-12-30,2022-12-31,2022-12-30,2023-01-01,2022-12-30,2023-01-02,0,0,0,22295,0.0,0.03764025165179268,0.14727444217171368,0.027848097373436187,train,0
vid_0051,Test Video 51,2022-12-30 00:00:00+00:00,chan_1,Channel 1,26,2022-12-31 00:00:00+00:00,test|video|trend,29875,1493,0,149,http://example.com/thumb.jpg,False,False,Test description,youtube,youtube_trending_kaggle,False,,,0,0,,,,,real,2022-12-31 00:00:00+00:00,1.0.0,1642,29875,1493,149,0,24.0,0.055,7580.0,417.0,7580.0,417.0,7580.0,417.0,7580.0,1263.33,0.0,2022-12-31,1,0,0.0,0.0,0.0,0.0,0.0,0,0.0,0.0,0,0.0,0.0,0.0,0.3076923076923077,0.5192307692307693,10,low_motion_slow_cuts_no_face_dark,,test|video|trend,413,401,0,1.34,0,1.8,0,2.41,2022-12-31,2023-01-01,2022-12-31,2023-01-02,2022-12-31,2023-01-03,0,0,0,29875,1263.33,0.0449690159481808,0.14727444217171368,0.033104494956070714,train,0
vid_0051,Test Video 51,2022-12-30 00:00:00+00:00,chan_1,Channel 1,11,2023-01-01 00:00:00+00:00,test|video|trend,40034,2001,0,200,http://example.com/thumb.jpg,False,False,Test description,youtube,youtube_trending_kaggle,False,,,0,0,,,,,real,2023-01-01 00:00:00+00:00,1.0.0,2201,40034,2001,200,0,48.0,0.055,10159.0,559.0,10159.0,559.0,10159.0,559.0,10159.0,1693.17,429.84,2023-01-01,1,0,0.0,0.0,0.0,0.0,0.0,0,0.0,0.0,0,0.0,0.0,0.0,0.3548387096774194,0.5161290322580645,10,low_motion_slow_cuts_no_face_dark,,test|video|trend,555,539,0,1.34,0,1.8,0,2.41,2023-01-01,2023-01-02,2023-01-01,2023-01-03,2023-01-01,2023-01-04,0,0,0,40034,1693.17,0.006461832931081021,0.14727444217171368,0.007465990614396606,train,0
vid_0051,Test Video 51,2022-12-30 00:00:00+00:00,chan_1,Channel 1,14,2023-01-02 00:00:00+00:00,test|video|trend,53646,2682,0,268,http://example.com/thumb.jpg,False,False,Test description,youtube,youtube_trending_kaggle,False,,,0,0,,,,,real,2023-01-02 00:00:00+00:00,1.0.0,2950,53646,2682,268,0,72.0,0.055,13612.0,749.0,13612.0,749.0,13612.0,749.0,13612.0,2268.67,575.5,2023-01-02,1,0,0.0,0.0,0.0,0.0,0.0,0,0.0,0.0,0,0.0,0.0,0.0,0.5277777777777778,0.6111111111111112,10,low_motion_slow_cuts_no_face_dark,,test|video|trend,661,641,0,1.34,0,1.8,0,2.41,2023-01-02,2023-01-03,2023-01-02,2023-01-04,2023-01-02,2023-01-05,0,0,0,53646,2268.67,0.0005393079289302443,0.14727444217171368,0.0007400692244188558,train,0
vid_0051,Test Video 51,2022-12-30 00:00:00+00:00,chan_1,Channel 1,24,2023-01-03 00:00:00+00:00,test|video|trend,71887,3594,0,359,http://example.com/thumb.jpg,False,False,Test description,youtube,youtube_trending_kaggle,False,,,0,0,,,,,real,2023-01-03 00:00:00+00:00,1.0.0,3953,71887,3594,359,0,96.0,0.055,18241.0,1003.0,18241.0,1003.0,18241.0,1003.0,18241.0,3040.17,771.5,2023-01-03,1,0,0.0,0.0,0.0,0.0,0.0,0,0.0,0.0,0,0.0,0.0,0.0,0.6888888888888889,0.7777777777777778,10,low_motion_slow_cuts_no_face_dark,,test|video|trend,726,703,0,1.34,0,1.8,0,2.41,2023-01-03,2023-01-04,2023-01-03,2023-01-05,2023-01-03,2023-01-06,0,0,0,71887,3040.17,0.010101877875980303,0.14727444217171368,0.012601475482459542,test,0
vid_0051,Test Video 51,2022-12-30 00:00:00+00:00,chan_1,Channel 1,21,2023-01-04 00:00:00+00:00,test|video|trend,96330,4816,0,481,http://example.com/thumb.jpg,False,False,Test description,youtube,youtube_trending_kaggle,False,,,0,0,,,,,real,2023-01-04 00:00:00+00:00,1.0.0,5297,96330,4816,481,0,120.0,0.055,24443.0,1344.0,24443.0,1344.0,24443.0,1344.0,24443.0,4073.83,1033.66,2023-01-04,1,0,0.0,0.0,0.0,0.0,0.0,0,0.0,0.0,0,0.0,0.0,0.0,0.7631578947368421,0.7368421052631579,10,low_motion_slow_cuts_no_face_dark,,test|video|trend,775,752,0,1.34,0,1.8,0,2.41,2023-01-04,2023-01-05,2023-01-04,2023-01-06,2023-01-04,2023-01-07,0,0,0,96330,4073.83,0.0017600595708521286,0.14727444217171368,0.002162038793372231,test,0
vid_0051,Test Video 51,2022-12-30 00:00:00+00:00,chan_1,Channel 1,8,2023-01-05 00:00:00+00:00,test|video|trend,129085,6454,0,645,http://example.com/thumb.jpg,False,False,Test description,youtube,youtube_trending_kaggle,False,,,0,0,,,,,real,2023-01-05 00:00:00+00:00,1.0.0,7099,129085,6454,645,0,144.0,0.055,32755.0,1802.0,32755.0,1802.0,32755.0,1802.0,32755.0,5459.17,1385.34,2023-01-05,1,0,0.0,0.0,0.0,0.0,0.0,0,0.0,0.0,0,0.0,0.0,0.0,0.8372093023255814,0.8604651162790697,10,low_motion_slow_cuts_no_face_dark,,test|video|trend,886,859,0,1.34,0,1.8,0,2.41,2023-01-05,2023-01-06,2023-01-05,2023-01-07,2023-01-05,2023-01-08,0,0,0,129085,5459.17,0.25467939593274286,0.14727444217171368,0.254650190367886,test,0
vid_0051,Test Video 51,2022-12-30 00:00:00+00:00,chan_1,Channel 1,29,2023-01-06 00:00:00+00:00,test|video|trend,172976,8648,0,864,http://example.com/thumb.jpg,False,False,Test description,youtube,youtube_trending_kaggle,False,,,0,0,,,,,real,2023-01-06 00:00:00+00:00,1.0.0,9512,172976,8648,864,0,168.0,0.055,43891.0,2413.0,43891.0,2413.0,43891.0,2413.0,43891.0,7315.17,1856.0,2023-01-06,1,0,0.0,0.0,0.0,0.0,0.0,0,0.0,0.0,0,0.0,0.0,0.0,0.8387096774193549,0.8387096774193549,10,low_motion_slow_cuts_no_face_dark,,test|video|trend,919,890,0,1.34,0,1.8,0,1.8,2023-01-06,2023-01-07,2023-01-06,2023-01-08,2023-01-06,2023-01-09,0,0,0,172976,7315.17,0.008312634311634351,0.14727444217171368,0.009365759830523538,test,0
vid_0051,Test Video 51,2022-12-30 00:00:00+00:00,chan_1,Channel 1,1,2023-01-07 00:00:00+00:00,test|video|trend,231792,11589,0,1158,http://example.com/thumb.jpg,False,False,Test description,youtube,youtube_trending_kaggle,False,,,0,0,,,,,real,2023-01-07 00:00:00+00:00,1.0.0,12747,231792,11589,1158,0,192.0,0.055,58816.0,3235.0,58816.0,3235.0,58816.0,3235.0,58816.0,9802.67,2487.5,2023-01-07,1,0,0.0,0.0,0.0,0.0,0.0,0,0.0,0.0,0,0.0,0.0,0.0,0.9393939393939394,0.9393939393939394,10,low_motion_slow_cuts_no_face_dark,,test|video|trend,937,908,0,1.34,0,1.34,0,1.34,2023-01-07,2023-01-08,2023-01-07,2023-01-09,2023-01-07,2023-01-10,0,0,0,231792,9802.67,0.0005990380272732672,0.14727444217171368,0.0005498346336668068,test,0
vid_0051,Test Video 51,2022-12-30 00:00:00+00:00,chan_1,Channel 1,23,2023-01-08 00:00:00+00:00,test|video|trend,310606,15530,0,1553,http://example.com/thumb.jpg,False,False,Test description,youtube,youtube_trending_kaggle,False,,,0,0,,,,,real,2023-01-08 00:00:00+00:00,1.0.0,17083,310606,15530,1553,0,216.0,0.055,78814.0,4336.0,78814.0,4336.0,78814.0,4336.0,78814.0,13135.67,3333.0,2023-01-08,1,0,0.0,0.0,0.0,0.0,0.0,0,0.0,0.0,0,0.0,0.0,0.0,0.8666666666666667,0.8666666666666667,10,low_motion_slow_cuts_no_face_dark,,test|video|trend,984,954,0,1.0,0,1.0,0,1.0,2023-01-08,2023-01-09,2023-01-08,2023-01-10,2023-01-08,2023-01-11,0,0,0,310606,13135.67,0.001433388410994294,0.14727444217171368,0.0013746975022109963,test,0
vid_0052,Test Video 52,2022-12-24 00:00:00+00:00,chan_2,Channel 2,6,2022-12-24 00:00:00+00:00,test|video|trend,18473,923,0,92,http://example.com/thumb.jpg,False,False,Test description,youtube,youtube_trending_kaggle,False,,,0,0,,,,,real,2022-12-24 00:00:00+00:00,1.0.0,1015,18473,923,92,0,0.0,0.0549,0.0,0.0,0.0,0.0,0.0,0.0,0.0,0.0,0.0,,1,0,0.0,0.0,0.0,0.0,0.0,0,0.0,0.0,0,0.0,0.0,0.0,0.2894736842105263,0.05263157894736842,10,low_motion_slow_cuts_no_face_dark,,test|video|trend,32,31,0,1.22,0,1.49,0,1.82,2022-12-24,2022-12-25,2022-12-24,2022-12-26,2022-12-24,2022-12-27,0,0,0,18473,0.0,0.05995448171565228,0.14727444217171368,0.04445926137645889,train,0
vid_0052,Test Video 52,2022-12-24 00:00:00+00:00,chan_2,Channel 2,7,2022-12-25 00:00:00+00:00,test|video|trend,22551,1127,0,112,http://example.com/thumb.jpg,False,False,Test description,youtube,youtube_trending_kaggle,False,,,0,0,,,,,real,2022-12-25 00:00:00+00:00,1.0.0,1239,22551,1127,112,0,24.0,0.0549,4078.0,224.0,4078.0,224.0,4078.0,224.0,4078.0,679.67,0.0,2022-12-25,1,0,0.0,0.0,0.0,0.0,0.0,0,0.0,0.0,0,0.0,0.0,0.0,0.32432432432432434,0.4594594594594595,10,low_motion_slow_cuts_no_face_dark,,test|video|trend,41,40,0,1.22,0,1.49,0,1.82,2022-12-25,2022-12-26,2022-12-25,2022-12-27,2022-12-25,2022-12-28,0,0,0,22551,679.67,0.001202423415557278,0.14727444217171368,0.0006319765957689431,train,0
vid_0052,Test Video 52,2022-12-24 00:00:00+00:00,chan_2,Channel 2,14,2022-12-26 00:00:00+00:00,test|video|trend,27530,1376,0,137,http://example.com/thumb.jpg,False,False,Test description,youtube,youtube_trending_kaggle,False,,,0,0,,,,,real,2022-12-26 00:00:00+00:00,1.0.0,1513,27530,1376,137,0,48.0,0.055,4979.0,274.0,4979.0,274.0,4979.0,274.0,4979.0,829.83,150.16,2022-12-26,1,0,0.0,0.0,0.0,0.0,0.0,0,0.0,0.0,0,0.0,0.0,0.0,0.2777777777777778,0.3611111111111111,10,low_motion_slow_cuts_no_face_dark,,test|video|trend,64,62,0,1.22,0,1.49,0,1.82,2022-12-26,2022-12-27,2022-12-26,2022-12-28,2022-12-26,2022-12-29,0,0,0,27530,829.83,0.0002566245315149798,0.14727444217171368,0.00030795442594222066,train,0
vid_0052,Test Video 52,2022-12-24 00:00:00+00:00,chan_2,Channel 2,8,2022-12-27 00:00:00+00:00,test|video|trend,33609,1680,0,168,http://example.com/thumb.jpg,False,False,Test description,youtube,youtube_trending_kaggle,False,,,0,0,,,,,real,2022-12-27 00:00:00+00:00,1.0.0,1848,33609,1680,168,0,72.0,0.055,6079.0,335.0,6079.0,335.0,6079.0,335.0,6079.0,1013.17,183.34,2022-12-27,1,0,0.0,0.0,0.0,0.0,0.0,0,0.0,0.0,0,0.0,0.0,0.0,0.37209302325581395,0.5116279069767442,10,low_motion_slow_cuts_no_face_dark,,test|video|trend,129,126,0,1.22,0,1.49,0,1.82,2022-12-27,2022-12-28,2022-12-27,2022-12-29,2022-12-27,2022-12-30,0,0,0,33609,1013.17,3.6603784809644086e-05,0.14727444217171368,5.2199494612241714e-05,train,0
vid_0052,Test Video 52,2022-12-24 00:00:00+00:00,chan_2,Channel 2,10,2022-12-28 00:00:00+00:00,test|video|trend,41029,2051,0,205,http://example.com/thumb.jpg,False,False,Test description,youtube,youtube_trending_kaggle,False,,,0,0,,,,,real,2022-12-28 00:00:00+00:00,1.0.0,2256,41029,2051,205,0,96.0,0.055,7420.0,408.0,7420.0,408.0,7420.0,408.0,7420.0,1236.67,223.5,2022-12-28,1,0,0.0,0.0,0.0,0.0,0.0,0,0.0,0.0,0,0.0,0.0,0.0,0.42424242424242425,0.5454545454545454,10,low_motion_slow_cuts_no_face_dark,,test|video|trend,218,212,0,1.22,0,1.49,0,1.82,2022-12-28,2022-12-29,2022-12-28,2022-12-30,2022-12-28,2022-12-31,0,0,0,41029,1236.67,0.000123306708784528,0.14727444217171368,9.925780846176039e-05,train,0
vid_0052,Test Video 52,2022-12-24 00:00:00+00:00,chan_2,Channel 2,1,2022-12-29 00:00:00+00:00,test|video|trend,50088,2504,0,250,http://example.com/thumb.jpg,False,False,Test description,youtube,youtube_trending_kaggle,False,,,0,0,,,,,real,2022-12-29 00:00:00+00:00,1.0.0,2754,50088,2504,250,0,120.0,0.055,9059.0,498.0,9059.0,498.0,9059.0,498.0,9059.0,1509.83,273.16,2022-12-29,1,0,0.0,0.0,0.0,0.0,0.0,0,0.0,0.0,0,0.0,0.0,0.0,0.6363636363636364,0.6666666666666666,10,low_motion_slow_cuts_no_face_dark,,test|video|trend,270,264,0,1.22,0,1.49,0,1.82,2022-12-29,2022-12-30,2022-12-29,2022-12-31,2022-12-29,2023-01-01,0,0,0,50088,1509.83,0.0005057452436864762,0.14727444217171368,0.00041381668457375056,train,0
vid_0052,Test Video 52,2022-12-24 00:00:00+00:00,chan_2,Channel 2,21,2022-12-30 00:00:00+00:00,test|video|trend,61147,3057,0,305,http://example.com/thumb.jpg,False,False,Test description,youtube,youtube_trending_kaggle,False,,,0,0,,,,,real,2022-12-30 00:00:00+00:00,1.0.0,3362,61147,3057,305,0,144.0,0.055,11059.0,608.0,11059.0,608.0,11059.0,608.0,11059.0,1843.17,333.34,2022-12-30,1,0,0.0,0.0,0.0,0.0,0.0,0,0.0,0.0,0,0.0,0.0,0.0,0.42105263157894735,0.4473684210526316,10,low_motion_slow_cuts_no_face_dark,,test|video|trend,338,328,0,1.22,0,1.49,0,1.82,2022-12-30,2022-12-31,2022-12-30,2023-01-01,2022-12-30,2023-01-02,0,0,0,61147,1843.17,0.00012126838635912768,0.14727444217171368,8.803415318635908e-05,train,0
vid_0052,Test Video 52,2022-12-24 00:00:00+00:00,chan_2,Channel 2,28,2022-12-31 00:00:00+00:00,test|video|trend,74648,3732,0,373,http://example.com/thumb.jpg,False,False,Test description,youtube,youtube_trending_kaggle,False,,,0,0,,,,,real,2022-12-31 00:00:00+00:00,1.0.0,4105,74648,3732,373,0,168.0,0.055,13501.0,743.0,13501.0,743.0,13501.0,743.0,13501.0,2250.17,407.0,2022-12-31,1,0,0.0,0.0,0.0,0.0,0.0,0,0.0,0.0,0,0.0,0.0,0.0,0.6,0.6,10,low_motion_slow_cuts_no_face_dark,,test|video|trend,400,388,0,1.22,0,1.49,0,1.49,2022-12-31,2023-01-01,2022-12-31,2023-01-02,2022-12-31,2023-01-03,0,0,0,74648,2250.17,0.00040827026358095434,0.14727444217171368,0.0007165855539509165,train,0
vid_0052,Test Video 52,2022-12-24 00:00:00+00:00,chan_2,Channel 2,16,2023-01-01 00:00:00+00:00,test|video|trend,91130,4556,0,455,http://example.com/thumb.jpg,False,False,Test description,youtube,youtube_trending_kaggle,False,,,0,0,,,,,real,2023-01-01 00:00:00+00:00,1.0.0,5011,91130,4556,455,0,192.0,0.055,16482.0,906.0,16482.0,906.0,16482.0,906.0,16482.0,2747.0,496.83,2023-01-01,1,0,0.0,0.0,0.0,0.0,0.0,0,0.0,0.0,0,0.0,0.0,0.0,0.7083333333333334,0.7916666666666666,10,low_motion_slow_cuts_no_face_dark,,test|video|trend,596,578,0,1.22,0,1.22,0,1.22,2023-01-01,2023-01-02,2023-01-01,2023-01-03,2023-01-01,2023-01-04,0,0,0,91130,2747.0,0.00115856116728665,0.14727444217171368,0.0006168230084487954,train,0
vid_0052,Test Video 52,2022-12-24 00:00:00+00:00,chan_2,Channel 2,2,2023-01-02 00:00:00+00:00,test|video|trend,111250,5562,0,556,http://example.com/thumb.jpg,False,False,Test description,youtube,youtube_trending_kaggle,False,,,0,0,,,,,real,2023-01-02 00:00:00+00:00,1.0.0,6118,111250,5562,556,0,216.0,0.055,20120.0,1107.0,20120.0,1107.0,20120.0,1107.0,20120.0,3353.33,606.33,2023-01-02,1,0,0.0,0.0,0.0,0.0,0.0,0,0.0,0.0,0,0.0,0.0,0.0,0.7567567567567568,0.7027027027027027,10,low_motion_slow_cuts_no_face_dark,,test|video|trend,641,621,0,1.0,0,1.0,0,1.0,2023-01-02,2023-01-03,2023-01-02,2023-01-04,2023-01-02,2023-01-05,0,0,0,111250,3353.33,7.552737376872387e-05,0.14727444217171368,6.929511668349977e-05,train,0
vid_0053,Test Video 53,2022-12-24 00:00:00+00:00,chan_3,Channel 3,10,2022-12-24 00:00:00+00:00,test|video|trend,13501,675,0,67,http://example.com/thumb.jpg,False,False,Test description,youtube,youtube_trending_kaggle,False,,,0,0,,,,,real,2022-12-24 00:00:00+00:00,1.0.0,742,13501,675,67,0,0.0,0.055,0.0,0.0,0.0,0.0,0.0,0.0,0.0,0.0,0.0,,1,0,0.0,0.0,0.0,0.0,0.0,0,0.0,0.0,0,0.0,0.0,0.0,0.18181818181818182,0.045454545454545456,10,low_motion_slow_cuts_no_face_dark,,test|video|trend,29,28,1,1.48,1,2.2,1,3.26,2022-12-24,2022-12-25,2022-12-24,2022-12-26,2022-12-24,2022-12-27,0,0,1,13501,0.0,0.8522615640943487,0.14727444217171368,0.8838079235665817,train,1
vid_0053,Test Video 53,2022-12-24 00:00:00+00:00,chan_3,Channel 3,15,2022-12-25 00:00:00+00:00,test|video|trend,20026,1001,0,100,http://example.com/thumb.jpg,False,False,Test description,youtube,youtube_trending_kaggle,False,,,0,0,,,,,real,2022-12-25 00:00:00+00:00,1.0.0,1101,20026,1001,100,0,24.0,0.055,6525.0,359.0,6525.0,359.0,6525.0,359.0,6525.0,1087.5,0.0,2022-12-25,1,0,0.0,0.0,0.0,0.0,0.0,0,0.0,0.0,0,0.0,0.0,0.0,0.23076923076923078,0.5,10,low_motion_slow_cuts_no_face_dark,,test|video|trend,45,44,1,1.48,1,2.2,1,3.26,2022-12-25,2022-12-26,2022-12-25,2022-12-27,2022-12-25,2022-12-28,0,0,1,20026,1087.5,0.9882470626114266,0.14727444217171368,0.989221645850497,train,1
vid_0053,Test Video 53,2022-12-24 00:00:00+00:00,chan_3,Channel 3,25,2022-12-26 00:00:00+00:00,test|video|trend,29707,1485,0,148,http://example.com/thumb.jpg,False,False,Test description,youtube,youtube_trending_kaggle,False,,,0,0,,,,,real,2022-12-26 00:00:00+00:00,1.0.0,1633,29707,1485,148,0,48.0,0.055,9681.0,532.0,9681.0,532.0,9681.0,532.0,9681.0,1613.5,526.0,2022-12-26,1,0,0.0,0.0,0.0,0.0,0.0,0,0.0,0.0,0,0.0,0.0,0.0,0.43243243243243246,0.6486486486486487,10,low_motion_slow_cuts_no_face_dark,,test|video|trend,73,71,1,1.48,1,2.2,1,3.26,2022-12-26,2022-12-27,2022-12-26,2022-12-28,2022-12-26,2022-12-29,0,0,1,29707,1613.5,0.9646208351673325,0.14727444217171368,0.9683742936862382,train,1
vid_0053,Test Video 53,2022-12-24 00:00:00+00:00,chan_3,Channel 3,5,2022-12-27 00:00:00+00:00,test|video|trend,44066,2203,0,220,http://example.com/thumb.jpg,False,False,Test description,youtube,youtube_trending_kaggle,False,,,0,0,,,,,real,2022-12-27 00:00:00+00:00,1.0.0,2423,44066,2203,220,0,72.0,0.055,14359.0,790.0,14359.0,790.0,14359.0,790.0,14359.0,2393.17,779.67,2022-12-27,1,0,0.0,0.0,0.0,0.0,0.0,0,0.0,0.0,0,0.0,0.0,0.0,0.41935483870967744,0.5806451612903226,10,low_motion_slow_cuts_no_face_dark,,test|video|trend,136,133,1,1.48,1,2.2,1,3.26,2022-12-27,2022-12-28,2022-12-27,2022-12-29,2022-12-27,2022-12-30,0,0,1,44066,2393.17,0.9693186092219149,0.14727444217171368,0.970073298923007,train,1
vid_0053,Test Video 53,2022-12-24 00:00:00+00:00,chan_3,Channel 3,29,2022-12-28 00:00:00+00:00,test|video|trend,65366,3268,0,326,http://example.com/thumb.jpg,False,False,Test description,youtube,youtube_trending_kaggle,False,,,0,0,,,,,real,2022-12-28 00:00:00+00:00,1.0.0,3594,65366,3268,326,0,96.0,0.055,21300.0,1171.0,21300.0,1171.0,21300.0,1171.0,21300.0,3550.0,1156.83,2022-12-28,1,0,0.0,0.0,0.0,0.0,0.0,0,0.0,0.0,0,0.0,0.0,0.0,0.5483870967741935,0.6774193548387096,10,low_motion_slow_cuts_no_face_dark,,test|video|trend,212,206,1,1.48,1,2.2,1,3.26,2022-12-28,2022-12-29,2022-12-28,2022-12-30,2022-12-28,2022-12-31,0,0,1,65366,3550.0,0.9893968429191502,0.14727444217171368,0.9881341786757615,train,1
vid_0053,Test Video 53,2022-12-24 00:00:00+00:00,chan_3,Channel 3,3,2022-12-29 00:00:00+00:00,test|video|trend,96963,4848,0,484,http://example.com/thumb.jpg,False,False,Test description,youtube,youtube_trending_kaggle,False,,,0,0,,,,,real,2022-12-29 00:00:00+00:00,1.0.0,5332,96963,4848,484,0,120.0,0.055,31597.0,1738.0,31597.0,1738.0,31597.0,1738.0,31597.0,5266.17,1716.17,2022-12-29,1,0,0.0,0.0,0.0,0.0,0.0,0,0.0,0.0,0,0.0,0.0,0.0,0.6410256410256411,0.717948717948718,10,low_motion_slow_cuts_no_face_dark,,test|video|trend,278,272,1,1.48,1,2.2,1,3.26,2022-12-29,2022-12-30,2022-12-29,2022-12-31,2022-12-29,2023-01-01,0,0,1,96963,5266.17,0.9134688357920009,0.14727444217171368,0.9211756901114746,train,1
vid_0053,Test Video 53,2022-12-24 00:00:00+00:00,chan_3,Channel 3,4,2022-12-30 00:00:00+00:00,test|video|trend,143831,7191,0,719,http://example.com/thumb.jpg,False,False,Test description,youtube,youtube_trending_kaggle,False,,,0,0,,,,,real,2022-12-30 00:00:00+00:00,1.0.0,7910,143831,7191,719,0,144.0,0.055,46868.0,2578.0,46868.0,2578.0,46868.0,2578.0,46868.0,7811.33,2545.16,2022-12-30,1,0,0.0,0.0,0.0,0.0,0.0,0,0.0,0.0,0,0.0,0.0,0.0,0.8157894736842105,0.8947368421052632,10,low_motion_slow_cuts_no_face_dark,,test|video|trend,381,369,1,1.48,1,2.2,1,3.26,2022-12-30,2022-12-31,2022-12-30,2023-01-01,2022-12-30,2023-01-02,0,0,1,143831,7811.33,0.9541198682009465,0.14727444217171368,0.9602958051069262,train,1
vid_0053,Test Video 53,2022-12-24 00:00:00+00:00,chan_3,Channel 3,13,2022-12-31 00:00:00+00:00,test|video|trend,213354,10667,0,1066,http://example.com/thumb.jpg,False,False,Test description,youtube,youtube_trending_kaggle,False,,,0,0,,,,,real,2022-12-31 00:00:00+00:00,1.0.0,11733,213354,10667,1066,0,168.0,0.055,69523.0,3823.0,69523.0,3823.0,69523.0,3823.0,69523.0,11587.17,3775.84,2022-12-31,1,0,0.0,0.0,0.0,0.0,0.0,0,0.0,0.0,0,0.0,0.0,0.0,0.75,0.84375,10,low_motion_slow_cuts_no_face_dark,,test|video|trend,415,403,1,1.48,1,2.2,1,2.2,2022-12-31,2023-01-01,2022-12-31,2023-01-02,2022-12-31,2023-01-03,0,0,0,213354,11587.17,0.8527716315045066,0.14727444217171368,0.8299966968262005,train,1
vid_0053,Test Video 53,2022-12-24 00:00:00+00:00,chan_3,Channel 3,24,2023-01-01 00:00:00+00:00,test|video|trend,316483,15824,0,1582,http://example.com/thumb.jpg,False,False,Test description,youtube,youtube_trending_kaggle,False,,,0,0,,,,,real,2023-01-01 00:00:00+00:00,1.0.0,17406,316483,15824,1582,0,192.0,0.055,103129.0,5673.0,103129.0,5673.0,103129.0,5673.0,103129.0,17188.17,5601.0,2023-01-01,1,0,0.0,0.0,0.0,0.0,0.0,0,0.0,0.0,0,0.0,0.0,0.0,0.9555555555555556,0.9555555555555556,10,low_motion_slow_cuts_no_face_dark,,test|video|trend,585,568,1,1.48,0,1.48,0,1.48,2023-01-01,2023-01-02,2023-01-01,2023-01-03,2023-01-01,2023-01-04,0,0,0,316483,17188.17,0.00469406379580025,0.14727444217171368,0.004640833570837095,train,0
vid_0053,Test Video 53,2022-12-24 00:00:00+00:00,chan_3,Channel 3,11,2023-01-02 00:00:00+00:00,test|video|trend,469460,23473,0,2347,http://example.com/thumb.jpg,False,False,Test description,youtube,youtube_trending_kaggle,False,,,0,0,,,,,real,2023-01-02 00:00:00+00:00,1.0.0,25820,469460,23473,2347,0,216.0,0.055,152977.0,8414.0,152977.0,8414.0,152977.0,8414.0,152977.0,25496.17,8308.0,2023-01-02,1,0,0.0,0.0,0.0,0.0,0.0,0,0.0,0.0,0,0.0,0.0,0.0,1.0,1.0,10,low_motion_slow_cuts_no_face_dark,,test|video|trend,639,619,0,1.0,0,1.0,0,1.0,2023-01-02,2023-01-03,2023-01-02,2023-01-04,2023-01-02,2023-01-05,0,0,0,469460,25496.17,0.006808080242211765,0.14727444217171368,0.006023642691354063,train,0
vid_0054,Test Video 54,2022-12-27 00:00:00+00:00,chan_4,Channel 4,13,2022-12-27 00:00:00+00:00,test|video|trend,3285,164,0,16,http://example.com/thumb.jpg,False,False,Test description,youtube,youtube_trending_kaggle,False,,,0,0,,,,,real,2022-12-27 00:00:00+00:00,1.0.0,180,3285,164,16,0,0.0,0.0548,0.0,0.0,0.0,0.0,0.0,0.0,0.0,0.0,0.0,,1,0,0.0,0.0,0.0,0.0,0.0,0,0.0,0.0,0,0.0,0.0,0.0,0.03125,0.078125,10,low_motion_slow_cuts_no_face_dark,,test|video|trend,108,105,0,1.17,0,1.37,0,1.61,2022-12-27,2022-12-28,2022-12-27,2022-12-29,2022-12-27,2022-12-30,0,0,0,3285,0.0,0.0036101268986357357,0.14727444217171368,0.005516652951044925,train,0
vid_0054,Test Video 54,2022-12-27 00:00:00+00:00,chan_4,Channel 4,13,2022-12-28 00:00:00+00:00,test|video|trend,3851,192,0,19,http://example.com/thumb.jpg,False,False,Test description,youtube,youtube_trending_kaggle,False,,,0,0,,,,,real,2022-12-28 00:00:00+00:00,1.0.0,211,3851,192,19,0,24.0,0.0548,566.0,31.0,566.0,31.0,566.0,31.0,566.0,94.33,0.0,2022-12-28,1,0,0.0,0.0,0.0,0.0,0.0,0,0.0,0.0,0,0.0,0.0,0.0,0.0625,0.1875,10,low_motion_slow_cuts_no_face_dark,,test|video|trend,202,196,0,1.17,0,1.37,0,1.61,2022-12-28,2022-12-29,2022-12-28,2022-12-30,2022-12-28,2022-12-31,0,0,0,3851,94.33,0.0180865561396489,0.14727444217171368,0.013763230284209331,train,0
vid_0054,Test Video 54,2022-12-27 00:00:00+00:00,chan_4,Channel 4,16,2022-12-29 00:00:00+00:00,test|video|trend,4515,225,0,22,http://example.com/thumb.jpg,False,False,Test description,youtube,youtube_trending_kaggle,False,,,0,0,,,,,real,2022-12-29 00:00:00+00:00,1.0.0,247,4515,225,22,0,48.0,0.0547,664.0,36.0,664.0,36.0,664.0,36.0,664.0,110.67,16.34,2022-12-29,1,0,0.0,0.0,0.0,0.0,0.0,0,0.0,0.0,0,0.0,0.0,0.0,0.125,0.25,10,low_motion_slow_cuts_no_face_dark,,test|video|trend,281,275,0,1.17,0,1.37,0,1.61,2022-12-29,2022-12-30,2022-12-29,2022-12-31,2022-12-29,2023-01-01,0,0,0,4515,110.67,0.12562084049975983,0.14727444217171368,0.13066691082735016,train,0
vid_0054,Test Video 54,2022-12-27 00:00:00+00:00,chan_4,Channel 4,27,2022-12-30 00:00:00+00:00,test|video|trend,5293,264,0,26,http://example.com/thumb.jpg,False,False,Test description,youtube,youtube_trending_kaggle,False,,,0,0,,,,,real,2022-12-30 00:00:00+00:00,1.0.0,290,5293,264,26,0,72.0,0.0548,778.0,43.0,778.0,43.0,778.0,43.0,778.0,129.67,19.0,2022-12-30,1,0,0.0,0.0,0.0,0.0,0.0,0,0.0,0.0,0,0.0,0.0,0.0,0.18181818181818182,0.24242424242424243,10,low_motion_slow_cuts_no_face_dark,,test|video|trend,334,324,0,1.17,0,1.37,0,1.61,2022-12-30,2022-12-31,2022-12-30,2023-01-01,2022-12-30,2023-01-02,0,0,0,5293,129.67,0.02493544322146905,0.14727444217171368,0.020064052700829466,train,0
vid_0054,Test Video 54,2022-12-27 00:00:00+00:00,chan_4,Channel 4,20,2022-12-31 00:00:00+00:00,test|video|trend,6206,310,0,31,http://example.com/thumb.jpg,False,False,Test description,youtube,youtube_trending_kaggle,False,,,0,0,,,,,real,2022-12-31 00:00:00+00:00,1.0.0,341,6206,310,31,0,96.0,0.0549,913.0,51.0,913.0,51.0,913.0,51.0,913.0,152.17,22.5,2022-12-31,1,0,0.0,0.0,0.0,0.0,0.0,0,0.0,0.0,0,0.0,0.0,0.0,0.06451612903225806,0.22580645161290322,10,low_motion_slow_cuts_no_face_dark,,test|video|trend,439,427,0,1.17,0,1.37,0,1.61,2022-12-31,2023-01-01,2022-12-31,2023-01-02,2022-12-31,2023-01-03,0,0,0,6206,152.17,0.007091211416872162,0.14727444217171368,0.009422430627612282,train,0
vid_0054,Test Video 54,2022-12-27 00:00:00+00:00,chan_4,Channel 4,25,2023-01-01 00:00:00+00:00,test|video|trend,7276,363,0,36,http://example.com/thumb.jpg,False,False,Test description,youtube,youtube_trending_kaggle,False,,,0,0,,,,,real,2023-01-01 00:00:00+00:00,1.0.0,399,7276,363,36,0,120.0,0.0548,1070.0,58.0,1070.0,58.0,1070.0,58.0,1070.0,178.33,26.16,2023-01-01,1,0,0.0,0.0,0.0,0.0,0.0,0,0.0,0.0,0,0.0,0.0,0.0,0.05405405405405406,0.21621621621621623,10,low_motion_slow_cuts_no_face_dark,,test|video|trend,590,573,0,1.17,0,1.37,0,1.61,2023-01-01,2023-01-02,2023-01-01,2023-01-03,2023-01-01,2023-01-04,0,0,0,7276,178.33,0.004703077005082454,0.14727444217171368,0.008221714059851734,train,0
vid_0054,Test Video 54,2022-12-27 00:00:00+00:00,chan_4,Channel 4,3,2023-01-02 00:00:00+00:00,test|video|trend,8530,426,0,42,http://example.com/thumb.jpg,False,False,Test description,youtube,youtube_trending_kaggle,False,,,0,0,,,,,real,2023-01-02 00:00:00+00:00,1.0.0,468,8530,426,42,0,144.0,0.0549,1254.0,69.0,1254.0,69.0,1254.0,69.0,1254.0,209.0,30.67,2023-01-02,1,0,0.0,0.0,0.0,0.0,0.0,0,0.0,0.0,0,0.0,0.0,0.0,0.10256410256410256,0.20512820512820512,10,low_motion_slow_cuts_no_face_dark,,test|video|trend,636,616,0,1.17,0,1.37,0,1.61,2023-01-02,2023-01-03,2023-01-02,2023-01-04,2023-01-02,2023-01-05,0,0,0,8530,209.0,0.0032358024550773424,0.14727444217171368,0.008323684857271014,train,0
vid_0054,Test Video 54,2022-12-27 00:00:00+00:00,chan_4,Channel 4,6,2023-01-03 00:00:00+00:00,test|video|trend,10001,500,0,50,http://example.com/thumb.jpg,False,False,Test description,youtube,youtube_trending_kaggle,False,,,0,0,,,,,real,2023-01-03 00:00:00+00:00,1.0.0,550,10001,500,50,0,168.0,0.055,1471.0,82.0,1471.0,82.0,1471.0,82.0,1471.0,245.17,36.17,2023-01-03,1,0,0.0,0.0,0.0,0.0,0.0,0,0.0,0.0,0,0.0,0.0,0.0,0.15789473684210525,0.21052631578947367,10,low_motion_slow_cuts_no_face_dark,,test|video|trend,745,722,0,1.17,0,1.37,0,1.37,2023-01-03,2023-01-04,2023-01-03,2023-01-05,2023-01-03,2023-01-06,0,0,0,10001,245.17,0.00017772690432515844,0.14727444217171368,0.0002991978414591132,test,0
vid_0054,Test Video 54,2022-12-27 00:00:00+00:00,chan_4,Channel 4,9,2023-01-04 00:00:00+00:00,test|video|trend,11725,586,0,58,http://example.com/thumb.jpg,False,False,Test description,youtube,youtube_trending_kaggle,False,,,0,0,,,,,real,2023-01-04 00:00:00+00:00,1.0.0,644,11725,586,58,0,192.0,0.0549,1724.0,94.0,1724.0,94.0,1724.0,94.0,1724.0,287.33,42.16,2023-01-04,1,0,0.0,0.0,0.0,0.0,0.0,0,0.0,0.0,0,0.0,0.0,0.0,0.18181818181818182,0.3333333333333333,10,low_motion_slow_cuts_no_face_dark,,test|video|trend,772,749,0,1.17,0,1.17,0,1.17,2023-01-04,2023-01-05,2023-01-04,2023-01-06,2023-01-04,2023-01-07,0,0,0,11725,287.33,4.270875897119175e-05,0.14727444217171368,5.159366833330583e-05,test,0
vid_0054,Test Video 54,2022-12-27 00:00:00+00:00,chan_4,Channel 4,12,2023-01-05 00:00:00+00:00,test|video|trend,13746,687,0,68,http://example.com/thumb.jpg,False,False,Test description,youtube,youtube_trending_kaggle,False,,,0,0,,,,,real,2023-01-05 00:00:00+00:00,1.0.0,755,13746,687,68,0,216.0,0.0549,2021.0,111.0,2021.0,111.0,2021.0,111.0,2021.0,336.83,49.5,2023-01-05,1,0,0.0,0.0,0.0,0.0,0.0,0,0.0,0.0,0,0.0,0.0,0.0,0.16666666666666666,0.36666666666666664,10,low_motion_slow_cuts_no_face_dark,,test|video|trend,870,844,0,1.0,0,1.0,0,1.0,2023-01-05,2023-01-06,2023-01-05,2023-01-07,2023-01-05,2023-01-08,0,0,0,13746,336.83,0.0001310225674444023,0.14727444217171368,0.00013930391319350133,test,0
vid_0055,Test Video 55,2022-12-28 00:00:00+00:00,chan_5,Channel 5,3,2022-12-28 00:00:00+00:00,test|video|trend,2823,141,0,14,http://example.com/thumb.jpg,False,False,Test description,youtube,youtube_trending_kaggle,False,,,0,0,,,,,real,2022-12-28 00:00:00+00:00,1.0.0,155,2823,141,14,0,0.0,0.0549,0.0,0.0,0.0,0.0,0.0,0.0,0.0,0.0,0.0,,1,0,0.0,0.0,0.0,0.0,0.0,0,0.0,0.0,0,0.0,0.0,0.0,0.05128205128205128,0.0641025641025641,10,low_motion_slow_cuts_no_face_dark,,test|video|trend,216,210,0,1.47,0,2.16,0,3.16,2022-12-28,2022-12-29,2022-12-28,2022-12-30,2022-12-28,2022-12-31,0,0,1,2823,0.0,0.06582472810595241,0.14727444217171368,0.0755387699575529,train,0
vid_0055,Test Video 55,2022-12-28 00:00:00+00:00,chan_5,Channel 5,26,2022-12-29 00:00:00+00:00,test|video|trend,4144,207,0,20,http://example.com/thumb.jpg,False,False,Test description,youtube,youtube_trending_kaggle,False,,,0,0,,,,,real,2022-12-29 00:00:00+00:00,1.0.0,227,4144,207,20,0,24.0,0.0548,1321.0,72.0,1321.0,72.0,1321.0,72.0,1321.0,220.17,0.0,2022-12-29,1,0,0.0,0.0,0.0,0.0,0.0,0,0.0,0.0,0,0.0,0.0,0.0,0.038461538461538464,0.23076923076923078,10,low_motion_slow_cuts_no_face_dark,,test|video|trend,284,278,1,1.47,0,2.16,0,3.17,2022-12-29,2022-12-30,2022-12-29,2022-12-31,2022-12-29,2023-01-01,0,0,1,4144,220.17,0.06055023698669377,0.14727444217171368,0.05540629830270431,train,0
vid_0055,Test Video 55,2022-12-28 00:00:00+00:00,chan_5,Channel 5,1,2022-12-30 00:00:00+00:00,test|video|trend,6085,304,0,30,http://example.com/thumb.jpg,False,False,Test description,youtube,youtube_trending_kaggle,False,,,0,0,,,,,real,2022-12-30 00:00:00+00:00,1.0.0,334,6085,304,30,0,48.0,0.0549,1941.0,107.0,1941.0,107.0,1941.0,107.0,1941.0,323.5,103.33,2022-12-30,1,0,0.0,0.0,0.0,0.0,0.0,0,0.0,0.0,0,0.0,0.0,0.0,0.09090909090909091,0.3939393939393939,10,low_motion_slow_cuts_no_face_dark,,test|video|trend,337,327,1,1.47,1,2.16,1,3.17,2022-12-30,2022-12-31,2022-12-30,2023-01-01,2022-12-30,2023-01-02,0,0,1,6085,323.5,0.897689458185086,0.14727444217171368,0.917320746158364,train,1
vid_0055,Test Video 55,2022-12-28 00:00:00+00:00,chan_5,Channel 5,29,2022-12-31 00:00:00+00:00,test|video|trend,8934,446,0,44,http://example.com/thumb.jpg,False,False,Test description,youtube,youtube_trending_kaggle,False,,,0,0,,,,,real,2022-12-31 00:00:00+00:00,1.0.0,490,8934,446,44,0,72.0,0.0548,2849.0,156.0,2849.0,156.0,2849.0,156.0,2849.0,474.83,151.33,2022-12-31,1,0,0.0,0.0,0.0,0.0,0.0,0,0.0,0.0,0,0.0,0.0,0.0,0.12903225806451613,0.22580645161290322,10,low_motion_slow_cuts_no_face_dark,,test|video|trend,441,429,1,1.47,1,2.16,1,3.17,2022-12-31,2023-01-01,2022-12-31,2023-01-02,2022-12-31,2023-01-03,0,0,1,8934,474.83,0.7309305306982677,0.14727444217171368,0.7852596430663895,train,1
vid_0055,Test Video 55,2022-12-28 00:00:00+00:00,chan_5,Channel 5,6,2023-01-01 00:00:00+00:00,test|video|trend,13118,655,0,65,http://example.com/thumb.jpg,False,False,Test description,youtube,youtube_trending_kaggle,False,,,0,0,,,,,real,2023-01-01 00:00:00+00:00,1.0.0,720,13118,655,65,0,96.0,0.0549,4184.0,230.0,4184.0,230.0,4184.0,230.0,4184.0,697.33,222.5,2023-01-01,1,0,0.0,0.0,0.0,0.0,0.0,0,0.0,0.0,0,0.0,0.0,0.0,0.2631578947368421,0.4473684210526316,10,low_motion_slow_cuts_no_face_dark,,test|video|trend,593,576,0,1.47,0,2.16,0,3.17,2023-01-01,2023-01-02,2023-01-01,2023-01-03,2023-01-01,2023-01-04,0,0,1,13118,697.33,0.007619291393008885,0.14727444217171368,0.009502283254636843,train,0
vid_0055,Test Video 55,2022-12-28 00:00:00+00:00,chan_5,Channel 5,17,2023-01-02 00:00:00+00:00,test|video|trend,19260,963,0,96,http://example.com/thumb.jpg,False,False,Test description,youtube,youtube_trending_kaggle,False,,,0,0,,,,,real,2023-01-02 00:00:00+00:00,1.0.0,1059,19260,963,96,0,120.0,0.055,6142.0,339.0,6142.0,339.0,6142.0,339.0,6142.0,1023.67,326.34,2023-01-02,1,0,0.0,0.0,0.0,0.0,0.0,0,0.0,0.0,0,0.0,0.0,0.0,0.22857142857142856,0.45714285714285713,10,low_motion_slow_cuts_no_face_dark,,test|video|trend,634,614,1,1.47,1,2.16,1,3.17,2023-01-02,2023-01-03,2023-01-02,2023-01-04,2023-01-02,2023-01-05,0,0,1,19260,1023.67,0.9631852192258601,0.14727444217171368,0.9575383622674164,train,1
vid_0055,Test Video 55,2022-12-28 00:00:00+00:00,chan_5,Channel 5,25,2023-01-03 00:00:00+00:00,test|video|trend,28279,1413,0,141,http://example.com/thumb.jpg,False,False,Test description,youtube,youtube_trending_kaggle,False,,,0,0,,,,,real,2023-01-03 00:00:00+00:00,1.0.0,1554,28279,1413,141,0,144.0,0.055,9019.0,495.0,9019.0,495.0,9019.0,495.0,9019.0,1503.17,479.5,2023-01-03,1,0,0.0,0.0,0.0,0.0,0.0,0,0.0,0.0,0,0.0,0.0,0.0,0.40540540540540543,0.6216216216216216,10,low_motion_slow_cuts_no_face_dark,,test|video|trend,766,743,1,1.47,1,2.16,1,3.17,2023-01-03,2023-01-04,2023-01-03,2023-01-05,2023-01-03,2023-01-06,0,0,1,28279,1503.17,0.03214680404117781,0.14727444217171368,0.04029801011116875,test,1
vid_0055,Test Video 55,2022-12-28 00:00:00+00:00,chan_5,Channel 5,23,2023-01-04 00:00:00+00:00,test|video|trend,41520,2076,0,207,http://example.com/thumb.jpg,False,False,Test description,youtube,youtube_trending_kaggle,False,,,0,0,,,,,real,2023-01-04 00:00:00+00:00,1.0.0,2283,41520,2076,207,0,168.0,0.055,13241.0,729.0,13241.0,729.0,13241.0,729.0,13241.0,2206.83,703.66,2023-01-04,1,0,0.0,0.0,0.0,0.0,0.0,0,0.0,0.0,0,0.0,0.0,0.0,0.43333333333333335,0.5666666666666667,10,low_motion_slow_cuts_no_face_dark,,test|video|trend,774,751,1,1.47,1,2.16,0,2.16,2023-01-04,2023-01-05,2023-01-04,2023-01-06,2023-01-04,2023-01-07,0,0,0,41520,2206.83,0.003368685722640375,0.14727444217171368,0.0023411544260294286,test,0
vid_0055,Test Video 55,2022-12-28 00:00:00+00:00,chan_5,Channel 5,10,2023-01-05 00:00:00+00:00,test|video|trend,60961,3048,0,304,http://example.com/thumb.jpg,False,False,Test description,youtube,youtube_trending_kaggle,False,,,0,0,,,,,real,2023-01-05 00:00:00+00:00,1.0.0,3352,60961,3048,304,0,192.0,0.055,19441.0,1069.0,19441.0,1069.0,19441.0,1069.0,19441.0,3240.17,1033.34,2023-01-05,1,0,0.0,0.0,0.0,0.0,0.0,0,0.0,0.0,0,0.0,0.0,0.0,0.5151515151515151,0.7272727272727273,10,low_motion_slow_cuts_no_face_dark,,test|video|trend,873,846,0,1.47,0,1.47,0,1.47,2023-01-05,2023-01-06,2023-01-05,2023-01-07,2023-01-05,2023-01-08,0,0,0,60961,3240.17,0.011466489347273304,0.14727444217171368,0.012000557528883907,test,0
vid_0055,Test Video 55,2022-12-28 00:00:00+00:00,chan_5,Channel 5,24,2023-01-06 00:00:00+00:00,test|video|trend,89505,4475,0,447,http://example.com/thumb.jpg,False,False,Test description,youtube,youtube_trending_kaggle,False,,,0,0,,,,,real,2023-01-06 00:00:00+00:00,1.0.0,4922,89505,4475,447,0,216.0,0.055,28544.0,1570.0,28544.0,1570.0,28544.0,1570.0,28544.0,4757.33,1517.16,2023-01-06,1,0,0.0,0.0,0.0,0.0,0.0,0,0.0,0.0,0,0.0,0.0,0.0,0.8,0.8222222222222222,10,low_motion_slow_cuts_no_face_dark,,test|video|trend,924,895,0,1.0,0,1.0,0,1.0,2023-01-06,2023-01-07,2023-01-06,2023-01-08,2023-01-06,2023-01-09,0,0,0,89505,4757.33,0.0006357118656589978,0.14727444217171368,0.0004359633850537868,test,0
vid_0056,Test Video 56,2022-12-29 00:00:00+00:00,chan_6,Channel 6,1,2022-12-29 00:00:00+00:00,test|video|trend,24893,1244,0,124,http://example.com/thumb.jpg,False,False,Test description,youtube,youtube_trending_kaggle,False,,,0,0,,,,,real,2022-12-29 00:00:00+00:00,1.0.0,1368,24893,1244,124,0,0.0,0.055,0.0,0.0,0.0,0.0,0.0,0.0,0.0,0.0,0.0,,1,0,0.0,0.0,0.0,0.0,0.0,0,0.0,0.0,0,0.0,0.0,0.0,0.3333333333333333,0.07575757575757576,10,low_motion_slow_cuts_no_face_dark,,test|video|trend,254,248,0,1.27,0,1.62,0,2.05,2022-12-29,2022-12-30,2022-12-29,2022-12-31,2022-12-29,2023-01-01,0,0,0,24893,0.0,0.03933693345444691,0.14727444217171368,0.046031446866271614,train,0
vid_0056,Test Video 56,2022-12-29 00:00:00+00:00,chan_6,Channel 6,20,2022-12-30 00:00:00+00:00,test|video|trend,31636,1581,0,158,http://example.com/thumb.jpg,False,False,Test description,youtube,youtube_trending_kaggle,False,,,0,0,,,,,real,2022-12-30 00:00:00+00:00,1.0.0,1739,31636,1581,158,0,24.0,0.055,6743.0,371.0,6743.0,371.0,6743.0,371.0,6743.0,1123.83,0.0,2022-12-30,1,0,0.0,0.0,0.0,0.0,0.0,0,0.0,0.0,0,0.0,0.0,0.0,0.3548387096774194,0.5483870967741935,10,low_motion_slow_cuts_no_face_dark,,test|video|trend,342,332,0,1.27,0,1.62,0,2.05,2022-12-30,2022-12-31,2022-12-30,2023-01-01,2022-12-30,2023-01-02,0,0,0,31636,1123.83,0.02472944995327621,0.14727444217171368,0.01581930317880422,train,0
vid_0056,Test Video 56,2022-12-29 00:00:00+00:00,chan_6,Channel 6,12,2022-12-31 00:00:00+00:00,test|video|trend,40206,2010,0,201,http://example.com/thumb.jpg,False,False,Test description,youtube,youtube_trending_kaggle,False,,,0,0,,,,,real,2022-12-31 00:00:00+00:00,1.0.0,2211,40206,2010,201,0,48.0,0.055,8570.0,472.0,8570.0,472.0,8570.0,472.0,8570.0,1428.33,304.5,2022-12-31,1,0,0.0,0.0,0.0,0.0,0.0,0,0.0,0.0,0,0.0,0.0,0.0,0.5,0.6,10,low_motion_slow_cuts_no_face_dark,,test|video|trend,444,432,0,1.27,0,1.62,0,2.05,2022-12-31,2023-01-01,2022-12-31,2023-01-02,2022-12-31,2023-01-03,0,0,0,40206,1428.33,0.0071016648814518045,0.14727444217171368,0.011629808991157932,train,0
vid_0056,Test Video 56,2022-12-29 00:00:00+00:00,chan_6,Channel 6,14,2023-01-01 00:00:00+00:00,test|video|trend,51097,2554,0,255,http://example.com/thumb.jpg,False,False,Test description,youtube,youtube_trending_kaggle,False,,,0,0,,,,,real,2023-01-01 00:00:00+00:00,1.0.0,2809,51097,2554,255,0,72.0,0.055,10891.0,598.0,10891.0,598.0,10891.0,598.0,10891.0,1815.17,386.84,2023-01-01,1,0,0.0,0.0,0.0,0.0,0.0,0,0.0,0.0,0,0.0,0.0,0.0,0.5,0.5833333333333334,10,low_motion_slow_cuts_no_face_dark,,test|video|trend,512,497,0,1.27,0,1.62,0,2.05,2023-01-01,2023-01-02,2023-01-01,2023-01-03,2023-01-01,2023-01-04,0,0,0,51097,1815.17,0.0012209783449228415,0.14727444217171368,0.0012624244998924283,train,0
vid_0056,Test Video 56,2022-12-29 00:00:00+00:00,chan_6,Channel 6,10,2023-01-02 00:00:00+00:00,test|video|trend,64939,3246,0,324,http://example.com/thumb.jpg,False,False,Test description,youtube,youtube_trending_kaggle,False,,,0,0,,,,,real,2023-01-02 00:00:00+00:00,1.0.0,3570,64939,3246,324,0,96.0,0.055,13842.0,761.0,13842.0,761.0,13842.0,761.0,13842.0,2307.0,491.83,2023-01-02,1,0,0.0,0.0,0.0,0.0,0.0,0,0.0,0.0,0,0.0,0.0,0.0,0.6363636363636364,0.6060606060606061,10,low_motion_slow_cuts_no_face_dark,,test|video|trend,631,611,0,1.27,0,1.62,0,2.05,2023-01-02,2023-01-03,2023-01-02,2023-01-04,2023-01-02,2023-01-05,0,0,0,64939,2307.0,9.511498531568149e-05,0.14727444217171368,9.620445409567819e-05,train,0
vid_0056,Test Video 56,2022-12-29 00:00:00+00:00,chan_6,Channel 6,26,2023-01-03 00:00:00+00:00,test|video|trend,82530,4126,0,412,http://example.com/thumb.jpg,False,False,Test description,youtube,youtube_trending_kaggle,False,,,0,0,,,,,real,2023-01-03 00:00:00+00:00,1.0.0,4538,82530,4126,412,0,120.0,0.055,17591.0,968.0,17591.0,968.0,17591.0,968.0,17591.0,2931.83,624.83,2023-01-03,1,0,0.0,0.0,0.0,0.0,0.0,0,0.0,0.0,0,0.0,0.0,0.0,0.6923076923076923,0.7115384615384616,10,low_motion_slow_cuts_no_face_dark,,test|video|trend,746,723,0,1.27,0,1.62,0,2.05,2023-01-03,2023-01-04,2023-01-03,2023-01-05,2023-01-03,2023-01-06,0,0,0,82530,2931.83,7.10048719391702e-05,0.14727444217171368,0.00016049174732595223,test,0
vid_0056,Test Video 56,2022-12-29 00:00:00+00:00,chan_6,Channel 6,16,2023-01-04 00:00:00+00:00,test|video|trend,104887,5244,0,524,http://example.com/thumb.jpg,False,False,Test description,youtube,youtube_trending_kaggle,False,,,0,0,,,,,real,2023-01-04 00:00:00+00:00,1.0.0,5768,104887,5244,524,0,144.0,0.055,22357.0,1230.0,22357.0,1230.0,22357.0,1230.0,22357.0,3726.17,794.34,2023-01-04,1,0,0.0,0.0,0.0,0.0,0.0,0,0.0,0.0,0,0.0,0.0,0.0,0.7916666666666666,0.8333333333333334,10,low_motion_slow_cuts_no_face_dark,,test|video|trend,770,747,0,1.27,0,1.62,0,2.05,2023-01-04,2023-01-05,2023-01-04,2023-01-06,2023-01-04,2023-01-07,0,0,0,104887,3726.17,0.001554692833911884,0.14727444217171368,0.0011895490490700946,test,0
vid_0056,Test Video 56,2022-12-29 00:00:00+00:00,chan_6,Channel 6,9,2023-01-05 00:00:00+00:00,test|video|trend,133300,6665,0,666,http://example.com/thumb.jpg,False,False,Test description,youtube,youtube_trending_kaggle,False,,,0,0,,,,,real,2023-01-05 00:00:00+00:00,1.0.0,7331,133300,6665,666,0,168.0,0.055,28413.0,1563.0,28413.0,1563.0,28413.0,1563.0,28413.0,4735.5,1009.33,2023-01-05,1,0,0.0,0.0,0.0,0.0,0.0,0,0.0,0.0,0,0.0,0.0,0.0,0.8484848484848485,0.9090909090909091,10,low_motion_slow_cuts_no_face_dark,,test|video|trend,875,848,0,1.27,0,1.62,0,1.62,2023-01-05,2023-01-06,2023-01-05,2023-01-07,2023-01-05,2023-01-08,0,0,0,133300,4735.5,0.002936394802728617,0.14727444217171368,0.0029646246376966996,test,0
vid_0056,Test Video 56,2022-12-29 00:00:00+00:00,chan_6,Channel 6,24,2023-01-06 00:00:00+00:00,test|video|trend,169409,8470,0,847,http://example.com/thumb.jpg,False,False,Test description,youtube,youtube_trending_kaggle,False,,,0,0,,,,,real,2023-01-06 00:00:00+00:00,1.0.0,9317,169409,8470,847,0,192.0,0.055,36109.0,1986.0,36109.0,1986.0,36109.0,1986.0,36109.0,6018.17,1282.67,2023-01-06,1,0,0.0,0.0,0.0,0.0,0.0,0,0.0,0.0,0,0.0,0.0,0.0,0.9111111111111111,0.8888888888888888,10,low_motion_slow_cuts_no_face_dark,,test|video|trend,934,905,0,1.27,0,1.27,0,1.27,2023-01-06,2023-01-07,2023-01-06,2023-01-08,2023-01-06,2023-01-09,0,0,0,169409,6018.17,0.0015844931002999265,0.14727444217171368,0.0013663712660814654,test,0
vid_0056,Test Video 56,2022-12-29 00:00:00+00:00,chan_6,Channel 6,26,2023-01-07 00:00:00+00:00,test|video|trend,215300,10765,0,1076,http://example.com/thumb.jpg,False,False,Test description,youtube,youtube_trending_kaggle,False,,,0,0,,,,,real,2023-01-07 00:00:00+00:00,1.0.0,11841,215300,10765,1076,0,216.0,0.055,45891.0,2524.0,45891.0,2524.0,45891.0,2524.0,45891.0,7648.5,1630.33,2023-01-07,1,0,0.0,0.0,0.0,0.0,0.0,0,0.0,0.0,0,0.0,0.0,0.0,0.8269230769230769,0.8076923076923077,10,low_motion_slow_cuts_no_face_dark,,test|video|trend,951,922,0,1.0,0,1.0,0,1.0,2023-01-07,2023-01-08,2023-01-07,2023-01-09,2023-01-07,2023-01-10,0,0,0,215300,7648.5,0.005163196830953705,0.14727444217171368,0.003353209784403263,test,0
vid_0057,Test Video 57,2022-12-25 00:00:00+00:00,chan_7,Channel 7,8,2022-12-25 00:00:00+00:00,test|video|trend,44217,2210,0,221,http://example.com/thumb.jpg,False,False,Test description,youtube,youtube_trending_kaggle,False,,,0,0,,,,,real,2022-12-25 00:00:00+00:00,1.0.0,2431,44217,2210,221,0,0.0,0.055,0.0,0.0,0.0,0.0,0.0,0.0,0.0,0.0,0.0,,1,0,0.0,0.0,0.0,0.0,0.0,0,0.0,0.0,0,0.0,0.0,0.0,0.4418604651162791,0.05813953488372093,10,low_motion_slow_cuts_no_face_dark,,test|video|trend,40,39,0,1.26,0,1.59,0,2.0,2022-12-25,2022-12-26,2022-12-25,2022-12-27,2022-12-25,2022-12-28,0,0,0,44217,0.0,0.023332141053655067,0.14727444217171368,0.01818300803570265,train,0
vid_0057,Test Video 57,2022-12-25 00:00:00+00:00,chan_7,Channel 7,27,2022-12-26 00:00:00+00:00,test|video|trend,55673,2783,0,278,http://example.com/thumb.jpg,False,False,Test description,youtube,youtube_trending_kaggle,False,,,0,0,,,,,real,2022-12-26 00:00:00+00:00,1.0.0,3061,55673,2783,278,0,24.0,0.055,11456.0,630.0,11456.0,630.0,11456.0,630.0,11456.0,1909.33,0.0,2022-12-26,1,0,0.0,0.0,0.0,0.0,0.0,0,0.0,0.0,0,0.0,0.0,0.0,0.6060606060606061,0.5757575757575758,10,low_motion_slow_cuts_no_face_dark,,test|video|trend,79,77,0,1.26,0,1.59,0,2.0,2022-12-26,2022-12-27,2022-12-26,2022-12-28,2022-12-26,2022-12-29,0,0,0,55673,1909.33,0.00010782095948737155,0.14727444217171368,0.00013555610791197572,train,0
vid_0057,Test Video 57,2022-12-25 00:00:00+00:00,chan_7,Channel 7,14,2022-12-27 00:00:00+00:00,test|video|trend,70097,3504,0,350,http://example.com/thumb.jpg,False,False,Test description,youtube,youtube_trending_kaggle,False,,,0,0,,,,,real,2022-12-27 00:00:00+00:00,1.0.0,3854,70097,3504,350,0,48.0,0.055,14424.0,793.0,14424.0,793.0,14424.0,793.0,14424.0,2404.0,494.67,2022-12-27,1,0,0.0,0.0,0.0,0.0,0.0,0,0.0,0.0,0,0.0,0.0,0.0,0.6111111111111112,0.6388888888888888,10,low_motion_slow_cuts_no_face_dark,,test|video|trend,110,107,0,1.26,0,1.59,0,2.0,2022-12-27,2022-12-28,2022-12-27,2022-12-29,2022-12-27,2022-12-30,0,0,0,70097,2404.0,0.0005107811887540133,0.14727444217171368,0.0003697098759960261,train,0
vid_0057,Test Video 57,2022-12-25 00:00:00+00:00,chan_7,Channel 7,21,2022-12-28 00:00:00+00:00,test|video|trend,88258,4412,0,441,http://example.com/thumb.jpg,False,False,Test description,youtube,youtube_trending_kaggle,False,,,0,0,,,,,real,2022-12-28 00:00:00+00:00,1.0.0,4853,88258,4412,441,0,72.0,0.055,18161.0,999.0,18161.0,999.0,18161.0,999.0,18161.0,3026.83,622.83,2022-12-28,1,0,0.0,0.0,0.0,0.0,0.0,0,0.0,0.0,0,0.0,0.0,0.0,0.6842105263157895,0.6578947368421053,10,low_motion_slow_cuts_no_face_dark,,test|video|trend,217,211,0,1.26,0,1.59,0,2.0,2022-12-28,2022-12-29,2022-12-28,2022-12-30,2022-12-28,2022-12-31,0,0,0,88258,3026.83,0.00012975056114896167,0.14727444217171368,0.0002165519874970837,train,0
vid_0057,Test Video 57,2022-12-25 00:00:00+00:00,chan_7,Channel 7,2,2022-12-29 00:00:00+00:00,test|video|trend,111125,5556,0,555,http://example.com/thumb.jpg,False,False,Test description,youtube,youtube_trending_kaggle,False,,,0,0,,,,,real,2022-12-29 00:00:00+00:00,1.0.0,6111,111125,5556,555,0,96.0,0.055,22867.0,1258.0,22867.0,1258.0,22867.0,1258.0,22867.0,3811.17,784.34,2022-12-29,1,0,0.0,0.0,0.0,0.0,0.0,0,0.0,0.0,0,0.0,0.0,0.0,0.7297297297297297,0.7567567567567568,10,low_motion_slow_cuts_no_face_dark,,test|video|trend,236,230,0,1.26,0,1.59,0,2.0,2022-12-29,2022-12-30,2022-12-29,2022-12-31,2022-12-29,2023-01-01,0,0,0,111125,3811.17,6.344644697356995e-05,0.14727444217171368,8.364131424366484e-05,train,0
vid_0057,Test Video 57,2022-12-25 00:00:00+00:00,chan_7,Channel 7,18,2022-12-30 00:00:00+00:00,test|video|trend,139917,6995,0,699,http://example.com/thumb.jpg,False,False,Test description,youtube,youtube_trending_kaggle,False,,,0,0,,,,,real,2022-12-30 00:00:00+00:00,1.0.0,7694,139917,6995,699,0,120.0,0.055,28792.0,1583.0,28792.0,1583.0,28792.0,1583.0,28792.0,4798.67,987.5,2022-12-30,1,0,0.0,0.0,0.0,0.0,0.0,0,0.0,0.0,0,0.0,0.0,0.0,0.6206896551724138,0.6206896551724138,10,low_motion_slow_cuts_no_face_dark,,test|video|trend,343,333,0,1.26,0,1.59,0,2.0,2022-12-30,2022-12-31,2022-12-30,2023-01-01,2022-12-30,2023-01-02,0,0,0,139917,4798.67,0.002162371264414173,0.14727444217171368,0.0028734446637261484,train,0
vid_0057,Test Video 57,2022-12-25 00:00:00+00:00,chan_7,Channel 7,6,2022-12-31 00:00:00+00:00,test|video|trend,176168,8808,0,880,http://example.com/thumb.jpg,False,False,Test description,youtube,youtube_trending_kaggle,False,,,0,0,,,,,real,2022-12-31 00:00:00+00:00,1.0.0,9688,176168,8808,880,0,144.0,0.055,36251.0,1994.0,36251.0,1994.0,36251.0,1994.0,36251.0,6041.83,1243.16,2022-12-31,1,0,0.0,0.0,0.0,0.0,0.0,0,0.0,0.0,0,0.0,0.0,0.0,0.8421052631578947,0.8421052631578947,10,low_motion_slow_cuts_no_face_dark,,test|video|trend,446,434,0,1.26,0,1.59,0,2.0,2022-12-31,2023-01-01,2022-12-31,2023-01-02,2022-12-31,2023-01-03,0,0,0,176168,6041.83,0.005600076593093048,0.14727444217171368,0.003759293139961801,train,0
vid_0057,Test Video 57,2022-12-25 00:00:00+00:00,chan_7,Channel 7,12,2023-01-01 00:00:00+00:00,test|video|trend,221811,11090,0,1109,http://example.com/thumb.jpg,False,False,Test description,youtube,youtube_trending_kaggle,False,,,0,0,,,,,real,2023-01-01 00:00:00+00:00,1.0.0,12199,221811,11090,1109,0,168.0,0.055,45643.0,2511.0,45643.0,2511.0,45643.0,2511.0,45643.0,7607.17,1565.34,2023-01-01,1,0,0.0,0.0,0.0,0.0,0.0,0,0.0,0.0,0,0.0,0.0,0.0,0.9333333333333333,0.9333333333333333,10,low_motion_slow_cuts_no_face_dark,,test|video|trend,515,500,0,1.26,0,1.59,0,1.59,2023-01-01,2023-01-02,2023-01-01,2023-01-03,2023-01-01,2023-01-04,0,0,0,221811,7607.17,0.0025286048859447514,0.14727444217171368,0.002008247913014978,train,0
vid_0057,Test Video 57,2022-12-25 00:00:00+00:00,chan_7,Channel 7,21,2023-01-02 00:00:00+00:00,test|video|trend,279280,13964,0,1396,http://example.com/thumb.jpg,False,False,Test description,youtube,youtube_trending_kaggle,False,,,0,0,,,,,real,2023-01-02 00:00:00+00:00,1.0.0,15360,279280,13964,1396,0,192.0,0.055,57469.0,3161.0,57469.0,3161.0,57469.0,3161.0,57469.0,9578.17,1971.0,2023-01-02,1,0,0.0,0.0,0.0,0.0,0.0,0,0.0,0.0,0,0.0,0.0,0.0,0.9736842105263158,0.9473684210526315,10,low_motion_slow_cuts_no_face_dark,,test|video|trend,686,665,0,1.26,0,1.26,0,1.26,2023-01-02,2023-01-03,2023-01-02,2023-01-04,2023-01-02,2023-01-05,0,0,0,279280,9578.17,0.00017807169646494138,0.14727444217171368,0.00016640812517290893,train,0
vid_0057,Test Video 57,2022-12-25 00:00:00+00:00,chan_7,Channel 7,29,2023-01-03 00:00:00+00:00,test|video|trend,351638,17581,0,1758,http://example.com/thumb.jpg,False,False,Test description,youtube,youtube_trending_kaggle,False,,,0,0,,,,,real,2023-01-03 00:00:00+00:00,1.0.0,19339,351638,17581,1758,0,216.0,0.055,72358.0,3979.0,72358.0,3979.0,72358.0,3979.0,72358.0,12059.67,2481.5,2023-01-03,1,0,0.0,0.0,0.0,0.0,0.0,0,0.0,0.0,0,0.0,0.0,0.0,0.967741935483871,0.9032258064516129,10,low_motion_slow_cuts_no_face_dark,,test|video|trend,718,695,0,1.0,0,1.0,0,1.0,2023-01-03,2023-01-04,2023-01-03,2023-01-05,2023-01-03,2023-01-06,0,0,0,351638,12059.67,0.00012958714030414636,0.14727444217171368,0.0001224727252339568,test,0
vid_0058,Test Video 58,2022-12-25 00:00:00+00:00,chan_8,Channel 8,20,2022-12-25 00:00:00+00:00,test|video|trend,44471,2223,0,222,http://example.com/thumb.jpg,False,False,Test description,youtube,youtube_trending_kaggle,False,,,0,0,,,,,real,2022-12-25 00:00:00+00:00,1.0.0,2445,44471,2223,222,0,0.0,0.055,0.0,0.0,0.0,0.0,0.0,0.0,0.0,0.0,0.0,,1,0,0.0,0.0,0.0,0.0,0.0,0,0.0,0.0,0,0.0,0.0,0.0,0.4838709677419355,0.06451612903225806,10,low_motion_slow_cuts_no_face_dark,,test|video|trend,39,38,0,1.41,0,1.97,0,2.77,2022-12-25,2022-12-26,2022-12-25,2022-12-27,2022-12-25,2022-12-28,0,0,0,44471,0.0,0.05885952793125202,0.14727444217171368,0.044361414468646186,train,0
vid_0058,Test Video 58,2022-12-25 00:00:00+00:00,chan_8,Channel 8,10,2022-12-26 00:00:00+00:00,test|video|trend,62488,3124,0,312,http://example.com/thumb.jpg,False,False,Test description,youtube,youtube_trending_kaggle,False,,,0,0,,,,,real,2022-12-26 00:00:00+00:00,1.0.0,3436,62488,3124,312,0,24.0,0.055,18017.0,991.0,18017.0,991.0,18017.0,991.0,18017.0,3002.83,0.0,2022-12-26,1,0,0.0,0.0,0.0,0.0,0.0,0,0.0,0.0,0,0.0,0.0,0.0,0.6060606060606061,0.6666666666666666,10,low_motion_slow_cuts_no_face_dark,,test|video|trend,81,79,0,1.41,0,1.97,0,2.77,2022-12-26,2022-12-27,2022-12-26,2022-12-28,2022-12-26,2022-12-29,0,0,0,62488,3002.83,0.01630189575537331,0.14727444217171368,0.02053034341356954,train,0
vid_0058,Test Video 58,2022-12-25 00:00:00+00:00,chan_8,Channel 8,8,2022-12-27 00:00:00+00:00,test|video|trend,87806,4390,0,439,http://example.com/thumb.jpg,False,False,Test description,youtube,youtube_trending_kaggle,False,,,0,0,,,,,real,2022-12-27 00:00:00+00:00,1.0.0,4829,87806,4390,439,0,48.0,0.055,25318.0,1393.0,25318.0,1393.0,25318.0,1393.0,25318.0,4219.67,1216.84,2022-12-27,1,0,0.0,0.0,0.0,0.0,0.0,0,0.0,0.0,0,0.0,0.0,0.0,0.7441860465116279,0.7906976744186046,10,low_motion_slow_cuts_no_face_dark,,test|video|trend,113,110,0,1.41,1,1.97,1,2.77,2022-12-27,2022-12-28,2022-12-27,2022-12-29,2022-12-27,2022-12-30,0,0,0,87806,4219.67,0.8868835007525712,0.14727444217171368,0.8676662925816588,train,1
vid_0058,Test Video 58,2022-12-25 00:00:00+00:00,chan_8,Channel 8,12,2022-12-28 00:00:00+00:00,test|video|trend,123381,6169,0,616,http://example.com/thumb.jpg,False,False,Test description,youtube,youtube_trending_kaggle,False,,,0,0,,,,,real,2022-12-28 00:00:00+00:00,1.0.0,6785,123381,6169,616,0,72.0,0.055,35575.0,1956.0,35575.0,1956.0,35575.0,1956.0,35575.0,5929.17,1709.5,2022-12-28,1,0,0.0,0.0,0.0,0.0,0.0,0,0.0,0.0,0,0.0,0.0,0.0,0.8666666666666667,0.8666666666666667,10,low_motion_slow_cuts_no_face_dark,,test|video|trend,206,200,1,1.41,1,1.97,1,2.77,2022-12-28,2022-12-29,2022-12-28,2022-12-30,2022-12-28,2022-12-31,0,0,0,123381,5929.17,0.8148648360934209,0.14727444217171368,0.806457305368541,train,1
vid_0058,Test Video 58,2022-12-25 00:00:00+00:00,chan_8,Channel 8,22,2022-12-29 00:00:00+00:00,test|video|trend,173369,8668,0,866,http://example.com/thumb.jpg,False,False,Test description,youtube,youtube_trending_kaggle,False,,,0,0,,,,,real,2022-12-29 00:00:00+00:00,1.0.0,9534,173369,8668,866,0,96.0,0.055,49988.0,2749.0,49988.0,2749.0,49988.0,2749.0,49988.0,8331.33,2402.16,2022-12-29,1,0,0.0,0.0,0.0,0.0,0.0,0,0.0,0.0,0,0.0,0.0,0.0,0.84375,0.875,10,low_motion_slow_cuts_no_face_dark,,test|video|trend,245,239,0,1.41,1,1.97,1,2.77,2022-12-29,2022-12-30,2022-12-29,2022-12-31,2022-12-29,2023-01-01,0,0,0,173369,8331.33,0.8675902039903328,0.14727444217171368,0.8428475249788114,train,1
vid_0058,Test Video 58,2022-12-25 00:00:00+00:00,chan_8,Channel 8,28,2022-12-30 00:00:00+00:00,test|video|trend,243611,12180,0,1218,http://example.com/thumb.jpg,False,False,Test description,youtube,youtube_trending_kaggle,False,,,0,0,,,,,real,2022-12-30 00:00:00+00:00,1.0.0,13398,243611,12180,1218,0,120.0,0.055,70242.0,3864.0,70242.0,3864.0,70242.0,3864.0,70242.0,11707.0,3375.67,2022-12-30,1,0,0.0,0.0,0.0,0.0,0.0,0,0.0,0.0,0,0.0,0.0,0.0,0.8666666666666667,0.9,10,low_motion_slow_cuts_no_face_dark,,test|video|trend,349,339,0,1.41,0,1.97,1,2.77,2022-12-30,2022-12-31,2022-12-30,2023-01-01,2022-12-30,2023-01-02,0,0,0,243611,11707.0,0.8297022619391874,0.14727444217171368,0.821739137328549,train,1
vid_0058,Test Video 58,2022-12-25 00:00:00+00:00,chan_8,Channel 8,26,2022-12-31 00:00:00+00:00,test|video|trend,342312,17115,0,1711,http://example.com/thumb.jpg,False,False,Test description,youtube,youtube_trending_kaggle,False,,,0,0,,,,,real,2022-12-31 00:00:00+00:00,1.0.0,18826,342312,17115,1711,0,144.0,0.055,98701.0,5428.0,98701.0,5428.0,98701.0,5428.0,98701.0,16450.17,4743.17,2022-12-31,1,0,0.0,0.0,0.0,0.0,0.0,0,0.0,0.0,0,0.0,0.0,0.0,0.9230769230769231,0.9038461538461539,10,low_motion_slow_cuts_no_face_dark,,test|video|trend,449,437,0,1.41,0,1.97,0,2.77,2022-12-31,2023-01-01,2022-12-31,2023-01-02,2022-12-31,2023-01-03,0,0,0,342312,16450.17,0.20507954604440576,0.14727444217171368,0.19816355366518817,train,0
vid_0058,Test Video 58,2022-12-25 00:00:00+00:00,chan_8,Channel 8,5,2023-01-01 00:00:00+00:00,test|video|trend,481001,24050,0,2405,http://example.com/thumb.jpg,False,False,Test description,youtube,youtube_trending_kaggle,False,,,0,0,,,,,real,2023-01-01 00:00:00+00:00,1.0.0,26455,481001,24050,2405,0,168.0,0.055,138689.0,7629.0,138689.0,7629.0,138689.0,7629.0,138689.0,23114.83,6664.66,2023-01-01,1,0,0.0,0.0,0.0,0.0,0.0,0,0.0,0.0,0,0.0,0.0,0.0,0.967741935483871,0.9354838709677419,10,low_motion_slow_cuts_no_face_dark,,test|video|trend,546,530,0,1.41,0,1.97,0,1.97,2023-01-01,2023-01-02,2023-01-01,2023-01-03,2023-01-01,2023-01-04,0,0,0,481001,23114.83,0.01390524152602571,0.14727444217171368,0.014905545097503602,train,0
vid_0058,Test Video 58,2022-12-25 00:00:00+00:00,chan_8,Channel 8,20,2023-01-02 00:00:00+00:00,test|video|trend,675881,33794,0,3379,http://example.com/thumb.jpg,False,False,Test description,youtube,youtube_trending_kaggle,False,,,0,0,,,,,real,2023-01-02 00:00:00+00:00,1.0.0,37173,675881,33794,3379,0,192.0,0.055,194880.0,10718.0,194880.0,10718.0,194880.0,10718.0,194880.0,32480.0,9365.17,2023-01-02,1,0,0.0,0.0,0.0,0.0,0.0,0,0.0,0.0,0,0.0,0.0,0.0,1.0,1.0,10,low_motion_slow_cuts_no_face_dark,,test|video|trend,674,654,0,1.41,0,1.41,0,1.41,2023-01-02,2023-01-03,2023-01-02,2023-01-04,2023-01-02,2023-01-05,0,0,0,675881,32480.0,0.006808080242211765,0.14727444217171368,0.006023642691354063,train,0
vid_0058,Test Video 58,2022-12-25 00:00:00+00:00,chan_8,Channel 8,9,2023-01-03 00:00:00+00:00,test|video|trend,949718,47485,0,4748,http://example.com/thumb.jpg,False,False,Test description,youtube,youtube_trending_kaggle,False,,,0,0,,,,,real,2023-01-03 00:00:00+00:00,1.0.0,52233,949718,47485,4748,0,216.0,0.055,273837.0,15060.0,273837.0,15060.0,273837.0,15060.0,273837.0,45639.5,13159.5,2023-01-03,1,0,0.0,0.0,0.0,0.0,0.0,0,0.0,0.0,0,0.0,0.0,0.0,1.0,1.0,10,low_motion_slow_cuts_no_face_dark,,test|video|trend,758,735,0,1.0,0,1.0,0,1.0,2023-01-03,2023-01-04,2023-01-03,2023-01-05,2023-01-03,2023-01-06,0,0,0,949718,45639.5,0.006808080242211765,0.14727444217171368,0.006023642691354063,test,0
vid_0059,Test Video 59,2022-12-27 00:00:00+00:00,chan_9,Channel 9,14,2022-12-27 00:00:00+00:00,test|video|trend,47747,2387,0,238,http://example.com/thumb.jpg,False,False,Test description,youtube,youtube_trending_kaggle,False,,,0,0,,,,,real,2022-12-27 00:00:00+00:00,1.0.0,2625,47747,2387,238,0,0.0,0.055,0.0,0.0,0.0,0.0,0.0,0.0,0.0,0.0,0.0,,1,0,0.0,0.0,0.0,0.0,0.0,0,0.0,0.0,0,0.0,0.0,0.0,0.4166666666666667,0.041666666666666664,10,low_motion_slow_cuts_no_face_dark,,test|video|trend,116,113,0,1.05,0,1.11,0,1.17,2022-12-27,2022-12-28,2022-12-27,2022-12-29,2022-12-27,2022-12-30,0,0,0,47747,0.0,0.010285287679297993,0.14727444217171368,0.012500402524678303,train,0
vid_0059,Test Video 59,2022-12-27 00:00:00+00:00,chan_9,Channel 9,12,2022-12-28 00:00:00+00:00,test|video|trend,50296,2514,0,251,http://example.com/thumb.jpg,False,False,Test description,youtube,youtube_trending_kaggle,False,,,0,0,,,,,real,2022-12-28 00:00:00+00:00,1.0.0,2765,50296,2514,251,0,24.0,0.055,2549.0,140.0,2549.0,140.0,2549.0,140.0,2549.0,424.83,0.0,2022-12-28,1,0,0.0,0.0,0.0,0.0,0.0,0,0.0,0.0,0,0.0,0.0,0.0,0.6,0.4,10,low_motion_slow_cuts_no_face_dark,,test|video|trend,219,213,0,1.05,0,1.11,0,1.17,2022-12-28,2022-12-29,2022-12-28,2022-12-30,2022-12-28,2022-12-31,0,0,0,50296,424.83,7.833221031180316e-05,0.14727444217171368,8.432128215769224e-05,train,0
vid_0059,Test Video 59,2022-12-27 00:00:00+00:00,chan_9,Channel 9,19,2022-12-29 00:00:00+00:00,test|video|trend,52982,2649,0,264,http://example.com/thumb.jpg,False,False,Test description,youtube,youtube_trending_kaggle,False,,,0,0,,,,,real,2022-12-29 00:00:00+00:00,1.0.0,2913,52982,2649,264,0,48.0,0.055,2686.0,148.0,2686.0,148.0,2686.0,148.0,2686.0,447.67,22.84,2022-12-29,1,0,0.0,0.0,0.0,0.0,0.0,0,0.0,0.0,0,0.0,0.0,0.0,0.5277777777777778,0.2777777777777778,10,low_motion_slow_cuts_no_face_dark,,test|video|trend,250,244,0,1.05,0,1.11,0,1.17,2022-12-29,2022-12-30,2022-12-29,2022-12-31,2022-12-29,2023-01-01,0,0,0,52982,447.67,0.00011222728584632292,0.14727444217171368,0.00011898784001328056,train,0
vid_0059,Test Video 59,2022-12-27 00:00:00+00:00,chan_9,Channel 9,26,2022-12-30 00:00:00+00:00,test|video|trend,55812,2790,0,279,http://example.com/thumb.jpg,False,False,Test description,youtube,youtube_trending_kaggle,False,,,0,0,,,,,real,2022-12-30 00:00:00+00:00,1.0.0,3069,55812,2790,279,0,72.0,0.055,2830.0,156.0,2830.0,156.0,2830.0,156.0,2830.0,471.67,24.0,2022-12-30,1,0,0.0,0.0,0.0,0.0,0.0,0,0.0,0.0,0,0.0,0.0,0.0,0.5576923076923077,0.34615384615384615,10,low_motion_slow_cuts_no_face_dark,,test|video|trend,341,331,0,1.05,0,1.11,0,1.17,2022-12-30,2022-12-31,2022-12-30,2023-01-01,2022-12-30,2023-01-02,0,0,0,55812,471.67,5.875076757396877e-05,0.14727444217171368,8.508445036372675e-05,train,0
vid_0059,Test Video 59,2022-12-27 00:00:00+00:00,chan_9,Channel 9,4,2022-12-31 00:00:00+00:00,test|video|trend,58792,2939,0,293,http://example.com/thumb.jpg,False,False,Test description,youtube,youtube_trending_kaggle,False,,,0,0,,,,,real,2022-12-31 00:00:00+00:00,1.0.0,3232,58792,2939,293,0,96.0,0.055,2980.0,163.0,2980.0,163.0,2980.0,163.0,2980.0,496.67,25.0,2022-12-31,1,0,0.0,0.0,0.0,0.0,0.0,0,0.0,0.0,0,0.0,0.0,0.0,0.5263157894736842,0.3157894736842105,10,low_motion_slow_cuts_no_face_dark,,test|video|trend,451,439,0,1.05,0,1.11,0,1.17,2022-12-31,2023-01-01,2022-12-31,2023-01-02,2022-12-31,2023-01-03,0,0,0,58792,496.67,8.346902225526573e-05,0.14727444217171368,5.404717779383344e-05,train,0
vid_0059,Test Video 59,2022-12-27 00:00:00+00:00,chan_9,Channel 9,10,2023-01-01 00:00:00+00:00,test|video|trend,61932,3096,0,309,http://example.com/thumb.jpg,False,False,Test description,youtube,youtube_trending_kaggle,False,,,0,0,,,,,real,2023-01-01 00:00:00+00:00,1.0.0,3405,61932,3096,309,0,120.0,0.055,3140.0,173.0,3140.0,173.0,3140.0,173.0,3140.0,523.33,26.66,2023-01-01,1,0,0.0,0.0,0.0,0.0,0.0,0,0.0,0.0,0,0.0,0.0,0.0,0.5757575757575758,0.3333333333333333,10,low_motion_slow_cuts_no_face_dark,,test|video|trend,543,528,0,1.05,0,1.11,0,1.17,2023-01-01,2023-01-02,2023-01-01,2023-01-03,2023-01-01,2023-01-04,0,0,0,61932,523.33,6.587016274627809e-05,0.14727444217171368,4.299160889715094e-05,train,0
vid_0059,Test Video 59,2022-12-27 00:00:00+00:00,chan_9,Channel 9,11,2023-01-02 00:00:00+00:00,test|video|trend,65239,3261,0,326,http://example.com/thumb.jpg,False,False,Test description,youtube,youtube_trending_kaggle,False,,,0,0,,,,,real,2023-01-02 00:00:00+00:00,1.0.0,3587,65239,3261,326,0,144.0,0.055,3307.0,182.0,3307.0,182.0,3307.0,182.0,3307.0,551.17,27.84,2023-01-02,1,0,0.0,0.0,0.0,0.0,0.0,0,0.0,0.0,0,0.0,0.0,0.0,0.6129032258064516,0.2903225806451613,10,low_motion_slow_cuts_no_face_dark,,test|video|trend,672,652,0,1.05,0,1.11,0,1.17,2023-01-02,2023-01-03,2023-01-02,2023-01-04,2023-01-02,2023-01-05,0,0,0,65239,551.17,1.846270889452732e-05,0.14727444217171368,2.0675903756536216e-05,train,0
vid_0059,Test Video 59,2022-12-27 00:00:00+00:00,chan_9,Channel 9,6,2023-01-03 00:00:00+00:00,test|video|trend,68723,3436,0,343,http://example.com/thumb.jpg,False,False,Test description,youtube,youtube_trending_kaggle,False,,,0,0,,,,,real,2023-01-03 00:00:00+00:00,1.0.0,3779,68723,3436,343,0,168.0,0.055,3484.0,192.0,3484.0,192.0,3484.0,192.0,3484.0,580.67,29.5,2023-01-03,1,0,0.0,0.0,0.0,0.0,0.0,0,0.0,0.0,0,0.0,0.0,0.0,0.7105263157894737,0.42105263157894735,10,low_motion_slow_cuts_no_face_dark,,test|video|trend,765,742,0,1.05,0,1.11,0,1.11,2023-01-03,2023-01-04,2023-01-03,2023-01-05,2023-01-03,2023-01-06,0,0,0,68723,580.67,0.0003553367911358132,0.14727444217171368,0.00020430633846772018,test,0
vid_0059,Test Video 59,2022-12-27 00:00:00+00:00,chan_9,Channel 9,28,2023-01-04 00:00:00+00:00,test|video|trend,72393,3619,0,361,http://example.com/thumb.jpg,False,False,Test description,youtube,youtube_trending_kaggle,False,,,0,0,,,,,real,2023-01-04 00:00:00+00:00,1.0.0,3980,72393,3619,361,0,192.0,0.055,3670.0,201.0,3670.0,201.0,3670.0,201.0,3670.0,611.67,31.0,2023-01-04,1,0,0.0,0.0,0.0,0.0,0.0,0,0.0,0.0,0,0.0,0.0,0.0,0.5666666666666667,0.3,10,low_motion_slow_cuts_no_face_dark,,test|video|trend,820,795,0,1.05,0,1.05,0,1.05,2023-01-04,2023-01-05,2023-01-04,2023-01-06,2023-01-04,2023-01-07,0,0,0,72393,611.67,0.00013777661370586444,0.14727444217171368,0.0001959130844889374,test,0
vid_0059,Test Video 59,2022-12-27 00:00:00+00:00,chan_9,Channel 9,26,2023-01-05 00:00:00+00:00,test|video|trend,76259,3812,0,381,http://example.com/thumb.jpg,False,False,Test description,youtube,youtube_trending_kaggle,False,,,0,0,,,,,real,2023-01-05 00:00:00+00:00,1.0.0,4193,76259,3812,381,0,216.0,0.055,3866.0,213.0,3866.0,213.0,3866.0,213.0,3866.0,644.33,32.66,2023-01-05,1,0,0.0,0.0,0.0,0.0,0.0,0,0.0,0.0,0,0.0,0.0,0.0,0.6730769230769231,0.40384615384615385,10,low_motion_slow_cuts_no_face_dark,,test|video|trend,885,858,0,1.0,0,1.0,0,1.0,2023-01-05,2023-01-06,2023-01-05,2023-01-07,2023-01-05,2023-01-08,0,0,0,76259,644.33,0.00011491881864622699,0.14727444217171368,7.931875799516028e-05,test,0
vid_0060,Test Video 60,2022-12-28 00:00:00+00:00,chan_0,Channel 0,20,2022-12-28 00:00:00+00:00,test|video|trend,45300,2265,0,226,http://example.com/thumb.jpg,False,False,Test description,youtube,youtube_trending_kaggle,False,,,0,0,,,,,real,2022-12-28 00:00:00+00:00,1.0.0,2491,45300,2265,226,0,0.0,0.055,0.0,0.0,0.0,0.0,0.0,0.0,0.0,0.0,0.0,,1,0,0.0,0.0,0.0,0.0,0.0,0,0.0,0.0,0,0.0,0.0,0.0,0.5483870967741935,0.06451612903225806,10,low_motion_slow_cuts_no_face_dark,,test|video|trend,230,224,0,1.28,0,1.63,0,2.08,2022-12-28,2022-12-29,2022-12-28,2022-12-30,2022-12-28,2022-12-31,0,0,0,45300,0.0,0.014487641449303734,0.14727444217171368,0.010113474758103608,train,0
vid_0060,Test Video 60,2022-12-28 00:00:00+00:00,chan_0,Channel 0,26,2022-12-29 00:00:00+00:00,test|video|trend,57811,2890,0,289,http://example.com/thumb.jpg,False,False,Test description,youtube,youtube_trending_kaggle,False,,,0,0,,,,,real,2022-12-29 00:00:00+00:00,1.0.0,3179,57811,2890,289,0,24.0,0.055,12511.0,688.0,12511.0,688.0,12511.0,688.0,12511.0,2085.17,0.0,2022-12-29,1,0,0.0,0.0,0.0,0.0,0.0,0,0.0,0.0,0,0.0,0.0,0.0,0.5769230769230769,0.6153846153846154,10,low_motion_slow_cuts_no_face_dark,,test|video|trend,243,237,0,1.28,0,1.63,0,2.08,2022-12-29,2022-12-30,2022-12-29,2022-12-31,2022-12-29,2023-01-01,0,0,0,57811,2085.17,0.0008147349015115742,0.14727444217171368,0.0010882949877493242,train,0
vid_0060,Test Video 60,2022-12-28 00:00:00+00:00,chan_0,Channel 0,27,2022-12-30 00:00:00+00:00,test|video|trend,73778,3688,0,368,http://example.com/thumb.jpg,False,False,Test description,youtube,youtube_trending_kaggle,False,,,0,0,,,,,real,2022-12-30 00:00:00+00:00,1.0.0,4056,73778,3688,368,0,48.0,0.055,15967.0,877.0,15967.0,877.0,15967.0,877.0,15967.0,2661.17,576.0,2022-12-30,1,0,0.0,0.0,0.0,0.0,0.0,0,0.0,0.0,0,0.0,0.0,0.0,0.7878787878787878,0.6666666666666666,10,low_motion_slow_cuts_no_face_dark,,test|video|trend,321,312,0,1.28,0,1.63,0,2.08,2022-12-30,2022-12-31,2022-12-30,2023-01-01,2022-12-30,2023-01-02,0,0,0,73778,2661.17,0.0003051990222212628,0.14727444217171368,0.00011974555042061668,train,0
vid_0060,Test Video 60,2022-12-28 00:00:00+00:00,chan_0,Channel 0,5,2022-12-31 00:00:00+00:00,test|video|trend,94156,4707,0,470,http://example.com/thumb.jpg,False,False,Test description,youtube,youtube_trending_kaggle,False,,,0,0,,,,,real,2022-12-31 00:00:00+00:00,1.0.0,5177,94156,4707,470,0,72.0,0.055,20378.0,1121.0,20378.0,1121.0,20378.0,1121.0,20378.0,3396.33,735.16,2022-12-31,1,0,0.0,0.0,0.0,0.0,0.0,0,0.0,0.0,0,0.0,0.0,0.0,0.7419354838709677,0.6774193548387096,10,low_motion_slow_cuts_no_face_dark,,test|video|trend,452,440,0,1.28,0,1.63,0,2.08,2022-12-31,2023-01-01,2022-12-31,2023-01-02,2022-12-31,2023-01-03,0,0,0,94156,3396.33,3.872280486143105e-05,0.14727444217171368,5.598722503276175e-05,train,0
vid_0060,Test Video 60,2022-12-28 00:00:00+00:00,chan_0,Channel 0,14,2023-01-01 00:00:00+00:00,test|video|trend,120161,6008,0,600,http://example.com/thumb.jpg,False,False,Test description,youtube,youtube_trending_kaggle,False,,,0,0,,,,,real,2023-01-01 00:00:00+00:00,1.0.0,6608,120161,6008,600,0,96.0,0.055,26005.0,1431.0,26005.0,1431.0,26005.0,1431.0,26005.0,4334.17,937.84,2023-01-01,1,0,0.0,0.0,0.0,0.0,0.0,0,0.0,0.0,0,0.0,0.0,0.0,0.6944444444444444,0.7222222222222222,10,low_motion_slow_cuts_no_face_dark,,test|video|trend,538,523,0,1.28,0,1.63,0,2.08,2023-01-01,2023-01-02,2023-01-01,2023-01-03,2023-01-01,2023-01-04,0,0,0,120161,4334.17,0.0018862670110765631,0.14727444217171368,0.003696024040784647,train,0
vid_0060,Test Video 60,2022-12-28 00:00:00+00:00,chan_0,Channel 0,18,2023-01-02 00:00:00+00:00,test|video|trend,153349,7667,0,766,http://example.com/thumb.jpg,False,False,Test description,youtube,youtube_trending_kaggle,False,,,0,0,,,,,real,2023-01-02 00:00:00+00:00,1.0.0,8433,153349,7667,766,0,120.0,0.055,33188.0,1825.0,33188.0,1825.0,33188.0,1825.0,33188.0,5531.33,1197.16,2023-01-02,1,0,0.0,0.0,0.0,0.0,0.0,0,0.0,0.0,0,0.0,0.0,0.0,0.6896551724137931,0.7241379310344828,10,low_motion_slow_cuts_no_face_dark,,test|video|trend,667,647,0,1.28,0,1.63,0,2.08,2023-01-02,2023-01-03,2023-01-02,2023-01-04,2023-01-02,2023-01-05,0,0,0,153349,5531.33,0.010067057796897356,0.14727444217171368,0.01516688658351462,train,0
vid_0060,Test Video 60,2022-12-28 00:00:00+00:00,chan_0,Channel 0,21,2023-01-03 00:00:00+00:00,test|video|trend,195703,9785,0,978,http://example.com/thumb.jpg,False,False,Test description,youtube,youtube_trending_kaggle,False,,,0,0,,,,,real,2023-01-03 00:00:00+00:00,1.0.0,10763,195703,9785,978,0,144.0,0.055,42354.0,2330.0,42354.0,2330.0,42354.0,2330.0,42354.0,7059.0,1527.67,2023-01-03,1,0,0.0,0.0,0.0,0.0,0.0,0,0.0,0.0,0,0.0,0.0,0.0,0.868421052631579,0.8947368421052632,10,low_motion_slow_cuts_no_face_dark,,test|video|trend,725,702,0,1.28,0,1.63,0,2.08,2023-01-03,2023-01-04,2023-01-03,2023-01-05,2023-01-03,2023-01-06,0,0,0,195703,7059.0,0.11059284170911739,0.14727444217171368,0.08730581883384375,test,0
vid_0060,Test Video 60,2022-12-28 00:00:00+00:00,chan_0,Channel 0,20,2023-01-04 00:00:00+00:00,test|video|trend,249755,12487,0,1248,http://example.com/thumb.jpg,False,False,Test description,youtube,youtube_trending_kaggle,False,,,0,0,,,,,real,2023-01-04 00:00:00+00:00,1.0.0,13735,249755,12487,1248,0,168.0,0.055,54052.0,2972.0,54052.0,2972.0,54052.0,2972.0,54052.0,9008.67,1949.67,2023-01-04,1,0,0.0,0.0,0.0,0.0,0.0,0,0.0,0.0,0,0.0,0.0,0.0,0.9354838709677419,0.9354838709677419,10,low_motion_slow_cuts_no_face_dark,,test|video|trend,834,809,0,1.28,0,1.63,0,1.63,2023-01-04,2023-01-05,2023-01-04,2023-01-06,2023-01-04,2023-01-07,0,0,0,249755,9008.67,0.00043210535953305747,0.14727444217171368,0.00040793191916661386,test,0
vid_0060,Test Video 60,2022-12-28 00:00:00+00:00,chan_0,Channel 0,7,2023-01-05 00:00:00+00:00,test|video|trend,318736,15936,0,1593,http://example.com/thumb.jpg,False,False,Test description,youtube,youtube_trending_kaggle,False,,,0,0,,,,,real,2023-01-05 00:00:00+00:00,1.0.0,17529,318736,15936,1593,0,192.0,0.055,68981.0,3794.0,68981.0,3794.0,68981.0,3794.0,68981.0,11496.83,2488.16,2023-01-05,1,0,0.0,0.0,0.0,0.0,0.0,0,0.0,0.0,0,0.0,0.0,0.0,0.972972972972973,0.972972972972973,10,low_motion_slow_cuts_no_face_dark,,test|video|trend,858,832,0,1.28,0,1.28,0,1.28,2023-01-05,2023-01-06,2023-01-05,2023-01-07,2023-01-05,2023-01-08,0,0,0,318736,11496.83,0.0008252050646230912,0.14727444217171368,0.000723871890396991,test,0
vid_0060,Test Video 60,2022-12-28 00:00:00+00:00,chan_0,Channel 0,8,2023-01-06 00:00:00+00:00,test|video|trend,406769,20338,0,2033,http://example.com/thumb.jpg,False,False,Test description,youtube,youtube_trending_kaggle,False,,,0,0,,,,,real,2023-01-06 00:00:00+00:00,1.0.0,22371,406769,20338,2033,0,216.0,0.055,88033.0,4842.0,88033.0,4842.0,88033.0,4842.0,88033.0,14672.17,3175.34,2023-01-06,1,0,0.0,0.0,0.0,0.0,0.0,0,0.0,0.0,0,0.0,0.0,0.0,0.9302325581395349,0.9302325581395349,10,low_motion_slow_cuts_no_face_dark,,test|video|trend,917,888,0,1.0,0,1.0,0,1.0,2023-01-06,2023-01-07,2023-01-06,2023-01-08,2023-01-06,2023-01-09,0,0,0,406769,14672.17,0.00023618365910398732,0.14727444217171368,0.00022338147871553735,test,0
vid_0061,Test Video 61,2022-12-29 00:00:00+00:00,chan_1,Channel 1,24,2022-12-29 00:00:00+00:00,test|video|trend,37577,1878,0,187,http://example.com/thumb.jpg,False,False,Test description,youtube,youtube_trending_kaggle,False,,,0,0,,,,,real,2022-12-29 00:00:00+00:00,1.0.0,2065,37577,1878,187,0,0.0,0.055,0.0,0.0,0.0,0.0,0.0,0.0,0.0,0.0,0.0,,1,0,0.0,0.0,0.0,0.0,0.0,0,0.0,0.0,0,0.0,0.0,0.0,0.4222222222222222,0.07777777777777778,10,low_motion_slow_cuts_no_face_dark,,test|video|trend,286,280,0,1.22,0,1.49,0,1.82,2022-12-29,2022-12-30,2022-12-29,2022-12-31,2022-12-29,2023-01-01,0,0,0,37577,0.0,0.09603599391736743,0.14727444217171368,0.07477473391908918,train,0
vid_0061,Test Video 61,2022-12-29 00:00:00+00:00,chan_1,Channel 1,26,2022-12-30 00:00:00+00:00,test|video|trend,45870,2293,0,229,http://example.com/thumb.jpg,False,False,Test description,youtube,youtube_trending_kaggle,False,,,0,0,,,,,real,2022-12-30 00:00:00+00:00,1.0.0,2522,45870,2293,229,0,24.0,0.055,8293.0,457.0,8293.0,457.0,8293.0,457.0,8293.0,1382.17,0.0,2022-12-30,1,0,0.0,0.0,0.0,0.0,0.0,0,0.0,0.0,0,0.0,0.0,0.0,0.4807692307692308,0.5384615384615384,10,low_motion_slow_cuts_no_face_dark,,test|video|trend,318,309,0,1.22,0,1.49,0,1.82,2022-12-30,2022-12-31,2022-12-30,2023-01-01,2022-12-30,2023-01-02,0,0,0,45870,1382.17,0.003928362117833759,0.14727444217171368,0.0038463921223610125,train,0
vid_0061,Test Video 61,2022-12-29 00:00:00+00:00,chan_1,Channel 1,3,2022-12-31 00:00:00+00:00,test|video|trend,55995,2799,0,279,http://example.com/thumb.jpg,False,False,Test description,youtube,youtube_trending_kaggle,False,,,0,0,,,,,real,2022-12-31 00:00:00+00:00,1.0.0,3078,55995,2799,279,0,48.0,0.055,10125.0,556.0,10125.0,556.0,10125.0,556.0,10125.0,1687.5,305.33,2022-12-31,1,0,0.0,0.0,0.0,0.0,0.0,0,0.0,0.0,0,0.0,0.0,0.0,0.48717948717948717,0.48717948717948717,10,low_motion_slow_cuts_no_face_dark,,test|video|trend,455,443,0,1.22,0,1.49,0,1.82,2022-12-31,2023-01-01,2022-12-31,2023-01-02,2022-12-31,2023-01-03,0,0,0,55995,1687.5,3.380225192635094e-05,0.14727444217171368,2.4589826636613603e-05,train,0
vid_0061,Test Video 61,2022-12-29 00:00:00+00:00,chan_1,Channel 1,6,2023-01-01 00:00:00+00:00,test|video|trend,68354,3417,0,341,http://example.com/thumb.jpg,False,False,Test description,youtube,youtube_trending_kaggle,False,,,0,0,,,,,real,2023-01-01 00:00:00+00:00,1.0.0,3758,68354,3417,341,0,72.0,0.055,12359.0,680.0,12359.0,680.0,12359.0,680.0,12359.0,2059.83,372.33,2023-01-01,1,0,0.0,0.0,0.0,0.0,0.0,0,0.0,0.0,0,0.0,0.0,0.0,0.6842105263157895,0.5789473684210527,10,low_motion_slow_cuts_no_face_dark,,test|video|trend,532,517,0,1.22,0,1.49,0,1.82,2023-01-01,2023-01-02,2023-01-01,2023-01-03,2023-01-01,2023-01-04,0,0,0,68354,2059.83,3.572242871505538e-05,0.14727444217171368,2.2002919354419172e-05,train,0
vid_0061,Test Video 61,2022-12-29 00:00:00+00:00,chan_1,Channel 1,12,2023-01-02 00:00:00+00:00,test|video|trend,83441,4172,0,417,http://example.com/thumb.jpg,False,False,Test description,youtube,youtube_trending_kaggle,False,,,0,0,,,,,real,2023-01-02 00:00:00+00:00,1.0.0,4589,83441,4172,417,0,96.0,0.055,15087.0,831.0,15087.0,831.0,15087.0,831.0,15087.0,2514.5,454.67,2023-01-02,1,0,0.0,0.0,0.0,0.0,0.0,0,0.0,0.0,0,0.0,0.0,0.0,0.7333333333333333,0.7,10,low_motion_slow_cuts_no_face_dark,,test|video|trend,678,657,0,1.22,0,1.49,0,1.82,2023-01-02,2023-01-03,2023-01-02,2023-01-04,2023-01-02,2023-01-05,0,0,0,83441,2514.5,2.5195863765025958e-05,0.14727444217171368,2.116346862287921e-05,train,0
vid_0061,Test Video 61,2022-12-29 00:00:00+00:00,chan_1,Channel 1,17,2023-01-03 00:00:00+00:00,test|video|trend,101857,5092,0,509,http://example.com/thumb.jpg,False,False,Test description,youtube,youtube_trending_kaggle,False,,,0,0,,,,,real,2023-01-03 00:00:00+00:00,1.0.0,5601,101857,5092,509,0,120.0,0.055,18416.0,1012.0,18416.0,1012.0,18416.0,1012.0,18416.0,3069.33,554.83,2023-01-03,1,0,0.0,0.0,0.0,0.0,0.0,0,0.0,0.0,0,0.0,0.0,0.0,0.7142857142857143,0.7428571428571429,10,low_motion_slow_cuts_no_face_dark,,test|video|trend,736,713,0,1.22,0,1.49,0,1.82,2023-01-03,2023-01-04,2023-01-03,2023-01-05,2023-01-03,2023-01-06,0,0,0,101857,3069.33,1.5909425126825395e-05,0.14727444217171368,2.8216122191177273e-05,test,0
vid_0061,Test Video 61,2022-12-29 00:00:00+00:00,chan_1,Channel 1,1,2023-01-04 00:00:00+00:00,test|video|trend,124339,6216,0,621,http://example.com/thumb.jpg,False,False,Test description,youtube,youtube_trending_kaggle,False,,,0,0,,,,,real,2023-01-04 00:00:00+00:00,1.0.0,6837,124339,6216,621,0,144.0,0.055,22482.0,1236.0,22482.0,1236.0,22482.0,1236.0,22482.0,3747.0,677.67,2023-01-04,1,0,0.0,0.0,0.0,0.0,0.0,0,0.0,0.0,0,0.0,0.0,0.0,0.9090909090909091,0.8787878787878788,10,low_motion_slow_cuts_no_face_dark,,test|video|trend,818,793,0,1.22,0,1.49,0,1.82,2023-01-04,2023-01-05,2023-01-04,2023-01-06,2023-01-04,2023-01-07,0,0,0,124339,3747.0,0.013942729078573902,0.14727444217171368,0.018440752707517778,test,0
vid_0061,Test Video 61,2022-12-29 00:00:00+00:00,chan_1,Channel 1,9,2023-01-05 00:00:00+00:00,test|video|trend,151783,7589,0,758,http://example.com/thumb.jpg,False,False,Test description,youtube,youtube_trending_kaggle,False,,,0,0,,,,,real,2023-01-05 00:00:00+00:00,1.0.0,8347,151783,7589,758,0,168.0,0.055,27444.0,1510.0,27444.0,1510.0,27444.0,1510.0,27444.0,4574.0,827.0,2023-01-05,1,0,0.0,0.0,0.0,0.0,0.0,0,0.0,0.0,0,0.0,0.0,0.0,0.8787878787878788,0.8484848484848485,10,low_motion_slow_cuts_no_face_dark,,test|video|trend,854,829,0,1.22,0,1.49,0,1.49,2023-01-05,2023-01-06,2023-01-05,2023-01-07,2023-01-05,2023-01-08,0,0,0,151783,4574.0,0.0016898325009851313,0.14727444217171368,0.002254454226767636,test,0
vid_0061,Test Video 61,2022-12-29 00:00:00+00:00,chan_1,Channel 1,22,2023-01-06 00:00:00+00:00,test|video|trend,185284,9264,0,926,http://example.com/thumb.jpg,False,False,Test description,youtube,youtube_trending_kaggle,False,,,0,0,,,,,real,2023-01-06 00:00:00+00:00,1.0.0,10190,185284,9264,926,0,192.0,0.055,33501.0,1843.0,33501.0,1843.0,33501.0,1843.0,33501.0,5583.5,1009.5,2023-01-06,1,0,0.0,0.0,0.0,0.0,0.0,0,0.0,0.0,0,0.0,0.0,0.0,0.875,0.78125,10,low_motion_slow_cuts_no_face_dark,,test|video|trend,922,893,0,1.22,0,1.22,0,1.22,2023-01-06,2023-01-07,2023-01-06,2023-01-08,2023-01-06,2023-01-09,0,0,0,185284,5583.5,0.0011177838969086418,0.14727444217171368,0.0010731684427446493,test,0
vid_0061,Test Video 61,2022-12-29 00:00:00+00:00,chan_1,Channel 1,3,2023-01-07 00:00:00+00:00,test|video|trend,226179,11308,0,1130,http://example.com/thumb.jpg,False,False,Test description,youtube,youtube_trending_kaggle,False,,,0,0,,,,,real,2023-01-07 00:00:00+00:00,1.0.0,12438,226179,11308,1130,0,216.0,0.055,40895.0,2248.0,40895.0,2248.0,40895.0,2248.0,40895.0,6815.83,1232.33,2023-01-07,1,0,0.0,0.0,0.0,0.0,0.0,0,0.0,0.0,0,0.0,0.0,0.0,0.8974358974358975,0.7948717948717948,10,low_motion_slow_cuts_no_face_dark,,test|video|trend,968,938,0,1.0,0,1.0,0,1.0,2023-01-07,2023-01-08,2023-01-07,2023-01-09,2023-01-07,2023-01-10,0,0,0,226179,6815.83,0.0012274671624408662,0.14727444217171368,0.0013751747620018968,test,0
vid_0062,Test Video 62,2022-12-26 00:00:00+00:00,chan_2,Channel 2,1,2022-12-26 00:00:00+00:00,test|video|trend,11295,564,0,56,http://example.com/thumb.jpg,False,False,Test description,youtube,youtube_trending_kaggle,False,,,0,0,,,,,real,2022-12-26 00:00:00+00:00,1.0.0,620,11295,564,56,0,0.0,0.0549,0.0,0.0,0.0,0.0,0.0,0.0,0.0,0.0,0.0,,1,0,0.0,0.0,0.0,0.0,0.0,0,0.0,0.0,0,0.0,0.0,0.0,0.15151515151515152,0.07575757575757576,10,low_motion_slow_cuts_no_face_dark,,test|video|trend,84,82,0,1.06,0,1.13,0,1.2,2022-12-26,2022-12-27,2022-12-26,2022-12-28,2022-12-26,2022-12-29,0,0,0,11295,0.0,0.015605476629366198,0.14727444217171368,0.015469387541160283,train,0
vid_0062,Test Video 62,2022-12-26 00:00:00+00:00,chan_2,Channel 2,8,2022-12-27 00:00:00+00:00,test|video|trend,12004,600,0,60,http://example.com/thumb.jpg,False,False,Test description,youtube,youtube_trending_kaggle,False,,,0,0,,,,,real,2022-12-27 00:00:00+00:00,1.0.0,660,12004,600,60,0,24.0,0.055,709.0,40.0,709.0,40.0,709.0,40.0,709.0,118.17,0.0,2022-12-27,1,0,0.0,0.0,0.0,0.0,0.0,0,0.0,0.0,0,0.0,0.0,0.0,0.18604651162790697,0.23255813953488372,10,low_motion_slow_cuts_no_face_dark,,test|video|trend,118,115,0,1.06,0,1.13,0,1.2,2022-12-27,2022-12-28,2022-12-27,2022-12-29,2022-12-27,2022-12-30,0,0,0,12004,118.17,0.00809682275281949,0.14727444217171368,0.010395840069608251,train,0
vid_0062,Test Video 62,2022-12-26 00:00:00+00:00,chan_2,Channel 2,11,2022-12-28 00:00:00+00:00,test|video|trend,12758,637,0,63,http://example.com/thumb.jpg,False,False,Test description,youtube,youtube_trending_kaggle,False,,,0,0,,,,,real,2022-12-28 00:00:00+00:00,1.0.0,700,12758,637,63,0,48.0,0.0549,754.0,40.0,754.0,40.0,754.0,40.0,754.0,125.67,7.5,2022-12-28,1,0,0.0,0.0,0.0,0.0,0.0,0,0.0,0.0,0,0.0,0.0,0.0,0.0967741935483871,0.16129032258064516,10,low_motion_slow_cuts_no_face_dark,,test|video|trend,223,217,0,1.06,0,1.13,0,1.2,2022-12-28,2022-12-29,2022-12-28,2022-12-30,2022-12-28,2022-12-31,0,0,0,12758,125.67,0.004544817316197375,0.14727444217171368,0.002308269784796258,train,0
vid_0062,Test Video 62,2022-12-26 00:00:00+00:00,chan_2,Channel 2,1,2022-12-29 00:00:00+00:00,test|video|trend,13560,678,0,67,http://example.com/thumb.jpg,False,False,Test description,youtube,youtube_trending_kaggle,False,,,0,0,,,,,real,2022-12-29 00:00:00+00:00,1.0.0,745,13560,678,67,0,72.0,0.0549,802.0,45.0,802.0,45.0,802.0,45.0,802.0,133.67,8.0,2022-12-29,1,0,0.0,0.0,0.0,0.0,0.0,0,0.0,0.0,0,0.0,0.0,0.0,0.21212121212121213,0.30303030303030304,10,low_motion_slow_cuts_no_face_dark,,test|video|trend,238,232,0,1.06,0,1.13,0,1.2,2022-12-29,2022-12-30,2022-12-29,2022-12-31,2022-12-29,2023-01-01,0,0,0,13560,133.67,0.0007962965218329419,0.14727444217171368,0.0007870921659896853,train,0
vid_0062,Test Video 62,2022-12-26 00:00:00+00:00,chan_2,Channel 2,28,2022-12-30 00:00:00+00:00,test|video|trend,14412,720,0,72,http://example.com/thumb.jpg,False,False,Test description,youtube,youtube_trending_kaggle,False,,,0,0,,,,,real,2022-12-30 00:00:00+00:00,1.0.0,792,14412,720,72,0,96.0,0.055,852.0,47.0,852.0,47.0,852.0,47.0,852.0,142.0,8.33,2022-12-30,1,0,0.0,0.0,0.0,0.0,0.0,0,0.0,0.0,0,0.0,0.0,0.0,0.2,0.16666666666666666,10,low_motion_slow_cuts_no_face_dark,,test|video|trend,354,344,0,1.06,0,1.13,0,1.2,2022-12-30,2022-12-31,2022-12-30,2023-01-01,2022-12-30,2023-01-02,0,0,0,14412,142.0,0.0013445572438371192,0.14727444217171368,0.0013052395070722162,train,0
vid_0062,Test Video 62,2022-12-26 00:00:00+00:00,chan_2,Channel 2,18,2022-12-31 00:00:00+00:00,test|video|trend,15318,765,0,76,http://example.com/thumb.jpg,False,False,Test description,youtube,youtube_trending_kaggle,False,,,0,0,,,,,real,2022-12-31 00:00:00+00:00,1.0.0,841,15318,765,76,0,120.0,0.0549,906.0,49.0,906.0,49.0,906.0,49.0,906.0,151.0,9.0,2022-12-31,1,0,0.0,0.0,0.0,0.0,0.0,0,0.0,0.0,0,0.0,0.0,0.0,0.034482758620689655,0.13793103448275862,10,low_motion_slow_cuts_no_face_dark,,test|video|trend,437,425,0,1.06,0,1.13,0,1.2,2022-12-31,2023-01-01,2022-12-31,2023-01-02,2022-12-31,2023-01-03,0,0,0,15318,151.0,0.000546764451689528,0.14727444217171368,0.0006845264604477386,train,0
vid_0062,Test Video 62,2022-12-26 00:00:00+00:00,chan_2,Channel 2,22,2023-01-01 00:00:00+00:00,test|video|trend,16280,814,0,81,http://example.com/thumb.jpg,False,False,Test description,youtube,youtube_trending_kaggle,False,,,0,0,,,,,real,2023-01-01 00:00:00+00:00,1.0.0,895,16280,814,81,0,144.0,0.055,962.0,54.0,962.0,54.0,962.0,54.0,962.0,160.33,9.33,2023-01-01,1,0,0.0,0.0,0.0,0.0,0.0,0,0.0,0.0,0,0.0,0.0,0.0,0.125,0.1875,10,low_motion_slow_cuts_no_face_dark,,test|video|trend,524,509,0,1.06,0,1.13,0,1.2,2023-01-01,2023-01-02,2023-01-01,2023-01-03,2023-01-01,2023-01-04,0,0,0,16280,160.33,0.00012692641195398703,0.14727444217171368,0.00026250740641225285,train,0
vid_0062,Test Video 62,2022-12-26 00:00:00+00:00,chan_2,Channel 2,23,2023-01-02 00:00:00+00:00,test|video|trend,17303,865,0,86,http://example.com/thumb.jpg,False,False,Test description,youtube,youtube_trending_kaggle,False,,,0,0,,,,,real,2023-01-02 00:00:00+00:00,1.0.0,951,17303,865,86,0,168.0,0.055,1023.0,56.0,1023.0,56.0,1023.0,56.0,1023.0,170.5,10.17,2023-01-02,1,0,0.0,0.0,0.0,0.0,0.0,0,0.0,0.0,0,0.0,0.0,0.0,0.2,0.23333333333333334,10,low_motion_slow_cuts_no_face_dark,,test|video|trend,684,663,0,1.06,0,1.13,0,1.13,2023-01-02,2023-01-03,2023-01-02,2023-01-04,2023-01-02,2023-01-05,0,0,0,17303,170.5,8.104614343530723e-05,0.14727444217171368,0.00013567587230333073,train,0
vid_0062,Test Video 62,2022-12-26 00:00:00+00:00,chan_2,Channel 2,4,2023-01-03 00:00:00+00:00,test|video|trend,18390,919,0,91,http://example.com/thumb.jpg,False,False,Test description,youtube,youtube_trending_kaggle,False,,,0,0,,,,,real,2023-01-03 00:00:00+00:00,1.0.0,1010,18390,919,91,0,192.0,0.0549,1087.0,59.0,1087.0,59.0,1087.0,59.0,1087.0,181.17,10.67,2023-01-03,1,0,0.0,0.0,0.0,0.0,0.0,0,0.0,0.0,0,0.0,0.0,0.0,0.18421052631578946,0.2631578947368421,10,low_motion_slow_cuts_no_face_dark,,test|video|trend,738,715,0,1.06,0,1.06,0,1.06,2023-01-03,2023-01-04,2023-01-03,2023-01-05,2023-01-03,2023-01-06,0,0,0,18390,181.17,1.9789702817355905e-05,0.14727444217171368,3.1197391376951125e-05,test,0
vid_0062,Test Video 62,2022-12-26 00:00:00+00:00,chan_2,Channel 2,15,2023-01-04 00:00:00+00:00,test|video|trend,19545,977,0,97,http://example.com/thumb.jpg,False,False,Test description,youtube,youtube_trending_kaggle,False,,,0,0,,,,,real,2023-01-04 00:00:00+00:00,1.0.0,1074,19545,977,97,0,216.0,0.055,1155.0,64.0,1155.0,64.0,1155.0,64.0,1155.0,192.5,11.33,2023-01-04,1,0,0.0,0.0,0.0,0.0,0.0,0,0.0,0.0,0,0.0,0.0,0.0,0.19230769230769232,0.3076923076923077,10,low_motion_slow_cuts_no_face_dark,,test|video|trend,825,800,0,1.0,0,1.0,0,1.0,2023-01-04,2023-01-05,2023-01-04,2023-01-06,2023-01-04,2023-01-07,0,0,0,19545,192.5,3.586454796127041e-05,0.14727444217171368,6.0348089031037926e-05,test,0
vid_0063,Test Video 63,2022-12-23 00:00:00+00:00,chan_3,Channel 3,20,2022-12-23 00:00:00+00:00,test|video|trend,24441,1222,0,122,http://example.com/thumb.jpg,False,False,Test description,youtube,youtube_trending_kaggle,False,,,0,0,,,,,real,2022-12-23 00:00:00+00:00,1.0.0,1344,24441,1222,122,0,0.0,0.055,0.0,0.0,0.0,0.0,0.0,0.0,0.0,0.0,0.0,,1,0,0.0,0.0,0.0,0.0,0.0,0,0.0,0.0,0,0.0,0.0,0.0,0.2903225806451613,0.06451612903225806,10,low_motion_slow_cuts_no_face_dark,,test|video|trend,2,2,1,1.45,1,2.1,1,3.03,2022-12-23,2022-12-24,2022-12-23,2022-12-25,2022-12-23,2022-12-26,0,0,1,24441,0.0,0.5735861286893295,0.14727444217171368,0.5685753216261272,train,1
vid_0063,Test Video 63,2022-12-23 00:00:00+00:00,chan_3,Channel 3,15,2022-12-24 00:00:00+00:00,test|video|trend,35384,1769,0,176,http://example.com/thumb.jpg,False,False,Test description,youtube,youtube_trending_kaggle,False,,,0,0,,,,,real,2022-12-24 00:00:00+00:00,1.0.0,1945,35384,1769,176,0,24.0,0.055,10943.0,601.0,10943.0,601.0,10943.0,601.0,10943.0,1823.83,0.0,2022-12-24,1,0,0.0,0.0,0.0,0.0,0.0,0,0.0,0.0,0,0.0,0.0,0.0,0.38461538461538464,0.5769230769230769,10,low_motion_slow_cuts_no_face_dark,,test|video|trend,26,25,1,1.45,1,2.1,1,3.03,2022-12-24,2022-12-25,2022-12-24,2022-12-26,2022-12-24,2022-12-27,0,0,1,35384,1823.83,0.9547605579614563,0.14727444217171368,0.9529067363301053,train,1
vid_0063,Test Video 63,2022-12-23 00:00:00+00:00,chan_3,Channel 3,23,2022-12-25 00:00:00+00:00,test|video|trend,51228,2561,0,256,http://example.com/thumb.jpg,False,False,Test description,youtube,youtube_trending_kaggle,False,,,0,0,,,,,real,2022-12-25 00:00:00+00:00,1.0.0,2817,51228,2561,256,0,48.0,0.055,15844.0,872.0,15844.0,872.0,15844.0,872.0,15844.0,2640.67,816.84,2022-12-25,1,0,0.0,0.0,0.0,0.0,0.0,0,0.0,0.0,0,0.0,0.0,0.0,0.5333333333333333,0.6,10,low_motion_slow_cuts_no_face_dark,,test|video|trend,51,50,0,1.45,0,2.1,1,3.03,2022-12-25,2022-12-26,2022-12-25,2022-12-27,2022-12-25,2022-12-28,0,0,1,51228,2640.67,0.9406560329742413,0.14727444217171368,0.9422205577116303,train,1
vid_0063,Test Video 63,2022-12-23 00:00:00+00:00,chan_3,Channel 3,23,2022-12-26 00:00:00+00:00,test|video|trend,74166,3708,0,370,http://example.com/thumb.jpg,False,False,Test description,youtube,youtube_trending_kaggle,False,,,0,0,,,,,real,2022-12-26 00:00:00+00:00,1.0.0,4078,74166,3708,370,0,72.0,0.055,22938.0,1261.0,22938.0,1261.0,22938.0,1261.0,22938.0,3823.0,1182.33,2022-12-26,1,0,0.0,0.0,0.0,0.0,0.0,0,0.0,0.0,0,0.0,0.0,0.0,0.7,0.6666666666666666,10,low_motion_slow_cuts_no_face_dark,,test|video|trend,90,87,0,1.45,0,2.1,1,3.03,2022-12-26,2022-12-27,2022-12-26,2022-12-28,2022-12-26,2022-12-29,0,0,1,74166,3823.0,0.9590288109920607,0.14727444217171368,0.9546677203906379,train,1
vid_0063,Test Video 63,2022-12-23 00:00:00+00:00,chan_3,Channel 3,21,2022-12-27 00:00:00+00:00,test|video|trend,107375,5368,0,536,http://example.com/thumb.jpg,False,False,Test description,youtube,youtube_trending_kaggle,False,,,0,0,,,,,real,2022-12-27 00:00:00+00:00,1.0.0,5904,107375,5368,536,0,96.0,0.055,33209.0,1826.0,33209.0,1826.0,33209.0,1826.0,33209.0,5534.83,1711.83,2022-12-27,1,0,0.0,0.0,0.0,0.0,0.0,0,0.0,0.0,0,0.0,0.0,0.0,0.8157894736842105,0.8421052631578947,10,low_motion_slow_cuts_no_face_dark,,test|video|trend,159,155,0,1.45,0,2.1,0,3.03,2022-12-27,2022-12-28,2022-12-27,2022-12-29,2022-12-27,2022-12-30,0,0,1,107375,5534.83,0.20749930143981724,0.14727444217171368,0.2023688241084877,train,0
vid_0063,Test Video 63,2022-12-23 00:00:00+00:00,chan_3,Channel 3,11,2022-12-28 00:00:00+00:00,test|video|trend,155453,7772,0,777,http://example.com/thumb.jpg,False,False,Test description,youtube,youtube_trending_kaggle,False,,,0,0,,,,,real,2022-12-28 00:00:00+00:00,1.0.0,8549,155453,7772,777,0,120.0,0.055,48078.0,2645.0,48078.0,2645.0,48078.0,2645.0,48078.0,8013.0,2478.17,2022-12-28,1,0,0.0,0.0,0.0,0.0,0.0,0,0.0,0.0,0,0.0,0.0,0.0,0.8387096774193549,0.9354838709677419,10,low_motion_slow_cuts_no_face_dark,,test|video|trend,176,172,1,1.45,1,2.1,1,3.03,2022-12-28,2022-12-29,2022-12-28,2022-12-30,2022-12-28,2022-12-31,0,0,1,155453,8013.0,0.906383951753305,0.14727444217171368,0.8968007615521687,train,1
vid_0063,Test Video 63,2022-12-23 00:00:00+00:00,chan_3,Channel 3,25,2022-12-29 00:00:00+00:00,test|video|trend,225059,11252,0,1125,http://example.com/thumb.jpg,False,False,Test description,youtube,youtube_trending_kaggle,False,,,0,0,,,,,real,2022-12-29 00:00:00+00:00,1.0.0,12377,225059,11252,1125,0,144.0,0.055,69606.0,3828.0,69606.0,3828.0,69606.0,3828.0,69606.0,11601.0,3588.0,2022-12-29,1,0,0.0,0.0,0.0,0.0,0.0,0,0.0,0.0,0,0.0,0.0,0.0,0.918918918918919,0.918918918918919,10,low_motion_slow_cuts_no_face_dark,,test|video|trend,241,235,0,1.45,0,2.1,0,3.03,2022-12-29,2022-12-30,2022-12-29,2022-12-31,2022-12-29,2023-01-01,0,0,1,225059,11601.0,0.17299990916807564,0.14727444217171368,0.17466585968055923,train,0
vid_0063,Test Video 63,2022-12-23 00:00:00+00:00,chan_3,Channel 3,18,2022-12-30 00:00:00+00:00,test|video|trend,325832,16291,0,1629,http://example.com/thumb.jpg,False,False,Test description,youtube,youtube_trending_kaggle,False,,,0,0,,,,,real,2022-12-30 00:00:00+00:00,1.0.0,17920,325832,16291,1629,0,168.0,0.055,100773.0,5543.0,100773.0,5543.0,100773.0,5543.0,100773.0,16795.5,5194.5,2022-12-30,1,0,0.0,0.0,0.0,0.0,0.0,0,0.0,0.0,0,0.0,0.0,0.0,0.9310344827586207,0.9310344827586207,10,low_motion_slow_cuts_no_face_dark,,test|video|trend,384,372,0,1.45,0,2.1,0,2.1,2022-12-30,2022-12-31,2022-12-30,2023-01-01,2022-12-30,2023-01-02,0,0,0,325832,16795.5,0.003001084642717906,0.14727444217171368,0.00341107655526003,train,0
vid_0063,Test Video 63,2022-12-23 00:00:00+00:00,chan_3,Channel 3,5,2022-12-31 00:00:00+00:00,test|video|trend,471727,23586,0,2358,http://example.com/thumb.jpg,False,False,Test description,youtube,youtube_trending_kaggle,False,,,0,0,,,,,real,2022-12-31 00:00:00+00:00,1.0.0,25944,471727,23586,2358,0,192.0,0.055,145895.0,8024.0,145895.0,8024.0,145895.0,8024.0,145895.0,24315.83,7520.33,2022-12-31,1,0,0.0,0.0,0.0,0.0,0.0,0,0.0,0.0,0,0.0,0.0,0.0,0.9354838709677419,0.967741935483871,10,low_motion_slow_cuts_no_face_dark,,test|video|trend,424,412,0,1.45,0,1.45,0,1.45,2022-12-31,2023-01-01,2022-12-31,2023-01-02,2022-12-31,2023-01-03,0,0,0,471727,24315.83,0.007183027802728224,0.14727444217171368,0.006355664673006072,train,0
vid_0063,Test Video 63,2022-12-23 00:00:00+00:00,chan_3,Channel 3,26,2023-01-01 00:00:00+00:00,test|video|trend,682948,34147,0,3414,http://example.com/thumb.jpg,False,False,Test description,youtube,youtube_trending_kaggle,False,,,0,0,,,,,real,2023-01-01 00:00:00+00:00,1.0.0,37561,682948,34147,3414,0,216.0,0.055,211221.0,11617.0,211221.0,11617.0,211221.0,11617.0,211221.0,35203.5,10887.67,2023-01-01,1,0,0.0,0.0,0.0,0.0,0.0,0,0.0,0.0,0,0.0,0.0,0.0,1.0,1.0,10,low_motion_slow_cuts_no_face_dark,,test|video|trend,521,506,0,1.0,0,1.0,0,1.0,2023-01-01,2023-01-02,2023-01-01,2023-01-03,2023-01-01,2023-01-04,0,0,0,682948,35203.5,0.006808080242211765,0.14727444217171368,0.006023642691354063,train,0
vid_0064,Test Video 64,2022-12-29 00:00:00+00:00,chan_4,Channel 4,2,2022-12-29 00:00:00+00:00,test|video|trend,44823,2241,0,224,http://example.com/thumb.jpg,False,False,Test description,youtube,youtube_trending_kaggle,False,,,0,0,,,,,real,2022-12-29 00:00:00+00:00,1.0.0,2465,44823,2241,224,0,0.0,0.055,0.0,0.0,0.0,0.0,0.0,0.0,0.0,0.0,0.0,,1,0,0.0,0.0,0.0,0.0,0.0,0,0.0,0.0,0,0.0,0.0,0.0,0.32432432432432434,0.05405405405405406,10,low_motion_slow_cuts_no_face_dark,,test|video|trend,252,246,0,1.24,0,1.55,0,1.92,2022-12-29,2022-12-30,2022-12-29,2022-12-31,2022-12-29,2023-01-01,0,0,0,44823,0.0,0.01928018626171326,0.14727444217171368,0.02540418541286517,train,0
vid_0064,Test Video 64,2022-12-29 00:00:00+00:00,chan_4,Channel 4,17,2022-12-30 00:00:00+00:00,test|video|trend,55754,2787,0,278,http://example.com/thumb.jpg,False,False,Test description,youtube,youtube_trending_kaggle,False,,,0,0,,,,,real,2022-12-30 00:00:00+00:00,1.0.0,3065,55754,2787,278,0,24.0,0.055,10931.0,600.0,10931.0,600.0,10931.0,600.0,10931.0,1821.83,0.0,2022-12-30,1,0,0.0,0.0,0.0,0.0,0.0,0,0.0,0.0,0,0.0,0.0,0.0,0.5142857142857142,0.6285714285714286,10,low_motion_slow_cuts_no_face_dark,,test|video|trend,386,374,0,1.24,0,1.55,0,1.92,2022-12-30,2022-12-31,2022-12-30,2023-01-01,2022-12-30,2023-01-02,0,0,0,55754,1821.83,0.002130234924737831,0.14727444217171368,0.0020325041293337122,train,0
vid_0064,Test Video 64,2022-12-29 00:00:00+00:00,chan_4,Channel 4,1,2022-12-31 00:00:00+00:00,test|video|trend,69351,3467,0,346,http://example.com/thumb.jpg,False,False,Test description,youtube,youtube_trending_kaggle,False,,,0,0,,,,,real,2022-12-31 00:00:00+00:00,1.0.0,3813,69351,3467,346,0,48.0,0.055,13597.0,748.0,13597.0,748.0,13597.0,748.0,13597.0,2266.17,444.34,2022-12-31,1,0,0.0,0.0,0.0,0.0,0.0,0,0.0,0.0,0,0.0,0.0,0.0,0.7575757575757576,0.7575757575757576,10,low_motion_slow_cuts_no_face_dark,,test|video|trend,416,404,0,1.24,0,1.55,0,1.92,2022-12-31,2023-01-01,2022-12-31,2023-01-02,2022-12-31,2023-01-03,0,0,0,69351,2266.17,3.240254872415291e-05,0.14727444217171368,2.245078602222134e-05,train,0
vid_0064,Test Video 64,2022-12-29 00:00:00+00:00,chan_4,Channel 4,9,2023-01-01 00:00:00+00:00,test|video|trend,86264,4313,0,431,http://example.com/thumb.jpg,False,False,Test description,youtube,youtube_trending_kaggle,False,,,0,0,,,,,real,2023-01-01 00:00:00+00:00,1.0.0,4744,86264,4313,431,0,72.0,0.055,16913.0,931.0,16913.0,931.0,16913.0,931.0,16913.0,2818.83,552.66,2023-01-01,1,0,0.0,0.0,0.0,0.0,0.0,0,0.0,0.0,0,0.0,0.0,0.0,0.7575757575757576,0.7575757575757576,10,low_motion_slow_cuts_no_face_dark,,test|video|trend,525,510,0,1.24,0,1.55,0,1.92,2023-01-01,2023-01-02,2023-01-01,2023-01-03,2023-01-01,2023-01-04,0,0,0,86264,2818.83,2.250508085311453e-05,0.14727444217171368,3.73093636802472e-05,train,0
vid_0064,Test Video 64,2022-12-29 00:00:00+00:00,chan_4,Channel 4,20,2023-01-02 00:00:00+00:00,test|video|trend,107302,5365,0,536,http://example.com/thumb.jpg,False,False,Test description,youtube,youtube_trending_kaggle,False,,,0,0,,,,,real,2023-01-02 00:00:00+00:00,1.0.0,5901,107302,5365,536,0,96.0,0.055,21038.0,1157.0,21038.0,1157.0,21038.0,1157.0,21038.0,3506.33,687.5,2023-01-02,1,0,0.0,0.0,0.0,0.0,0.0,0,0.0,0.0,0,0.0,0.0,0.0,0.7741935483870968,0.7741935483870968,10,low_motion_slow_cuts_no_face_dark,,test|video|trend,608,590,0,1.24,0,1.55,0,1.92,2023-01-02,2023-01-03,2023-01-02,2023-01-04,2023-01-02,2023-01-05,0,0,0,107302,3506.33,7.132144427401874e-05,0.14727444217171368,0.00011662896626446744,train,0
vid_0064,Test Video 64,2022-12-29 00:00:00+00:00,chan_4,Channel 4,17,2023-01-03 00:00:00+00:00,test|video|trend,133471,6673,0,667,http://example.com/thumb.jpg,False,False,Test description,youtube,youtube_trending_kaggle,False,,,0,0,,,,,real,2023-01-03 00:00:00+00:00,1.0.0,7340,133471,6673,667,0,120.0,0.055,26169.0,1439.0,26169.0,1439.0,26169.0,1439.0,26169.0,4361.5,855.17,2023-01-03,1,0,0.0,0.0,0.0,0.0,0.0,0,0.0,0.0,0,0.0,0.0,0.0,0.7714285714285715,0.8,10,low_motion_slow_cuts_no_face_dark,,test|video|trend,734,711,0,1.24,0,1.55,0,1.92,2023-01-03,2023-01-04,2023-01-03,2023-01-05,2023-01-03,2023-01-06,0,0,0,133471,4361.5,0.00047056261543484084,0.14727444217171368,0.0009820963049912582,test,0
vid_0064,Test Video 64,2022-12-29 00:00:00+00:00,chan_4,Channel 4,18,2023-01-04 00:00:00+00:00,test|video|trend,166021,8301,0,830,http://example.com/thumb.jpg,False,False,Test description,youtube,youtube_trending_kaggle,False,,,0,0,,,,,real,2023-01-04 00:00:00+00:00,1.0.0,9131,166021,8301,830,0,144.0,0.055,32550.0,1791.0,32550.0,1791.0,32550.0,1791.0,32550.0,5425.0,1063.5,2023-01-04,1,0,0.0,0.0,0.0,0.0,0.0,0,0.0,0.0,0,0.0,0.0,0.0,0.7931034482758621,0.6896551724137931,10,low_motion_slow_cuts_no_face_dark,,test|video|trend,813,788,0,1.24,0,1.55,0,1.92,2023-01-04,2023-01-05,2023-01-04,2023-01-06,2023-01-04,2023-01-07,0,0,0,166021,5425.0,0.014411043329173921,0.14727444217171368,0.012149430744426547,test,0
vid_0064,Test Video 64,2022-12-29 00:00:00+00:00,chan_4,Channel 4,17,2023-01-05 00:00:00+00:00,test|video|trend,206510,10325,0,1032,http://example.com/thumb.jpg,False,False,Test description,youtube,youtube_trending_kaggle,False,,,0,0,,,,,real,2023-01-05 00:00:00+00:00,1.0.0,11357,206510,10325,1032,0,168.0,0.055,40489.0,2226.0,40489.0,2226.0,40489.0,2226.0,40489.0,6748.17,1323.17,2023-01-05,1,0,0.0,0.0,0.0,0.0,0.0,0,0.0,0.0,0,0.0,0.0,0.0,0.8571428571428571,0.8285714285714286,10,low_motion_slow_cuts_no_face_dark,,test|video|trend,865,839,0,1.24,0,1.55,0,1.55,2023-01-05,2023-01-06,2023-01-05,2023-01-07,2023-01-05,2023-01-08,0,0,0,206510,6748.17,0.00310052669012668,0.14727444217171368,0.0025828886453586235,test,0
vid_0064,Test Video 64,2022-12-29 00:00:00+00:00,chan_4,Channel 4,27,2023-01-06 00:00:00+00:00,test|video|trend,256873,12843,0,1284,http://example.com/thumb.jpg,False,False,Test description,youtube,youtube_trending_kaggle,False,,,0,0,,,,,real,2023-01-06 00:00:00+00:00,1.0.0,14127,256873,12843,1284,0,192.0,0.055,50363.0,2770.0,50363.0,2770.0,50363.0,2770.0,50363.0,8393.83,1645.66,2023-01-06,1,0,0.0,0.0,0.0,0.0,0.0,0,0.0,0.0,0,0.0,0.0,0.0,0.9696969696969697,0.9696969696969697,10,low_motion_slow_cuts_no_face_dark,,test|video|trend,894,867,0,1.24,0,1.24,0,1.24,2023-01-06,2023-01-07,2023-01-06,2023-01-08,2023-01-06,2023-01-09,0,0,0,256873,8393.83,0.0008904278847112916,0.14727444217171368,0.0007247309038299975,test,0
vid_0064,Test Video 64,2022-12-29 00:00:00+00:00,chan_4,Channel 4,29,2023-01-07 00:00:00+00:00,test|video|trend,319518,15975,0,1597,http://example.com/thumb.jpg,False,False,Test description,youtube,youtube_trending_kaggle,False,,,0,0,,,,,real,2023-01-07 00:00:00+00:00,1.0.0,17572,319518,15975,1597,0,216.0,0.055,62645.0,3445.0,62645.0,3445.0,62645.0,3445.0,62645.0,10440.83,2047.0,2023-01-07,1,0,0.0,0.0,0.0,0.0,0.0,0,0.0,0.0,0,0.0,0.0,0.0,0.9354838709677419,0.8709677419354839,10,low_motion_slow_cuts_no_face_dark,,test|video|trend,939,910,0,1.0,0,1.0,0,1.0,2023-01-07,2023-01-08,2023-01-07,2023-01-09,2023-01-07,2023-01-10,0,0,0,319518,10440.83,0.00013677466210881102,0.14727444217171368,0.00014260113777269564,test,0
vid_0065,Test Video 65,2022-12-28 00:00:00+00:00,chan_5,Channel 5,28,2022-12-28 00:00:00+00:00,test|video|trend,48108,2405,0,240,http://example.com/thumb.jpg,False,False,Test description,youtube,youtube_trending_kaggle,False,,,0,0,,,,,real,2022-12-28 00:00:00+00:00,1.0.0,2645,48108,2405,240,0,0.0,0.055,0.0,0.0,0.0,0.0,0.0,0.0,0.0,0.0,0.0,,1,0,0.0,0.0,0.0,0.0,0.0,0,0.0,0.0,0,0.0,0.0,0.0,0.36666666666666664,0.03333333333333333,10,low_motion_slow_cuts_no_face_dark,,test|video|trend,208,202,0,1.19,0,1.41,0,1.67,2022-12-28,2022-12-29,2022-12-28,2022-12-30,2022-12-28,2022-12-31,0,0,0,48108,0.0,0.0030308680486945995,0.14727444217171368,0.003959834541404512,train,0
vid_0065,Test Video 65,2022-12-28 00:00:00+00:00,chan_5,Channel 5,28,2022-12-29 00:00:00+00:00,test|video|trend,57112,2855,0,285,http://example.com/thumb.jpg,False,False,Test description,youtube,youtube_trending_kaggle,False,,,0,0,,,,,real,2022-12-29 00:00:00+00:00,1.0.0,3140,57112,2855,285,0,24.0,0.055,9004.0,495.0,9004.0,495.0,9004.0,495.0,9004.0,1500.67,0.0,2022-12-29,1,0,0.0,0.0,0.0,0.0,0.0,0,0.0,0.0,0,0.0,0.0,0.0,0.43333333333333335,0.5333333333333333,10,low_motion_slow_cuts_no_face_dark,,test|video|trend,242,236,0,1.19,0,1.41,0,1.67,2022-12-29,2022-12-30,2022-12-29,2022-12-31,2022-12-29,2023-01-01,0,0,0,57112,1500.67,0.00011570203941473843,0.14727444217171368,0.00015015432614280002,train,0
vid_0065,Test Video 65,2022-12-28 00:00:00+00:00,chan_5,Channel 5,13,2022-12-30 00:00:00+00:00,test|video|trend,67803,3390,0,339,http://example.com/thumb.jpg,False,False,Test description,youtube,youtube_trending_kaggle,False,,,0,0,,,,,real,2022-12-30 00:00:00+00:00,1.0.0,3729,67803,3390,339,0,48.0,0.055,10691.0,589.0,10691.0,589.0,10691.0,589.0,10691.0,1781.83,281.16,2022-12-30,1,0,0.0,0.0,0.0,0.0,0.0,0,0.0,0.0,0,0.0,0.0,0.0,0.53125,0.5,10,low_motion_slow_cuts_no_face_dark,,test|video|trend,392,380,0,1.19,0,1.41,0,1.67,2022-12-30,2022-12-31,2022-12-30,2023-01-01,2022-12-30,2023-01-02,0,0,0,67803,1781.83,0.00011800760254585903,0.14727444217171368,8.385972514456921e-05,train,0
vid_0065,Test Video 65,2022-12-28 00:00:00+00:00,chan_5,Channel 5,20,2022-12-31 00:00:00+00:00,test|video|trend,80494,4024,0,402,http://example.com/thumb.jpg,False,False,Test description,youtube,youtube_trending_kaggle,False,,,0,0,,,,,real,2022-12-31 00:00:00+00:00,1.0.0,4426,80494,4024,402,0,72.0,0.055,12691.0,697.0,12691.0,697.0,12691.0,697.0,12691.0,2115.17,333.34,2022-12-31,1,0,0.0,0.0,0.0,0.0,0.0,0,0.0,0.0,0,0.0,0.0,0.0,0.7419354838709677,0.6451612903225806,10,low_motion_slow_cuts_no_face_dark,,test|video|trend,419,407,0,1.19,0,1.41,0,1.67,2022-12-31,2023-01-01,2022-12-31,2023-01-02,2022-12-31,2023-01-03,0,0,0,80494,2115.17,8.68294453550596e-06,0.14727444217171368,8.28565112900817e-06,train,0
vid_0065,Test Video 65,2022-12-28 00:00:00+00:00,chan_5,Channel 5,7,2023-01-01 00:00:00+00:00,test|video|trend,95561,4778,0,477,http://example.com/thumb.jpg,False,False,Test description,youtube,youtube_trending_kaggle,False,,,0,0,,,,,real,2023-01-01 00:00:00+00:00,1.0.0,5255,95561,4778,477,0,96.0,0.055,15067.0,829.0,15067.0,829.0,15067.0,829.0,15067.0,2511.17,396.0,2023-01-01,1,0,0.0,0.0,0.0,0.0,0.0,0,0.0,0.0,0,0.0,0.0,0.0,0.7297297297297297,0.6486486486486487,10,low_motion_slow_cuts_no_face_dark,,test|video|trend,517,502,0,1.19,0,1.41,0,1.67,2023-01-01,2023-01-02,2023-01-01,2023-01-03,2023-01-01,2023-01-04,0,0,0,95561,2511.17,1.374485950736447e-05,0.14727444217171368,2.5824281400351184e-05,train,0
vid_0065,Test Video 65,2022-12-28 00:00:00+00:00,chan_5,Channel 5,29,2023-01-02 00:00:00+00:00,test|video|trend,113448,5672,0,567,http://example.com/thumb.jpg,False,False,Test description,youtube,youtube_trending_kaggle,False,,,0,0,,,,,real,2023-01-02 00:00:00+00:00,1.0.0,6239,113448,5672,567,0,120.0,0.055,17887.0,984.0,17887.0,984.0,17887.0,984.0,17887.0,2981.17,470.0,2023-01-02,1,0,0.0,0.0,0.0,0.0,0.0,0,0.0,0.0,0,0.0,0.0,0.0,0.7096774193548387,0.6129032258064516,10,low_motion_slow_cuts_no_face_dark,,test|video|trend,617,598,0,1.19,0,1.41,0,1.67,2023-01-02,2023-01-03,2023-01-02,2023-01-04,2023-01-02,2023-01-05,0,0,0,113448,2981.17,1.1675826167077251e-05,0.14727444217171368,1.0045166741368186e-05,train,0
vid_0065,Test Video 65,2022-12-28 00:00:00+00:00,chan_5,Channel 5,4,2023-01-03 00:00:00+00:00,test|video|trend,134683,6734,0,673,http://example.com/thumb.jpg,False,False,Test description,youtube,youtube_trending_kaggle,False,,,0,0,,,,,real,2023-01-03 00:00:00+00:00,1.0.0,7407,134683,6734,673,0,144.0,0.055,21235.0,1168.0,21235.0,1168.0,21235.0,1168.0,21235.0,3539.17,558.0,2023-01-03,1,0,0.0,0.0,0.0,0.0,0.0,0,0.0,0.0,0,0.0,0.0,0.0,0.7894736842105263,0.6842105263157895,10,low_motion_slow_cuts_no_face_dark,,test|video|trend,727,704,0,1.19,0,1.41,0,1.67,2023-01-03,2023-01-04,2023-01-03,2023-01-05,2023-01-03,2023-01-06,0,0,0,134683,3539.17,0.0006120916444853512,0.14727444217171368,0.0005188505297880661,test,0
vid_0065,Test Video 65,2022-12-28 00:00:00+00:00,chan_5,Channel 5,6,2023-01-04 00:00:00+00:00,test|video|trend,159892,7994,0,799,http://example.com/thumb.jpg,False,False,Test description,youtube,youtube_trending_kaggle,False,,,0,0,,,,,real,2023-01-04 00:00:00+00:00,1.0.0,8793,159892,7994,799,0,168.0,0.055,25209.0,1386.0,25209.0,1386.0,25209.0,1386.0,25209.0,4201.5,662.33,2023-01-04,1,0,0.0,0.0,0.0,0.0,0.0,0,0.0,0.0,0,0.0,0.0,0.0,0.8157894736842105,0.7894736842105263,10,low_motion_slow_cuts_no_face_dark,,test|video|trend,828,803,0,1.19,0,1.41,0,1.41,2023-01-04,2023-01-05,2023-01-04,2023-01-06,2023-01-04,2023-01-07,0,0,0,159892,4201.5,0.0013347919946552404,0.14727444217171368,0.0011957375442196913,test,0
vid_0065,Test Video 65,2022-12-28 00:00:00+00:00,chan_5,Channel 5,14,2023-01-05 00:00:00+00:00,test|video|trend,189821,9491,0,949,http://example.com/thumb.jpg,False,False,Test description,youtube,youtube_trending_kaggle,False,,,0,0,,,,,real,2023-01-05 00:00:00+00:00,1.0.0,10440,189821,9491,949,0,192.0,0.055,29929.0,1647.0,29929.0,1647.0,29929.0,1647.0,29929.0,4988.17,786.67,2023-01-05,1,0,0.0,0.0,0.0,0.0,0.0,0,0.0,0.0,0,0.0,0.0,0.0,0.8055555555555556,0.75,10,low_motion_slow_cuts_no_face_dark,,test|video|trend,857,831,0,1.19,0,1.19,0,1.19,2023-01-05,2023-01-06,2023-01-05,2023-01-07,2023-01-05,2023-01-08,0,0,0,189821,4988.17,0.0008473695950920138,0.14727444217171368,0.0007430235113408197,test,0
vid_0065,Test Video 65,2022-12-28 00:00:00+00:00,chan_5,Channel 5,21,2023-01-06 00:00:00+00:00,test|video|trend,225351,11267,0,1126,http://example.com/thumb.jpg,False,False,Test description,youtube,youtube_trending_kaggle,False,,,0,0,,,,,real,2023-01-06 00:00:00+00:00,1.0.0,12393,225351,11267,1126,0,216.0,0.055,35530.0,1953.0,35530.0,1953.0,35530.0,1953.0,35530.0,5921.67,933.5,2023-01-06,1,0,0.0,0.0,0.0,0.0,0.0,0,0.0,0.0,0,0.0,0.0,0.0,0.9210526315789473,0.868421052631579,10,low_motion_slow_cuts_no_face_dark,,test|video|trend,905,877,0,1.0,0,1.0,0,1.0,2023-01-06,2023-01-07,2023-01-06,2023-01-08,2023-01-06,2023-01-09,0,0,0,225351,5921.67,0.0005161326366401059,0.14727444217171368,0.000503956312312296,test,0
vid_0066,Test Video 66,2022-12-29 00:00:00+00:00,chan_6,Channel 6,15,2022-12-29 00:00:00+00:00,test|video|trend,18462,923,0,92,http://example.com/thumb.jpg,False,False,Test description,youtube,youtube_trending_kaggle,False,,,0,0,,,,,real,2022-12-29 00:00:00+00:00,1.0.0,1015,18462,923,92,0,0.0,0.055,0.0,0.0,0.0,0.0,0.0,0.0,0.0,0.0,0.0,,1,0,0.0,0.0,0.0,0.0,0.0,0,0.0,0.0,0,0.0,0.0,0.0,0.15384615384615385,0.11538461538461539,10,low_motion_slow_cuts_no_face_dark,,test|video|trend,232,226,0,1.13,0,1.27,0,1.43,2022-12-29,2022-12-30,2022-12-29,2022-12-31,2022-12-29,2023-01-01,0,0,0,18462,0.0,0.0015032254779069776,0.14727444217171368,0.0014643095023600542,train,0
vid_0066,Test Video 66,2022-12-29 00:00:00+00:00,chan_6,Channel 6,11,2022-12-30 00:00:00+00:00,test|video|trend,20791,1039,0,103,http://example.com/thumb.jpg,False,False,Test description,youtube,youtube_trending_kaggle,False,,,0,0,,,,,real,2022-12-30 00:00:00+00:00,1.0.0,1142,20791,1039,103,0,24.0,0.0549,2329.0,127.0,2329.0,127.0,2329.0,127.0,2329.0,388.17,0.0,2022-12-30,1,0,0.0,0.0,0.0,0.0,0.0,0,0.0,0.0,0,0.0,0.0,0.0,0.1935483870967742,0.22580645161290322,10,low_motion_slow_cuts_no_face_dark,,test|video|trend,396,384,0,1.13,0,1.27,0,1.43,2022-12-30,2022-12-31,2022-12-30,2023-01-01,2022-12-30,2023-01-02,0,0,0,20791,388.17,0.006071332826851173,0.14727444217171368,0.004103140241737092,train,0
vid_0066,Test Video 66,2022-12-29 00:00:00+00:00,chan_6,Channel 6,10,2022-12-31 00:00:00+00:00,test|video|trend,23415,1170,0,117,http://example.com/thumb.jpg,False,False,Test description,youtube,youtube_trending_kaggle,False,,,0,0,,,,,real,2022-12-31 00:00:00+00:00,1.0.0,1287,23415,1170,117,0,48.0,0.055,2624.0,145.0,2624.0,145.0,2624.0,145.0,2624.0,437.33,49.16,2022-12-31,1,0,0.0,0.0,0.0,0.0,0.0,0,0.0,0.0,0,0.0,0.0,0.0,0.36363636363636365,0.30303030303030304,10,low_motion_slow_cuts_no_face_dark,,test|video|trend,421,409,0,1.13,0,1.27,0,1.43,2022-12-31,2023-01-01,2022-12-31,2023-01-02,2022-12-31,2023-01-03,0,0,0,23415,437.33,0.0005972481336322763,0.14727444217171368,0.0004184266820843749,train,0
vid_0066,Test Video 66,2022-12-29 00:00:00+00:00,chan_6,Channel 6,28,2023-01-01 00:00:00+00:00,test|video|trend,26370,1318,0,131,http://example.com/thumb.jpg,False,False,Test description,youtube,youtube_trending_kaggle,False,,,0,0,,,,,real,2023-01-01 00:00:00+00:00,1.0.0,1449,26370,1318,131,0,72.0,0.0549,2955.0,162.0,2955.0,162.0,2955.0,162.0,2955.0,492.5,55.17,2023-01-01,1,0,0.0,0.0,0.0,0.0,0.0,0,0.0,0.0,0,0.0,0.0,0.0,0.23333333333333334,0.26666666666666666,10,low_motion_slow_cuts_no_face_dark,,test|video|trend,501,486,0,1.13,0,1.27,0,1.43,2023-01-01,2023-01-02,2023-01-01,2023-01-03,2023-01-01,2023-01-04,0,0,0,26370,492.5,0.0005784000723125951,0.14727444217171368,0.0004626434946603961,train,0
vid_0066,Test Video 66,2022-12-29 00:00:00+00:00,chan_6,Channel 6,24,2023-01-02 00:00:00+00:00,test|video|trend,29698,1484,0,148,http://example.com/thumb.jpg,False,False,Test description,youtube,youtube_trending_kaggle,False,,,0,0,,,,,real,2023-01-02 00:00:00+00:00,1.0.0,1632,29698,1484,148,0,96.0,0.055,3328.0,183.0,3328.0,183.0,3328.0,183.0,3328.0,554.67,62.17,2023-01-02,1,0,0.0,0.0,0.0,0.0,0.0,0,0.0,0.0,0,0.0,0.0,0.0,0.37777777777777777,0.35555555555555557,10,low_motion_slow_cuts_no_face_dark,,test|video|trend,619,600,0,1.13,0,1.27,0,1.43,2023-01-02,2023-01-03,2023-01-02,2023-01-04,2023-01-02,2023-01-05,0,0,0,29698,554.67,0.00015812269819098695,0.14727444217171368,0.00023644755079443064,train,0
vid_0066,Test Video 66,2022-12-29 00:00:00+00:00,chan_6,Channel 6,26,2023-01-03 00:00:00+00:00,test|video|trend,33446,1672,0,167,http://example.com/thumb.jpg,False,False,Test description,youtube,youtube_trending_kaggle,False,,,0,0,,,,,real,2023-01-03 00:00:00+00:00,1.0.0,1839,33446,1672,167,0,120.0,0.055,3748.0,207.0,3748.0,207.0,3748.0,207.0,3748.0,624.67,70.0,2023-01-03,1,0,0.0,0.0,0.0,0.0,0.0,0,0.0,0.0,0,0.0,0.0,0.0,0.36538461538461536,0.38461538461538464,10,low_motion_slow_cuts_no_face_dark,,test|video|trend,724,701,0,1.13,0,1.27,0,1.43,2023-01-03,2023-01-04,2023-01-03,2023-01-05,2023-01-03,2023-01-06,0,0,0,33446,624.67,3.078653970801186e-05,0.14727444217171368,3.174863212470022e-05,test,0
vid_0066,Test Video 66,2022-12-29 00:00:00+00:00,chan_6,Channel 6,20,2023-01-04 00:00:00+00:00,test|video|trend,37667,1883,0,188,http://example.com/thumb.jpg,False,False,Test description,youtube,youtube_trending_kaggle,False,,,0,0,,,,,real,2023-01-04 00:00:00+00:00,1.0.0,2071,37667,1883,188,0,144.0,0.055,4221.0,232.0,4221.0,232.0,4221.0,232.0,4221.0,703.5,78.83,2023-01-04,1,0,0.0,0.0,0.0,0.0,0.0,0,0.0,0.0,0,0.0,0.0,0.0,0.3870967741935484,0.45161290322580644,10,low_motion_slow_cuts_no_face_dark,,test|video|trend,816,791,0,1.13,0,1.27,0,1.43,2023-01-04,2023-01-05,2023-01-04,2023-01-06,2023-01-04,2023-01-07,0,0,0,37667,703.5,2.5091537335893243e-05,0.14727444217171368,3.8133626376755953e-05,test,0
vid_0066,Test Video 66,2022-12-29 00:00:00+00:00,chan_6,Channel 6,22,2023-01-05 00:00:00+00:00,test|video|trend,42420,2121,0,212,http://example.com/thumb.jpg,False,False,Test description,youtube,youtube_trending_kaggle,False,,,0,0,,,,,real,2023-01-05 00:00:00+00:00,1.0.0,2333,42420,2121,212,0,168.0,0.055,4753.0,262.0,4753.0,262.0,4753.0,262.0,4753.0,792.17,88.67,2023-01-05,1,0,0.0,0.0,0.0,0.0,0.0,0,0.0,0.0,0,0.0,0.0,0.0,0.46875,0.46875,10,low_motion_slow_cuts_no_face_dark,,test|video|trend,844,819,0,1.13,0,1.27,0,1.27,2023-01-05,2023-01-06,2023-01-05,2023-01-07,2023-01-05,2023-01-08,0,0,0,42420,792.17,3.0360450995794347e-05,0.14727444217171368,2.7353237808538497e-05,test,0
vid_0066,Test Video 66,2022-12-29 00:00:00+00:00,chan_6,Channel 6,8,2023-01-06 00:00:00+00:00,test|video|trend,47774,2388,0,238,http://example.com/thumb.jpg,False,False,Test description,youtube,youtube_trending_kaggle,False,,,0,0,,,,,real,2023-01-06 00:00:00+00:00,1.0.0,2626,47774,2388,238,0,192.0,0.055,5354.0,293.0,5354.0,293.0,5354.0,293.0,5354.0,892.33,100.16,2023-01-06,1,0,0.0,0.0,0.0,0.0,0.0,0,0.0,0.0,0,0.0,0.0,0.0,0.5116279069767442,0.46511627906976744,10,low_motion_slow_cuts_no_face_dark,,test|video|trend,902,874,0,1.13,0,1.13,0,1.13,2023-01-06,2023-01-07,2023-01-06,2023-01-08,2023-01-06,2023-01-09,0,0,0,47774,892.33,2.7290949831810427e-05,0.14727444217171368,2.017481558075855e-05,test,0
vid_0066,Test Video 66,2022-12-29 00:00:00+00:00,chan_6,Channel 6,19,2023-01-07 00:00:00+00:00,test|video|trend,53803,2690,0,269,http://example.com/thumb.jpg,False,False,Test description,youtube,youtube_trending_kaggle,False,,,0,0,,,,,real,2023-01-07 00:00:00+00:00,1.0.0,2959,53803,2690,269,0,216.0,0.055,6029.0,333.0,6029.0,333.0,6029.0,333.0,6029.0,1004.83,112.5,2023-01-07,1,0,0.0,0.0,0.0,0.0,0.0,0,0.0,0.0,0,0.0,0.0,0.0,0.5555555555555556,0.3888888888888889,10,low_motion_slow_cuts_no_face_dark,,test|video|trend,958,929,0,1.0,0,1.0,0,1.0,2023-01-07,2023-01-08,2023-01-07,2023-01-09,2023-01-07,2023-01-10,0,0,0,53803,1004.83,0.00013897732767095995,0.14727444217171368,0.00021363500535515346,test,0
vid_0067,Test Video 67,2022-12-26 00:00:00+00:00,chan_7,Channel 7,3,2022-12-26 00:00:00+00:00,test|video|trend,40657,2032,0,203,http://example.com/thumb.jpg,False,False,Test description,youtube,youtube_trending_kaggle,False,,,0,0,,,,,real,2022-12-26 00:00:00+00:00,1.0.0,2235,40657,2032,203,0,0.0,0.055,0.0,0.0,0.0,0.0,0.0,0.0,0.0,0.0,0.0,,1,0,0.0,0.0,0.0,0.0,0.0,0,0.0,0.0,0,0.0,0.0,0.0,0.3076923076923077,0.0641025641025641,10,low_motion_slow_cuts_no_face_dark,,test|video|trend,82,80,0,1.29,0,1.67,0,2.17,2022-12-26,2022-12-27,2022-12-26,2022-12-28,2022-12-26,2022-12-29,0,0,0,40657,0.0,0.01653121939907688,0.14727444217171368,0.024888250267248932,train,0
vid_0067,Test Video 67,2022-12-26 00:00:00+00:00,chan_7,Channel 7,27,2022-12-27 00:00:00+00:00,test|video|trend,52604,2630,0,263,http://example.com/thumb.jpg,False,False,Test description,youtube,youtube_trending_kaggle,False,,,0,0,,,,,real,2022-12-27 00:00:00+00:00,1.0.0,2893,52604,2630,263,0,24.0,0.055,11947.0,658.0,11947.0,658.0,11947.0,658.0,11947.0,1991.17,0.0,2022-12-27,1,0,0.0,0.0,0.0,0.0,0.0,0,0.0,0.0,0,0.0,0.0,0.0,0.5151515151515151,0.6363636363636364,10,low_motion_slow_cuts_no_face_dark,,test|video|trend,153,150,0,1.29,0,1.67,0,2.17,2022-12-27,2022-12-28,2022-12-27,2022-12-29,2022-12-27,2022-12-30,0,0,0,52604,1991.17,0.002229827143008366,0.14727444217171368,0.0016716100896625808,train,0
vid_0067,Test Video 67,2022-12-26 00:00:00+00:00,chan_7,Channel 7,26,2022-12-28 00:00:00+00:00,test|video|trend,68062,3403,0,340,http://example.com/thumb.jpg,False,False,Test description,youtube,youtube_trending_kaggle,False,,,0,0,,,,,real,2022-12-28 00:00:00+00:00,1.0.0,3743,68062,3403,340,0,48.0,0.055,15458.0,850.0,15458.0,850.0,15458.0,850.0,15458.0,2576.33,585.16,2022-12-28,1,0,0.0,0.0,0.0,0.0,0.0,0,0.0,0.0,0,0.0,0.0,0.0,0.6538461538461539,0.6923076923076923,10,low_motion_slow_cuts_no_face_dark,,test|video|trend,215,209,0,1.29,0,1.67,0,2.17,2022-12-28,2022-12-29,2022-12-28,2022-12-30,2022-12-28,2022-12-31,0,0,0,68062,2576.33,0.004794858312773715,0.14727444217171368,0.002857145048159129,train,0
vid_0067,Test Video 67,2022-12-26 00:00:00+00:00,chan_7,Channel 7,19,2022-12-29 00:00:00+00:00,test|video|trend,88063,4403,0,440,http://example.com/thumb.jpg,False,False,Test description,youtube,youtube_trending_kaggle,False,,,0,0,,,,,real,2022-12-29 00:00:00+00:00,1.0.0,4843,88063,4403,440,0,72.0,0.055,20001.0,1100.0,20001.0,1100.0,20001.0,1100.0,20001.0,3333.5,757.17,2022-12-29,1,0,0.0,0.0,0.0,0.0,0.0,0,0.0,0.0,0,0.0,0.0,0.0,0.7222222222222222,0.6388888888888888,10,low_motion_slow_cuts_no_face_dark,,test|video|trend,235,229,0,1.29,0,1.67,0,2.17,2022-12-29,2022-12-30,2022-12-29,2022-12-31,2022-12-29,2023-01-01,0,0,0,88063,3333.5,5.98138497545974e-05,0.14727444217171368,7.080265557170878e-05,train,0
vid_0067,Test Video 67,2022-12-26 00:00:00+00:00,chan_7,Channel 7,16,2022-12-30 00:00:00+00:00,test|video|trend,113941,5697,0,569,http://example.com/thumb.jpg,False,False,Test description,youtube,youtube_trending_kaggle,False,,,0,0,,,,,real,2022-12-30 00:00:00+00:00,1.0.0,6266,113941,5697,569,0,96.0,0.055,25878.0,1423.0,25878.0,1423.0,25878.0,1423.0,25878.0,4313.0,979.5,2022-12-30,1,0,0.0,0.0,0.0,0.0,0.0,0,0.0,0.0,0,0.0,0.0,0.0,0.875,0.875,10,low_motion_slow_cuts_no_face_dark,,test|video|trend,357,347,0,1.29,0,1.67,0,2.17,2022-12-30,2022-12-31,2022-12-30,2023-01-01,2022-12-30,2023-01-02,0,0,0,113941,4313.0,0.09235291307482138,0.14727444217171368,0.09007956388606524,train,0
vid_0067,Test Video 67,2022-12-26 00:00:00+00:00,chan_7,Channel 7,26,2022-12-31 00:00:00+00:00,test|video|trend,147423,7371,0,737,http://example.com/thumb.jpg,False,False,Test description,youtube,youtube_trending_kaggle,False,,,0,0,,,,,real,2022-12-31 00:00:00+00:00,1.0.0,8108,147423,7371,737,0,120.0,0.055,33482.0,1842.0,33482.0,1842.0,33482.0,1842.0,33482.0,5580.33,1267.33,2022-12-31,1,0,0.0,0.0,0.0,0.0,0.0,0,0.0,0.0,0,0.0,0.0,0.0,0.7884615384615384,0.7884615384615384,10,low_motion_slow_cuts_no_face_dark,,test|video|trend,425,413,0,1.29,0,1.67,0,2.17,2022-12-31,2023-01-01,2022-12-31,2023-01-02,2022-12-31,2023-01-03,0,0,0,147423,5580.33,0.008204949455054528,0.14727444217171368,0.005224707265776077,train,0
vid_0067,Test Video 67,2022-12-26 00:00:00+00:00,chan_7,Channel 7,12,2023-01-01 00:00:00+00:00,test|video|trend,190745,9537,0,953,http://example.com/thumb.jpg,False,False,Test description,youtube,youtube_trending_kaggle,False,,,0,0,,,,,real,2023-01-01 00:00:00+00:00,1.0.0,10490,190745,9537,953,0,144.0,0.055,43322.0,2382.0,43322.0,2382.0,43322.0,2382.0,43322.0,7220.33,1640.0,2023-01-01,1,0,0.0,0.0,0.0,0.0,0.0,0,0.0,0.0,0,0.0,0.0,0.0,0.9,0.9,10,low_motion_slow_cuts_no_face_dark,,test|video|trend,510,495,0,1.29,0,1.67,0,2.17,2023-01-01,2023-01-02,2023-01-01,2023-01-03,2023-01-01,2023-01-04,0,0,0,190745,7220.33,0.0935479547786392,0.14727444217171368,0.08393400917247931,train,0
vid_0067,Test Video 67,2022-12-26 00:00:00+00:00,chan_7,Channel 7,7,2023-01-02 00:00:00+00:00,test|video|trend,246797,12339,0,1233,http://example.com/thumb.jpg,False,False,Test description,youtube,youtube_trending_kaggle,False,,,0,0,,,,,real,2023-01-02 00:00:00+00:00,1.0.0,13572,246797,12339,1233,0,168.0,0.055,56052.0,3082.0,56052.0,3082.0,56052.0,3082.0,56052.0,9342.0,2121.67,2023-01-02,1,0,0.0,0.0,0.0,0.0,0.0,0,0.0,0.0,0,0.0,0.0,0.0,0.9459459459459459,0.9459459459459459,10,low_motion_slow_cuts_no_face_dark,,test|video|trend,600,582,0,1.29,0,1.67,0,1.67,2023-01-02,2023-01-03,2023-01-02,2023-01-04,2023-01-02,2023-01-05,0,0,0,246797,9342.0,0.0023234523521160908,0.14727444217171368,0.002159750164719234,train,0
vid_0067,Test Video 67,2022-12-26 00:00:00+00:00,chan_7,Channel 7,21,2023-01-03 00:00:00+00:00,test|video|trend,319320,15966,0,1596,http://example.com/thumb.jpg,False,False,Test description,youtube,youtube_trending_kaggle,False,,,0,0,,,,,real,2023-01-03 00:00:00+00:00,1.0.0,17562,319320,15966,1596,0,192.0,0.055,72523.0,3990.0,72523.0,3990.0,72523.0,3990.0,72523.0,12087.17,2745.17,2023-01-03,1,0,0.0,0.0,0.0,0.0,0.0,0,0.0,0.0,0,0.0,0.0,0.0,1.0,1.0,10,low_motion_slow_cuts_no_face_dark,,test|video|trend,730,707,0,1.29,0,1.29,0,1.29,2023-01-03,2023-01-04,2023-01-03,2023-01-05,2023-01-03,2023-01-06,0,0,0,319320,12087.17,0.0008252050646230912,0.14727444217171368,0.000723871890396991,test,0
vid_0067,Test Video 67,2022-12-26 00:00:00+00:00,chan_7,Channel 7,17,2023-01-04 00:00:00+00:00,test|video|trend,413155,20657,0,2065,http://example.com/thumb.jpg,False,False,Test description,youtube,youtube_trending_kaggle,False,,,0,0,,,,,real,2023-01-04 00:00:00+00:00,1.0.0,22722,413155,20657,2065,0,216.0,0.055,93835.0,5160.0,93835.0,5160.0,93835.0,5160.0,93835.0,15639.17,3552.0,2023-01-04,1,0,0.0,0.0,0.0,0.0,0.0,0,0.0,0.0,0,0.0,0.0,0.0,0.9428571428571428,0.9142857142857143,10,low_motion_slow_cuts_no_face_dark,,test|video|trend,831,806,0,1.0,0,1.0,0,1.0,2023-01-04,2023-01-05,2023-01-04,2023-01-06,2023-01-04,2023-01-07,0,0,0,413155,15639.17,0.00012958714030414636,0.14727444217171368,0.0001224727252339568,test,0
vid_0068,Test Video 68,2022-12-28 00:00:00+00:00,chan_8,Channel 8,26,2022-12-28 00:00:00+00:00,test|video|trend,14629,731,0,73,http://example.com/thumb.jpg,False,False,Test description,youtube,youtube_trending_kaggle,False,,,0,0,,,,,real,2022-12-28 00:00:00+00:00,1.0.0,804,14629,731,73,0,0.0,0.055,0.0,0.0,0.0,0.0,0.0,0.0,0.0,0.0,0.0,,1,0,0.0,0.0,0.0,0.0,0.0,0,0.0,0.0,0,0.0,0.0,0.0,0.11538461538461539,0.08653846153846154,10,low_motion_slow_cuts_no_face_dark,,test|video|trend,220,214,0,1.28,0,1.63,0,2.09,2022-12-28,2022-12-29,2022-12-28,2022-12-30,2022-12-28,2022-12-31,0,0,0,14629,0.0,0.04727940419152582,0.14727444217171368,0.039020294808874874,train,0
vid_0068,Test Video 68,2022-12-28 00:00:00+00:00,chan_8,Channel 8,1,2022-12-29 00:00:00+00:00,test|video|trend,18694,934,0,93,http://example.com/thumb.jpg,False,False,Test description,youtube,youtube_trending_kaggle,False,,,0,0,,,,,real,2022-12-29 00:00:00+00:00,1.0.0,1027,18694,934,93,0,24.0,0.0549,4065.0,223.0,4065.0,223.0,4065.0,223.0,4065.0,677.5,0.0,2022-12-29,1,0,0.0,0.0,0.0,0.0,0.0,0,0.0,0.0,0,0.0,0.0,0.0,0.30303030303030304,0.48484848484848486,10,low_motion_slow_cuts_no_face_dark,,test|video|trend,280,274,0,1.28,0,1.63,0,2.09,2022-12-29,2022-12-30,2022-12-29,2022-12-31,2022-12-29,2023-01-01,0,0,0,18694,677.5,0.014572257411878321,0.14727444217171368,0.010180511516060491,train,0
vid_0068,Test Video 68,2022-12-28 00:00:00+00:00,chan_8,Channel 8,18,2022-12-30 00:00:00+00:00,test|video|trend,23889,1194,0,119,http://example.com/thumb.jpg,False,False,Test description,youtube,youtube_trending_kaggle,False,,,0,0,,,,,real,2022-12-30 00:00:00+00:00,1.0.0,1313,23889,1194,119,0,48.0,0.055,5195.0,286.0,5195.0,286.0,5195.0,286.0,5195.0,865.83,188.33,2022-12-30,1,0,0.0,0.0,0.0,0.0,0.0,0,0.0,0.0,0,0.0,0.0,0.0,0.20689655172413793,0.3448275862068966,10,low_motion_slow_cuts_no_face_dark,,test|video|trend,363,353,0,1.28,0,1.63,0,2.09,2022-12-30,2022-12-31,2022-12-30,2023-01-01,2022-12-30,2023-01-02,0,0,0,23889,865.83,0.0032437999415995795,0.14727444217171368,0.0033676178824079027,train,0
vid_0068,Test Video 68,2022-12-28 00:00:00+00:00,chan_8,Channel 8,12,2022-12-31 00:00:00+00:00,test|video|trend,30527,1526,0,152,http://example.com/thumb.jpg,False,False,Test description,youtube,youtube_trending_kaggle,False,,,0,0,,,,,real,2022-12-31 00:00:00+00:00,1.0.0,1678,30527,1526,152,0,72.0,0.055,6638.0,365.0,6638.0,365.0,6638.0,365.0,6638.0,1106.33,240.5,2022-12-31,1,0,0.0,0.0,0.0,0.0,0.0,0,0.0,0.0,0,0.0,0.0,0.0,0.4,0.5666666666666667,10,low_motion_slow_cuts_no_face_dark,,test|video|trend,426,414,0,1.28,0,1.63,0,2.09,2022-12-31,2023-01-01,2022-12-31,2023-01-02,2022-12-31,2023-01-03,0,0,0,30527,1106.33,0.0439312440040544,0.14727444217171368,0.04178765764968143,train,0
vid_0068,Test Video 68,2022-12-28 00:00:00+00:00,chan_8,Channel 8,14,2023-01-01 00:00:00+00:00,test|video|trend,39010,1950,0,195,http://example.com/thumb.jpg,False,False,Test description,youtube,youtube_trending_kaggle,False,,,0,0,,,,,real,2023-01-01 00:00:00+00:00,1.0.0,2145,39010,1950,195,0,96.0,0.055,8483.0,467.0,8483.0,467.0,8483.0,467.0,8483.0,1413.83,307.5,2023-01-01,1,0,0.0,0.0,0.0,0.0,0.0,0,0.0,0.0,0,0.0,0.0,0.0,0.3333333333333333,0.4444444444444444,10,low_motion_slow_cuts_no_face_dark,,test|video|trend,582,565,0,1.28,0,1.63,0,2.09,2023-01-01,2023-01-02,2023-01-01,2023-01-03,2023-01-01,2023-01-04,0,0,0,39010,1413.83,0.0006820216150095045,0.14727444217171368,0.0008017150940705522,train,0
vid_0068,Test Video 68,2022-12-28 00:00:00+00:00,chan_8,Channel 8,17,2023-01-02 00:00:00+00:00,test|video|trend,49851,2492,0,249,http://example.com/thumb.jpg,False,False,Test description,youtube,youtube_trending_kaggle,False,,,0,0,,,,,real,2023-01-02 00:00:00+00:00,1.0.0,2741,49851,2492,249,0,120.0,0.055,10841.0,596.0,10841.0,596.0,10841.0,596.0,10841.0,1806.83,393.0,2023-01-02,1,0,0.0,0.0,0.0,0.0,0.0,0,0.0,0.0,0,0.0,0.0,0.0,0.4857142857142857,0.5714285714285714,10,low_motion_slow_cuts_no_face_dark,,test|video|trend,602,584,0,1.28,0,1.63,0,2.09,2023-01-02,2023-01-03,2023-01-02,2023-01-04,2023-01-02,2023-01-05,0,0,0,49851,1806.83,0.0007035573796207244,0.14727444217171368,0.0002870743149600077,train,0
vid_0068,Test Video 68,2022-12-28 00:00:00+00:00,chan_8,Channel 8,26,2023-01-03 00:00:00+00:00,test|video|trend,63704,3185,0,318,http://example.com/thumb.jpg,False,False,Test description,youtube,youtube_trending_kaggle,False,,,0,0,,,,,real,2023-01-03 00:00:00+00:00,1.0.0,3503,63704,3185,318,0,144.0,0.055,13853.0,762.0,13853.0,762.0,13853.0,762.0,13853.0,2308.83,502.0,2023-01-03,1,0,0.0,0.0,0.0,0.0,0.0,0,0.0,0.0,0,0.0,0.0,0.0,0.6346153846153846,0.6346153846153846,10,low_motion_slow_cuts_no_face_dark,,test|video|trend,763,740,0,1.28,0,1.63,0,2.09,2023-01-03,2023-01-04,2023-01-03,2023-01-05,2023-01-03,2023-01-06,0,0,0,63704,2308.83,0.0001828599019464826,0.14727444217171368,0.00026818946748884744,test,0
vid_0068,Test Video 68,2022-12-28 00:00:00+00:00,chan_8,Channel 8,17,2023-01-04 00:00:00+00:00,test|video|trend,81406,4070,0,407,http://example.com/thumb.jpg,False,False,Test description,youtube,youtube_trending_kaggle,False,,,0,0,,,,,real,2023-01-04 00:00:00+00:00,1.0.0,4477,81406,4070,407,0,168.0,0.055,17702.0,974.0,17702.0,974.0,17702.0,974.0,17702.0,2950.33,641.5,2023-01-04,1,0,0.0,0.0,0.0,0.0,0.0,0,0.0,0.0,0,0.0,0.0,0.0,0.6571428571428571,0.7142857142857143,10,low_motion_slow_cuts_no_face_dark,,test|video|trend,821,796,0,1.28,0,1.63,0,1.63,2023-01-04,2023-01-05,2023-01-04,2023-01-06,2023-01-04,2023-01-07,0,0,0,81406,2950.33,0.005432127411320621,0.14727444217171368,0.005288092036139061,test,0
vid_0068,Test Video 68,2022-12-28 00:00:00+00:00,chan_8,Channel 8,9,2023-01-05 00:00:00+00:00,test|video|trend,104028,5201,0,520,http://example.com/thumb.jpg,False,False,Test description,youtube,youtube_trending_kaggle,False,,,0,0,,,,,real,2023-01-05 00:00:00+00:00,1.0.0,5721,104028,5201,520,0,192.0,0.055,22622.0,1244.0,22622.0,1244.0,22622.0,1244.0,22622.0,3770.33,820.0,2023-01-05,1,0,0.0,0.0,0.0,0.0,0.0,0,0.0,0.0,0,0.0,0.0,0.0,0.7878787878787878,0.7878787878787878,10,low_motion_slow_cuts_no_face_dark,,test|video|trend,892,865,0,1.28,0,1.28,0,1.28,2023-01-05,2023-01-06,2023-01-05,2023-01-07,2023-01-05,2023-01-08,0,0,0,104028,3770.33,4.03536726258655e-05,0.14727444217171368,3.2980452864804555e-05,test,0
vid_0068,Test Video 68,2022-12-28 00:00:00+00:00,chan_8,Channel 8,25,2023-01-06 00:00:00+00:00,test|video|trend,132936,6646,0,664,http://example.com/thumb.jpg,False,False,Test description,youtube,youtube_trending_kaggle,False,,,0,0,,,,,real,2023-01-06 00:00:00+00:00,1.0.0,7310,132936,6646,664,0,216.0,0.055,28908.0,1589.0,28908.0,1589.0,28908.0,1589.0,28908.0,4818.0,1047.67,2023-01-06,1,0,0.0,0.0,0.0,0.0,0.0,0,0.0,0.0,0,0.0,0.0,0.0,0.8378378378378378,0.7837837837837838,10,low_motion_slow_cuts_no_face_dark,,test|video|trend,896,868,0,1.0,0,1.0,0,1.0,2023-01-06,2023-01-07,2023-01-06,2023-01-08,2023-01-06,2023-01-09,0,0,0,132936,4818.0,0.0007476193221528326,0.14727444217171368,0.0007137430418124705,test,0
vid_0069,Test Video 69,2022-12-30 00:00:00+00:00,chan_9,Channel 9,24,2022-12-30 00:00:00+00:00,test|video|trend,20537,1026,0,102,http://example.com/thumb.jpg,False,False,Test description,youtube,youtube_trending_kaggle,False,,,0,0,,,,,real,2022-12-30 00:00:00+00:00,1.0.0,1128,20537,1026,102,0,0.0,0.0549,0.0,0.0,0.0,0.0,0.0,0.0,0.0,0.0,0.0,,1,0,0.0,0.0,0.0,0.0,0.0,0,0.0,0.0,0,0.0,0.0,0.0,0.24444444444444444,0.07777777777777778,10,low_motion_slow_cuts_no_face_dark,,test|video|trend,366,356,0,1.07,0,1.14,0,1.21,2022-12-30,2022-12-31,2022-12-30,2023-01-01,2022-12-30,2023-01-02,0,0,0,20537,0.0,0.05396182572704046,0.14727444217171368,0.06904284223562036,train,0
vid_0069,Test Video 69,2022-12-30 00:00:00+00:00,chan_9,Channel 9,20,2022-12-31 00:00:00+00:00,test|video|trend,21907,1095,0,109,http://example.com/thumb.jpg,False,False,Test description,youtube,youtube_trending_kaggle,False,,,0,0,,,,,real,2022-12-31 00:00:00+00:00,1.0.0,1204,21907,1095,109,0,24.0,0.055,1370.0,76.0,1370.0,76.0,1370.0,76.0,1370.0,228.33,0.0,2022-12-31,1,0,0.0,0.0,0.0,0.0,0.0,0,0.0,0.0,0,0.0,0.0,0.0,0.22580645161290322,0.2903225806451613,10,low_motion_slow_cuts_no_face_dark,,test|video|trend,427,415,0,1.07,0,1.14,0,1.21,2022-12-31,2023-01-01,2022-12-31,2023-01-02,2022-12-31,2023-01-03,0,0,0,21907,228.33,0.0033128168245033112,0.14727444217171368,0.006421179744761956,train,0
vid_0069,Test Video 69,2022-12-30 00:00:00+00:00,chan_9,Channel 9,15,2023-01-01 00:00:00+00:00,test|video|trend,23369,1168,0,116,http://example.com/thumb.jpg,False,False,Test description,youtube,youtube_trending_kaggle,False,,,0,0,,,,,real,2023-01-01 00:00:00+00:00,1.0.0,1284,23369,1168,116,0,48.0,0.0549,1462.0,80.0,1462.0,80.0,1462.0,80.0,1462.0,243.67,15.34,2023-01-01,1,0,0.0,0.0,0.0,0.0,0.0,0,0.0,0.0,0,0.0,0.0,0.0,0.2692307692307692,0.38461538461538464,10,low_motion_slow_cuts_no_face_dark,,test|video|trend,586,569,0,1.07,0,1.14,0,1.21,2023-01-01,2023-01-02,2023-01-01,2023-01-03,2023-01-01,2023-01-04,0,0,0,23369,243.67,0.000158630212058567,0.14727444217171368,0.0001296678634020024,train,0
vid_0069,Test Video 69,2022-12-30 00:00:00+00:00,chan_9,Channel 9,23,2023-01-02 00:00:00+00:00,test|video|trend,24929,1246,0,124,http://example.com/thumb.jpg,False,False,Test description,youtube,youtube_trending_kaggle,False,,,0,0,,,,,real,2023-01-02 00:00:00+00:00,1.0.0,1370,24929,1246,124,0,72.0,0.055,1560.0,86.0,1560.0,86.0,1560.0,86.0,1560.0,260.0,16.33,2023-01-02,1,0,0.0,0.0,0.0,0.0,0.0,0,0.0,0.0,0,0.0,0.0,0.0,0.23333333333333334,0.26666666666666666,10,low_motion_slow_cuts_no_face_dark,,test|video|trend,618,599,0,1.07,0,1.14,0,1.21,2023-01-02,2023-01-03,2023-01-02,2023-01-04,2023-01-02,2023-01-05,0,0,0,24929,260.0,0.0001080617747468174,0.14727444217171368,0.00017119446298019124,train,0
vid_0069,Test Video 69,2022-12-30 00:00:00+00:00,chan_9,Channel 9,7,2023-01-03 00:00:00+00:00,test|video|trend,26593,1329,0,132,http://example.com/thumb.jpg,False,False,Test description,youtube,youtube_trending_kaggle,False,,,0,0,,,,,real,2023-01-03 00:00:00+00:00,1.0.0,1461,26593,1329,132,0,96.0,0.0549,1664.0,91.0,1664.0,91.0,1664.0,91.0,1664.0,277.33,17.33,2023-01-03,1,0,0.0,0.0,0.0,0.0,0.0,0,0.0,0.0,0,0.0,0.0,0.0,0.3783783783783784,0.2972972972972973,10,low_motion_slow_cuts_no_face_dark,,test|video|trend,756,733,0,1.07,0,1.14,0,1.21,2023-01-03,2023-01-04,2023-01-03,2023-01-05,2023-01-03,2023-01-06,0,0,0,26593,277.33,0.0002675062588539264,0.14727444217171368,0.000657448180550039,test,0
vid_0069,Test Video 69,2022-12-30 00:00:00+00:00,chan_9,Channel 9,8,2023-01-04 00:00:00+00:00,test|video|trend,28368,1418,0,141,http://example.com/thumb.jpg,False,False,Test description,youtube,youtube_trending_kaggle,False,,,0,0,,,,,real,2023-01-04 00:00:00+00:00,1.0.0,1559,28368,1418,141,0,120.0,0.055,1775.0,98.0,1775.0,98.0,1775.0,98.0,1775.0,295.83,18.5,2023-01-04,1,0,0.0,0.0,0.0,0.0,0.0,0,0.0,0.0,0,0.0,0.0,0.0,0.3023255813953488,0.32558139534883723,10,low_motion_slow_cuts_no_face_dark,,test|video|trend,815,790,0,1.07,0,1.14,0,1.21,2023-01-04,2023-01-05,2023-01-04,2023-01-06,2023-01-04,2023-01-07,0,0,0,28368,295.83,6.945655966641714e-05,0.14727444217171368,0.00019377125047369105,test,0
vid_0069,Test Video 69,2022-12-30 00:00:00+00:00,chan_9,Channel 9,20,2023-01-05 00:00:00+00:00,test|video|trend,30261,1513,0,151,http://example.com/thumb.jpg,False,False,Test description,youtube,youtube_trending_kaggle,False,,,0,0,,,,,real,2023-01-05 00:00:00+00:00,1.0.0,1664,30261,1513,151,0,144.0,0.055,1893.0,105.0,1893.0,105.0,1893.0,105.0,1893.0,315.5,19.67,2023-01-05,1,0,0.0,0.0,0.0,0.0,0.0,0,0.0,0.0,0,0.0,0.0,0.0,0.3225806451612903,0.3225806451612903,10,low_motion_slow_cuts_no_face_dark,,test|video|trend,882,855,0,1.07,0,1.14,0,1.21,2023-01-05,2023-01-06,2023-01-05,2023-01-07,2023-01-05,2023-01-08,0,0,0,30261,315.5,5.361576126316116e-05,0.14727444217171368,0.00010929975296884056,test,0
vid_0069,Test Video 69,2022-12-30 00:00:00+00:00,chan_9,Channel 9,23,2023-01-06 00:00:00+00:00,test|video|trend,32281,1614,0,161,http://example.com/thumb.jpg,False,False,Test description,youtube,youtube_trending_kaggle,False,,,0,0,,,,,real,2023-01-06 00:00:00+00:00,1.0.0,1775,32281,1614,161,0,168.0,0.055,2020.0,111.0,2020.0,111.0,2020.0,111.0,2020.0,336.67,21.17,2023-01-06,1,0,0.0,0.0,0.0,0.0,0.0,0,0.0,0.0,0,0.0,0.0,0.0,0.26666666666666666,0.3,10,low_motion_slow_cuts_no_face_dark,,test|video|trend,893,866,0,1.07,0,1.14,0,1.14,2023-01-06,2023-01-07,2023-01-06,2023-01-08,2023-01-06,2023-01-09,0,0,0,32281,336.67,3.684405974764081e-05,0.14727444217171368,3.1937591753006096e-05,test,0
vid_0069,Test Video 69,2022-12-30 00:00:00+00:00,chan_9,Channel 9,9,2023-01-07 00:00:00+00:00,test|video|trend,34435,1721,0,172,http://example.com/thumb.jpg,False,False,Test description,youtube,youtube_trending_kaggle,False,,,0,0,,,,,real,2023-01-07 00:00:00+00:00,1.0.0,1893,34435,1721,172,0,192.0,0.055,2154.0,118.0,2154.0,118.0,2154.0,118.0,2154.0,359.0,22.33,2023-01-07,1,0,0.0,0.0,0.0,0.0,0.0,0,0.0,0.0,0,0.0,0.0,0.0,0.5151515151515151,0.42424242424242425,10,low_motion_slow_cuts_no_face_dark,,test|video|trend,944,915,0,1.07,0,1.07,0,1.07,2023-01-07,2023-01-08,2023-01-07,2023-01-09,2023-01-07,2023-01-10,0,0,0,34435,359.0,2.0714590297291606e-05,0.14727444217171368,1.2874140038915967e-05,test,0
vid_0069,Test Video 69,2022-12-30 00:00:00+00:00,chan_9,Channel 9,26,2023-01-08 00:00:00+00:00,test|video|trend,36734,1836,0,183,http://example.com/thumb.jpg,False,False,Test description,youtube,youtube_trending_kaggle,False,,,0,0,,,,,real,2023-01-08 00:00:00+00:00,1.0.0,2019,36734,1836,183,0,216.0,0.055,2299.0,126.0,2299.0,126.0,2299.0,126.0,2299.0,383.17,24.17,2023-01-08,1,0,0.0,0.0,0.0,0.0,0.0,0,0.0,0.0,0,0.0,0.0,0.0,0.40384615384615385,0.3076923076923077,10,low_motion_slow_cuts_no_face_dark,,test|video|trend,986,956,0,1.0,0,1.0,0,1.0,2023-01-08,2023-01-09,2023-01-08,2023-01-10,2023-01-08,2023-01-11,0,0,0,36734,383.17,1.6478917224920135e-05,0.14727444217171368,2.142582926768977e-05,test,0
vid_0070,Test Video 70,2022-12-26 00:00:00+00:00,chan_0,Channel 0,23,2022-12-26 00:00:00+00:00,test|video|trend,45534,2276,0,227,http://example.com/thumb.jpg,False,False,Test description,youtube,youtube_trending_kaggle,False,,,0,0,,,,,real,2022-12-26 00:00:00+00:00,1.0.0,2503,45534,2276,227,0,0.0,0.055,0.0,0.0,0.0,0.0,0.0,0.0,0.0,0.0,0.0,,1,0,0.0,0.0,0.0,0.0,0.0,0,0.0,0.0,0,0.0,0.0,0.0,0.5,0.06666666666666667,10,low_motion_slow_cuts_no_face_dark,,test|video|trend,77,75,0,1.15,0,1.33,0,1.53,2022-12-26,2022-12-27,2022-12-26,2022-12-28,2022-12-26,2022-12-29,0,0,0,45534,0.0,0.11846916261160312,0.14727444217171368,0.09625468557347396,train,0
vid_0070,Test Video 70,2022-12-26 00:00:00+00:00,chan_0,Channel 0,3,2022-12-27 00:00:00+00:00,test|video|trend,52482,2624,0,262,http://example.com/thumb.jpg,False,False,Test description,youtube,youtube_trending_kaggle,False,,,0,0,,,,,real,2022-12-27 00:00:00+00:00,1.0.0,2886,52482,2624,262,0,24.0,0.055,6948.0,383.0,6948.0,383.0,6948.0,383.0,6948.0,1158.0,0.0,2022-12-27,1,0,0.0,0.0,0.0,0.0,0.0,0,0.0,0.0,0,0.0,0.0,0.0,0.46153846153846156,0.4358974358974359,10,low_motion_slow_cuts_no_face_dark,,test|video|trend,142,139,0,1.15,0,1.33,0,1.53,2022-12-27,2022-12-28,2022-12-27,2022-12-29,2022-12-27,2022-12-30,0,0,0,52482,1158.0,1.9607014400707695e-05,0.14727444217171368,1.0155280314276885e-05,train,0
vid_0070,Test Video 70,2022-12-26 00:00:00+00:00,chan_0,Channel 0,22,2022-12-28 00:00:00+00:00,test|video|trend,60490,3024,0,302,http://example.com/thumb.jpg,False,False,Test description,youtube,youtube_trending_kaggle,False,,,0,0,,,,,real,2022-12-28 00:00:00+00:00,1.0.0,3326,60490,3024,302,0,48.0,0.055,8008.0,440.0,8008.0,440.0,8008.0,440.0,8008.0,1334.67,176.67,2022-12-28,1,0,0.0,0.0,0.0,0.0,0.0,0,0.0,0.0,0,0.0,0.0,0.0,0.59375,0.53125,10,low_motion_slow_cuts_no_face_dark,,test|video|trend,211,205,0,1.15,0,1.33,0,1.53,2022-12-28,2022-12-29,2022-12-28,2022-12-30,2022-12-28,2022-12-31,0,0,0,60490,1334.67,3.063193823894898e-05,0.14727444217171368,4.069233185300846e-05,train,0
vid_0070,Test Video 70,2022-12-26 00:00:00+00:00,chan_0,Channel 0,29,2022-12-29 00:00:00+00:00,test|video|trend,69720,3486,0,348,http://example.com/thumb.jpg,False,False,Test description,youtube,youtube_trending_kaggle,False,,,0,0,,,,,real,2022-12-29 00:00:00+00:00,1.0.0,3834,69720,3486,348,0,72.0,0.055,9230.0,508.0,9230.0,508.0,9230.0,508.0,9230.0,1538.33,203.66,2022-12-29,1,0,0.0,0.0,0.0,0.0,0.0,0,0.0,0.0,0,0.0,0.0,0.0,0.5806451612903226,0.3870967741935484,10,low_motion_slow_cuts_no_face_dark,,test|video|trend,274,268,0,1.15,0,1.33,0,1.53,2022-12-29,2022-12-30,2022-12-29,2022-12-31,2022-12-29,2023-01-01,0,0,0,69720,1538.33,0.00023060273363549965,0.14727444217171368,8.481927120017216e-05,train,0
vid_0070,Test Video 70,2022-12-26 00:00:00+00:00,chan_0,Channel 0,2,2022-12-30 00:00:00+00:00,test|video|trend,80359,4017,0,401,http://example.com/thumb.jpg,False,False,Test description,youtube,youtube_trending_kaggle,False,,,0,0,,,,,real,2022-12-30 00:00:00+00:00,1.0.0,4418,80359,4017,401,0,96.0,0.055,10639.0,584.0,10639.0,584.0,10639.0,584.0,10639.0,1773.17,234.84,2022-12-30,1,0,0.0,0.0,0.0,0.0,0.0,0,0.0,0.0,0,0.0,0.0,0.0,0.5945945945945946,0.4864864864864865,10,low_motion_slow_cuts_no_face_dark,,test|video|trend,373,362,0,1.15,0,1.33,0,1.53,2022-12-30,2022-12-31,2022-12-30,2023-01-01,2022-12-30,2023-01-02,0,0,0,80359,1773.17,1.4936298920432761e-05,0.14727444217171368,1.6306977789941875e-05,train,0
vid_0070,Test Video 70,2022-12-26 00:00:00+00:00,chan_0,Channel 0,26,2022-12-31 00:00:00+00:00,test|video|trend,92621,4631,0,463,http://example.com/thumb.jpg,False,False,Test description,youtube,youtube_trending_kaggle,False,,,0,0,,,,,real,2022-12-31 00:00:00+00:00,1.0.0,5094,92621,4631,463,0,120.0,0.055,12262.0,676.0,12262.0,676.0,12262.0,676.0,12262.0,2043.67,270.5,2022-12-31,1,0,0.0,0.0,0.0,0.0,0.0,0,0.0,0.0,0,0.0,0.0,0.0,0.7115384615384616,0.5961538461538461,10,low_motion_slow_cuts_no_face_dark,,test|video|trend,429,417,0,1.15,0,1.33,0,1.53,2022-12-31,2023-01-01,2022-12-31,2023-01-02,2022-12-31,2023-01-03,0,0,0,92621,2043.67,5.822514680039301e-06,0.14727444217171368,5.760325741096942e-06,train,0
vid_0070,Test Video 70,2022-12-26 00:00:00+00:00,chan_0,Channel 0,17,2023-01-01 00:00:00+00:00,test|video|trend,106754,5337,0,533,http://example.com/thumb.jpg,False,False,Test description,youtube,youtube_trending_kaggle,False,,,0,0,,,,,real,2023-01-01 00:00:00+00:00,1.0.0,5870,106754,5337,533,0,144.0,0.055,14133.0,776.0,14133.0,776.0,14133.0,776.0,14133.0,2355.5,311.83,2023-01-01,1,0,0.0,0.0,0.0,0.0,0.0,0,0.0,0.0,0,0.0,0.0,0.0,0.7428571428571429,0.6857142857142857,10,low_motion_slow_cuts_no_face_dark,,test|video|trend,560,544,0,1.15,0,1.33,0,1.53,2023-01-01,2023-01-02,2023-01-01,2023-01-03,2023-01-01,2023-01-04,0,0,0,106754,2355.5,5.553901115720895e-05,0.14727444217171368,9.698118387208983e-05,train,0
vid_0070,Test Video 70,2022-12-26 00:00:00+00:00,chan_0,Channel 0,7,2023-01-02 00:00:00+00:00,test|video|trend,123044,6152,0,615,http://example.com/thumb.jpg,False,False,Test description,youtube,youtube_trending_kaggle,False,,,0,0,,,,,real,2023-01-02 00:00:00+00:00,1.0.0,6767,123044,6152,615,0,168.0,0.055,16290.0,897.0,16290.0,897.0,16290.0,897.0,16290.0,2715.0,359.5,2023-01-02,1,0,0.0,0.0,0.0,0.0,0.0,0,0.0,0.0,0,0.0,0.0,0.0,0.7567567567567568,0.7027027027027027,10,low_motion_slow_cuts_no_face_dark,,test|video|trend,622,603,0,1.15,0,1.33,0,1.33,2023-01-02,2023-01-03,2023-01-02,2023-01-04,2023-01-02,2023-01-05,0,0,0,123044,2715.0,6.512285621297856e-05,0.14727444217171368,6.897275756680978e-05,train,0
vid_0070,Test Video 70,2022-12-26 00:00:00+00:00,chan_0,Channel 0,3,2023-01-03 00:00:00+00:00,test|video|trend,141819,7090,0,709,http://example.com/thumb.jpg,False,False,Test description,youtube,youtube_trending_kaggle,False,,,0,0,,,,,real,2023-01-03 00:00:00+00:00,1.0.0,7799,141819,7090,709,0,192.0,0.055,18775.0,1032.0,18775.0,1032.0,18775.0,1032.0,18775.0,3129.17,414.17,2023-01-03,1,0,0.0,0.0,0.0,0.0,0.0,0,0.0,0.0,0,0.0,0.0,0.0,0.7692307692307693,0.5641025641025641,10,low_motion_slow_cuts_no_face_dark,,test|video|trend,747,724,0,1.15,0,1.15,0,1.15,2023-01-03,2023-01-04,2023-01-03,2023-01-05,2023-01-03,2023-01-06,0,0,0,141819,3129.17,0.0007188235111682081,0.14727444217171368,0.0005842566204878545,test,0
vid_0070,Test Video 70,2022-12-26 00:00:00+00:00,chan_0,Channel 0,27,2023-01-04 00:00:00+00:00,test|video|trend,163460,8173,0,817,http://example.com/thumb.jpg,False,False,Test description,youtube,youtube_trending_kaggle,False,,,0,0,,,,,real,2023-01-04 00:00:00+00:00,1.0.0,8990,163460,8173,817,0,216.0,0.055,21641.0,1191.0,21641.0,1191.0,21641.0,1191.0,21641.0,3606.83,477.66,2023-01-04,1,0,0.0,0.0,0.0,0.0,0.0,0,0.0,0.0,0,0.0,0.0,0.0,0.9090909090909091,0.8787878787878788,10,low_motion_slow_cuts_no_face_dark,,test|video|trend,826,801,0,1.0,0,1.0,0,1.0,2023-01-04,2023-01-05,2023-01-04,2023-01-06,2023-01-04,2023-01-07,0,0,0,163460,3606.83,0.0004878855265072485,0.14727444217171368,0.00047002543084270754,test,0
vid_0071,Test Video 71,2022-12-31 00:00:00+00:00,chan_1,Channel 1,5,2022-12-31 00:00:00+00:00,test|video|trend,49212,2460,0,246,http://example.com/thumb.jpg,False,False,Test description,youtube,youtube_trending_kaggle,False,,,0,0,,,,,real,2022-12-31 00:00:00+00:00,1.0.0,2706,49212,2460,246,0,0.0,0.055,0.0,0.0,0.0,0.0,0.0,0.0,0.0,0.0,0.0,,1,0,0.0,0.0,0.0,0.0,0.0,0,0.0,0.0,0,0.0,0.0,0.0,0.4838709677419355,0.08064516129032258,10,low_motion_slow_cuts_no_face_dark,,test|video|trend,431,419,0,1.06,0,1.13,0,1.2,2022-12-31,2023-01-01,2022-12-31,2023-01-02,2022-12-31,2023-01-03,0,0,0,49212,0.0,0.05611025936907508,0.14727444217171368,0.07164874044925794,train,0
vid_0071,Test Video 71,2022-12-31 00:00:00+00:00,chan_1,Channel 1,25,2023-01-01 00:00:00+00:00,test|video|trend,52326,2616,0,261,http://example.com/thumb.jpg,False,False,Test description,youtube,youtube_trending_kaggle,False,,,0,0,,,,,real,2023-01-01 00:00:00+00:00,1.0.0,2877,52326,2616,261,0,24.0,0.055,3114.0,171.0,3114.0,171.0,3114.0,171.0,3114.0,519.0,0.0,2023-01-01,1,0,0.0,0.0,0.0,0.0,0.0,0,0.0,0.0,0,0.0,0.0,0.0,0.6216216216216216,0.40540540540540543,10,low_motion_slow_cuts_no_face_dark,,test|video|trend,565,548,0,1.06,0,1.13,0,1.2,2023-01-01,2023-01-02,2023-01-01,2023-01-03,2023-01-01,2023-01-04,0,0,0,52326,519.0,5.4613460591950736e-05,0.14727444217171368,4.3663146827861906e-05,train,0
vid_0071,Test Video 71,2022-12-31 00:00:00+00:00,chan_1,Channel 1,25,2023-01-02 00:00:00+00:00,test|video|trend,55639,2781,0,278,http://example.com/thumb.jpg,False,False,Test description,youtube,youtube_trending_kaggle,False,,,0,0,,,,,real,2023-01-02 00:00:00+00:00,1.0.0,3059,55639,2781,278,0,48.0,0.055,3313.0,182.0,3313.0,182.0,3313.0,182.0,3313.0,552.17,33.17,2023-01-02,1,0,0.0,0.0,0.0,0.0,0.0,0,0.0,0.0,0,0.0,0.0,0.0,0.6486486486486487,0.4594594594594595,10,low_motion_slow_cuts_no_face_dark,,test|video|trend,626,606,0,1.06,0,1.13,0,1.2,2023-01-02,2023-01-03,2023-01-02,2023-01-04,2023-01-02,2023-01-05,0,0,0,55639,552.17,4.38233339715911e-05,0.14727444217171368,3.4149860432294954e-05,train,0
vid_0071,Test Video 71,2022-12-31 00:00:00+00:00,chan_1,Channel 1,24,2023-01-03 00:00:00+00:00,test|video|trend,59160,2958,0,295,http://example.com/thumb.jpg,False,False,Test description,youtube,youtube_trending_kaggle,False,,,0,0,,,,,real,2023-01-03 00:00:00+00:00,1.0.0,3253,59160,2958,295,0,72.0,0.055,3521.0,194.0,3521.0,194.0,3521.0,194.0,3521.0,586.83,34.66,2023-01-03,1,0,0.0,0.0,0.0,0.0,0.0,0,0.0,0.0,0,0.0,0.0,0.0,0.6,0.37777777777777777,10,low_motion_slow_cuts_no_face_dark,,test|video|trend,757,734,0,1.06,0,1.13,0,1.2,2023-01-03,2023-01-04,2023-01-03,2023-01-05,2023-01-03,2023-01-06,0,0,0,59160,586.83,4.6950711987440464e-05,0.14727444217171368,5.321804074691215e-05,test,0
vid_0071,Test Video 71,2022-12-31 00:00:00+00:00,chan_1,Channel 1,21,2023-01-04 00:00:00+00:00,test|video|trend,62905,3145,0,314,http://example.com/thumb.jpg,False,False,Test description,youtube,youtube_trending_kaggle,False,,,0,0,,,,,real,2023-01-04 00:00:00+00:00,1.0.0,3459,62905,3145,314,0,96.0,0.055,3745.0,206.0,3745.0,206.0,3745.0,206.0,3745.0,624.17,37.34,2023-01-04,1,0,0.0,0.0,0.0,0.0,0.0,0,0.0,0.0,0,0.0,0.0,0.0,0.4473684210526316,0.21052631578947367,10,low_motion_slow_cuts_no_face_dark,,test|video|trend,835,810,0,1.06,0,1.13,0,1.2,2023-01-04,2023-01-05,2023-01-04,2023-01-06,2023-01-04,2023-01-07,0,0,0,62905,624.17,4.454883802267892e-05,0.14727444217171368,2.7762012824827513e-05,test,0
vid_0071,Test Video 71,2022-12-31 00:00:00+00:00,chan_1,Channel 1,4,2023-01-05 00:00:00+00:00,test|video|trend,66887,3344,0,334,http://example.com/thumb.jpg,False,False,Test description,youtube,youtube_trending_kaggle,False,,,0,0,,,,,real,2023-01-05 00:00:00+00:00,1.0.0,3678,66887,3344,334,0,120.0,0.055,3982.0,219.0,3982.0,219.0,3982.0,219.0,3982.0,663.67,39.5,2023-01-05,1,0,0.0,0.0,0.0,0.0,0.0,0,0.0,0.0,0,0.0,0.0,0.0,0.5789473684210527,0.34210526315789475,10,low_motion_slow_cuts_no_face_dark,,test|video|trend,876,849,0,1.06,0,1.13,0,1.2,2023-01-05,2023-01-06,2023-01-05,2023-01-07,2023-01-05,2023-01-08,0,0,0,66887,663.67,7.367280192662682e-05,0.14727444217171368,5.4720698035404175e-05,test,0
vid_0071,Test Video 71,2022-12-31 00:00:00+00:00,chan_1,Channel 1,27,2023-01-06 00:00:00+00:00,test|video|trend,71121,3556,0,355,http://example.com/thumb.jpg,False,False,Test description,youtube,youtube_trending_kaggle,False,,,0,0,,,,,real,2023-01-06 00:00:00+00:00,1.0.0,3911,71121,3556,355,0,144.0,0.055,4234.0,233.0,4234.0,233.0,4234.0,233.0,4234.0,705.67,42.0,2023-01-06,1,0,0.0,0.0,0.0,0.0,0.0,0,0.0,0.0,0,0.0,0.0,0.0,0.7575757575757576,0.3939393939393939,10,low_motion_slow_cuts_no_face_dark,,test|video|trend,898,870,0,1.06,0,1.13,0,1.2,2023-01-06,2023-01-07,2023-01-06,2023-01-08,2023-01-06,2023-01-09,0,0,0,71121,705.67,2.0306267741882046e-05,0.14727444217171368,1.541887459816989e-05,test,0
vid_0071,Test Video 71,2022-12-31 00:00:00+00:00,chan_1,Channel 1,8,2023-01-07 00:00:00+00:00,test|video|trend,75623,3781,0,378,http://example.com/thumb.jpg,False,False,Test description,youtube,youtube_trending_kaggle,False,,,0,0,,,,,real,2023-01-07 00:00:00+00:00,1.0.0,4159,75623,3781,378,0,168.0,0.055,4502.0,248.0,4502.0,248.0,4502.0,248.0,4502.0,750.33,44.66,2023-01-07,1,0,0.0,0.0,0.0,0.0,0.0,0,0.0,0.0,0,0.0,0.0,0.0,0.7209302325581395,0.37209302325581395,10,low_motion_slow_cuts_no_face_dark,,test|video|trend,948,919,0,1.06,0,1.13,0,1.13,2023-01-07,2023-01-08,2023-01-07,2023-01-09,2023-01-07,2023-01-10,0,0,0,75623,750.33,0.00033270793136772753,0.14727444217171368,0.00018306130098448765,test,0
vid_0071,Test Video 71,2022-12-31 00:00:00+00:00,chan_1,Channel 1,17,2023-01-08 00:00:00+00:00,test|video|trend,80409,4020,0,402,http://example.com/thumb.jpg,False,False,Test description,youtube,youtube_trending_kaggle,False,,,0,0,,,,,real,2023-01-08 00:00:00+00:00,1.0.0,4422,80409,4020,402,0,192.0,0.055,4786.0,263.0,4786.0,263.0,4786.0,263.0,4786.0,797.67,47.34,2023-01-08,1,0,0.0,0.0,0.0,0.0,0.0,0,0.0,0.0,0,0.0,0.0,0.0,0.6285714285714286,0.4,10,low_motion_slow_cuts_no_face_dark,,test|video|trend,971,941,0,1.06,0,1.06,0,1.06,2023-01-08,2023-01-09,2023-01-08,2023-01-10,2023-01-08,2023-01-11,0,0,0,80409,797.67,0.0001177205621479237,0.14727444217171368,0.00010996992149580588,test,0
vid_0071,Test Video 71,2022-12-31 00:00:00+00:00,chan_1,Channel 1,14,2023-01-09 00:00:00+00:00,test|video|trend,85499,4274,0,427,http://example.com/thumb.jpg,False,False,Test description,youtube,youtube_trending_kaggle,False,,,0,0,,,,,real,2023-01-09 00:00:00+00:00,1.0.0,4701,85499,4274,427,0,216.0,0.055,5090.0,279.0,5090.0,279.0,5090.0,279.0,5090.0,848.33,50.66,2023-01-09,1,0,0.0,0.0,0.0,0.0,0.0,0,0.0,0.0,0,0.0,0.0,0.0,0.6666666666666666,0.3888888888888889,10,low_motion_slow_cuts_no_face_dark,,test|video|trend,995,965,0,1.0,0,1.0,0,1.0,2023-01-09,2023-01-10,2023-01-09,2023-01-11,2023-01-09,2023-01-12,0,0,0,85499,848.33,0.00014549959135651017,0.14727444217171368,0.00010220025648855281,test,0
vid_0072,Test Video 72,2022-12-26 00:00:00+00:00,chan_2,Channel 2,27,2022-12-26 00:00:00+00:00,test|video|trend,43546,2177,0,217,http://example.com/thumb.jpg,False,False,Test description,youtube,youtube_trending_kaggle,False,,,0,0,,,,,real,2022-12-26 00:00:00+00:00,1.0.0,2394,43546,2177,217,0,0.0,0.055,0.0,0.0,0.0,0.0,0.0,0.0,0.0,0.0,0.0,,1,0,0.0,0.0,0.0,0.0,0.0,0,0.0,0.0,0,0.0,0.0,0.0,0.42424242424242425,0.045454545454545456,10,low_motion_slow_cuts_no_face_dark,,test|video|trend,87,84,0,1.05,0,1.11,0,1.17,2022-12-26,2022-12-27,2022-12-26,2022-12-28,2022-12-26,2022-12-29,0,0,0,43546,0.0,0.026415328034946808,0.14727444217171368,0.01818300803570265,train,0
vid_0072,Test Video 72,2022-12-26 00:00:00+00:00,chan_2,Channel 2,25,2022-12-27 00:00:00+00:00,test|video|trend,45888,2294,0,229,http://example.com/thumb.jpg,False,False,Test description,youtube,youtube_trending_kaggle,False,,,0,0,,,,,real,2022-12-27 00:00:00+00:00,1.0.0,2523,45888,2294,229,0,24.0,0.055,2342.0,129.0,2342.0,129.0,2342.0,129.0,2342.0,390.33,0.0,2022-12-27,1,0,0.0,0.0,0.0,0.0,0.0,0,0.0,0.0,0,0.0,0.0,0.0,0.5675675675675675,0.2972972972972973,10,low_motion_slow_cuts_no_face_dark,,test|video|trend,139,136,0,1.05,0,1.11,0,1.17,2022-12-27,2022-12-28,2022-12-27,2022-12-29,2022-12-27,2022-12-30,0,0,0,45888,390.33,0.003806015329835472,0.14727444217171368,0.006316283739862361,train,0
vid_0072,Test Video 72,2022-12-26 00:00:00+00:00,chan_2,Channel 2,26,2022-12-28 00:00:00+00:00,test|video|trend,48356,2417,0,241,http://example.com/thumb.jpg,False,False,Test description,youtube,youtube_trending_kaggle,False,,,0,0,,,,,real,2022-12-28 00:00:00+00:00,1.0.0,2658,48356,2417,241,0,48.0,0.055,2468.0,135.0,2468.0,135.0,2468.0,135.0,2468.0,411.33,21.0,2022-12-28,1,0,0.0,0.0,0.0,0.0,0.0,0,0.0,0.0,0,0.0,0.0,0.0,0.5192307692307693,0.3269230769230769,10,low_motion_slow_cuts_no_face_dark,,test|video|trend,209,203,0,1.05,0,1.11,0,1.17,2022-12-28,2022-12-29,2022-12-28,2022-12-30,2022-12-28,2022-12-31,0,0,0,48356,411.33,0.0004846648435491634,0.14727444217171368,0.00029958725954663904,train,0
vid_0072,Test Video 72,2022-12-26 00:00:00+00:00,chan_2,Channel 2,15,2022-12-29 00:00:00+00:00,test|video|trend,50957,2547,0,254,http://example.com/thumb.jpg,False,False,Test description,youtube,youtube_trending_kaggle,False,,,0,0,,,,,real,2022-12-29 00:00:00+00:00,1.0.0,2801,50957,2547,254,0,72.0,0.055,2601.0,143.0,2601.0,143.0,2601.0,143.0,2601.0,433.5,22.17,2022-12-29,1,0,0.0,0.0,0.0,0.0,0.0,0,0.0,0.0,0,0.0,0.0,0.0,0.6153846153846154,0.46153846153846156,10,low_motion_slow_cuts_no_face_dark,,test|video|trend,272,266,0,1.05,0,1.11,0,1.17,2022-12-29,2022-12-30,2022-12-29,2022-12-31,2022-12-29,2023-01-01,0,0,0,50957,433.5,3.7702229375056566e-05,0.14727444217171368,4.712668649288498e-05,train,0
vid_0072,Test Video 72,2022-12-26 00:00:00+00:00,chan_2,Channel 2,29,2022-12-30 00:00:00+00:00,test|video|trend,53697,2684,0,268,http://example.com/thumb.jpg,False,False,Test description,youtube,youtube_trending_kaggle,False,,,0,0,,,,,real,2022-12-30 00:00:00+00:00,1.0.0,2952,53697,2684,268,0,96.0,0.055,2740.0,151.0,2740.0,151.0,2740.0,151.0,2740.0,456.67,23.17,2022-12-30,1,0,0.0,0.0,0.0,0.0,0.0,0,0.0,0.0,0,0.0,0.0,0.0,0.45161290322580644,0.1935483870967742,10,low_motion_slow_cuts_no_face_dark,,test|video|trend,314,305,0,1.05,0,1.11,0,1.17,2022-12-30,2022-12-31,2022-12-30,2023-01-01,2022-12-30,2023-01-02,0,0,0,53697,456.67,1.936449711652718e-05,0.14727444217171368,2.1020839710478768e-05,train,0
vid_0072,Test Video 72,2022-12-26 00:00:00+00:00,chan_2,Channel 2,12,2022-12-31 00:00:00+00:00,test|video|trend,56585,2829,0,282,http://example.com/thumb.jpg,False,False,Test description,youtube,youtube_trending_kaggle,False,,,0,0,,,,,real,2022-12-31 00:00:00+00:00,1.0.0,3111,56585,2829,282,0,120.0,0.055,2888.0,159.0,2888.0,159.0,2888.0,159.0,2888.0,481.33,24.66,2022-12-31,1,0,0.0,0.0,0.0,0.0,0.0,0,0.0,0.0,0,0.0,0.0,0.0,0.6333333333333333,0.4666666666666667,10,low_motion_slow_cuts_no_face_dark,,test|video|trend,459,447,0,1.05,0,1.11,0,1.17,2022-12-31,2023-01-01,2022-12-31,2023-01-02,2022-12-31,2023-01-03,0,0,0,56585,481.33,2.585982507395341e-05,0.14727444217171368,1.9940399023623082e-05,train,0
vid_0072,Test Video 72,2022-12-26 00:00:00+00:00,chan_2,Channel 2,22,2023-01-01 00:00:00+00:00,test|video|trend,59629,2981,0,298,http://example.com/thumb.jpg,False,False,Test description,youtube,youtube_trending_kaggle,False,,,0,0,,,,,real,2023-01-01 00:00:00+00:00,1.0.0,3279,59629,2981,298,0,144.0,0.055,3044.0,168.0,3044.0,168.0,3044.0,168.0,3044.0,507.33,26.0,2023-01-01,1,0,0.0,0.0,0.0,0.0,0.0,0,0.0,0.0,0,0.0,0.0,0.0,0.5625,0.34375,10,low_motion_slow_cuts_no_face_dark,,test|video|trend,578,561,0,1.05,0,1.11,0,1.17,2023-01-01,2023-01-02,2023-01-01,2023-01-03,2023-01-01,2023-01-04,0,0,0,59629,507.33,2.0878654992088625e-05,0.14727444217171368,3.226538762114767e-05,train,0
vid_0072,Test Video 72,2022-12-26 00:00:00+00:00,chan_2,Channel 2,17,2023-01-02 00:00:00+00:00,test|video|trend,62836,3141,0,314,http://example.com/thumb.jpg,False,False,Test description,youtube,youtube_trending_kaggle,False,,,0,0,,,,,real,2023-01-02 00:00:00+00:00,1.0.0,3455,62836,3141,314,0,168.0,0.055,3207.0,176.0,3207.0,176.0,3207.0,176.0,3207.0,534.5,27.17,2023-01-02,1,0,0.0,0.0,0.0,0.0,0.0,0,0.0,0.0,0,0.0,0.0,0.0,0.5714285714285714,0.2571428571428571,10,low_motion_slow_cuts_no_face_dark,,test|video|trend,603,585,0,1.05,0,1.11,0,1.11,2023-01-02,2023-01-03,2023-01-02,2023-01-04,2023-01-02,2023-01-05,0,0,0,62836,534.5,0.0003817880109593474,0.14727444217171368,0.000554944167867566,train,0
vid_0072,Test Video 72,2022-12-26 00:00:00+00:00,chan_2,Channel 2,22,2023-01-03 00:00:00+00:00,test|video|trend,66216,3310,0,331,http://example.com/thumb.jpg,False,False,Test description,youtube,youtube_trending_kaggle,False,,,0,0,,,,,real,2023-01-03 00:00:00+00:00,1.0.0,3641,66216,3310,331,0,192.0,0.055,3380.0,186.0,3380.0,186.0,3380.0,186.0,3380.0,563.33,28.83,2023-01-03,1,0,0.0,0.0,0.0,0.0,0.0,0,0.0,0.0,0,0.0,0.0,0.0,0.625,0.40625,10,low_motion_slow_cuts_no_face_dark,,test|video|trend,694,673,0,1.05,0,1.05,0,1.05,2023-01-03,2023-01-04,2023-01-03,2023-01-05,2023-01-03,2023-01-06,0,0,0,66216,563.33,0.00017613160540145962,0.14727444217171368,0.00016899841046575281,train,0
vid_0072,Test Video 72,2022-12-26 00:00:00+00:00,chan_2,Channel 2,5,2023-01-04 00:00:00+00:00,test|video|trend,69777,3488,0,348,http://example.com/thumb.jpg,False,False,Test description,youtube,youtube_trending_kaggle,False,,,0,0,,,,,real,2023-01-04 00:00:00+00:00,1.0.0,3836,69777,3488,348,0,216.0,0.055,3561.0,195.0,3561.0,195.0,3561.0,195.0,3561.0,593.5,30.17,2023-01-04,1,0,0.0,0.0,0.0,0.0,0.0,0,0.0,0.0,0,0.0,0.0,0.0,0.6129032258064516,0.3870967741935484,10,low_motion_slow_cuts_no_face_dark,,test|video|trend,829,804,0,1.0,0,1.0,0,1.0,2023-01-04,2023-01-05,2023-01-04,2023-01-06,2023-01-04,2023-01-07,0,0,0,69777,593.5,8.653163017836675e-05,0.14727444217171368,0.00010281038753189716,test,0
vid_0073,Test Video 73,2022-12-25 00:00:00+00:00,chan_3,Channel 3,7,2022-12-25 00:00:00+00:00,test|video|trend,16522,826,0,82,http://example.com/thumb.jpg,False,False,Test description,youtube,youtube_trending_kaggle,False,,,0,0,,,,,real,2022-12-25 00:00:00+00:00,1.0.0,908,16522,826,82,0,0.0,0.055,0.0,0.0,0.0,0.0,0.0,0.0,0.0,0.0,0.0,,1,0,0.0,0.0,0.0,0.0,0.0,0,0.0,0.0,0,0.0,0.0,0.0,0.16216216216216217,0.06756756756756757,10,low_motion_slow_cuts_no_face_dark,,test|video|trend,47,46,0,1.18,0,1.4,0,1.66,2022-12-25,2022-12-26,2022-12-25,2022-12-27,2022-12-25,2022-12-28,0,0,0,16522,0.0,0.0094629522549376,0.14727444217171368,0.01461162453864415,train,0
vid_0073,Test Video 73,2022-12-25 00:00:00+00:00,chan_3,Channel 3,18,2022-12-26 00:00:00+00:00,test|video|trend,19557,977,0,97,http://example.com/thumb.jpg,False,False,Test description,youtube,youtube_trending_kaggle,False,,,0,0,,,,,real,2022-12-26 00:00:00+00:00,1.0.0,1074,19557,977,97,0,24.0,0.0549,3035.0,166.0,3035.0,166.0,3035.0,166.0,3035.0,505.83,0.0,2022-12-26,1,0,0.0,0.0,0.0,0.0,0.0,0,0.0,0.0,0,0.0,0.0,0.0,0.1724137931034483,0.2413793103448276,10,low_motion_slow_cuts_no_face_dark,,test|video|trend,86,83,0,1.18,0,1.4,0,1.66,2022-12-26,2022-12-27,2022-12-26,2022-12-28,2022-12-26,2022-12-29,0,0,0,19557,505.83,0.010596248758541045,0.14727444217171368,0.007215177781359897,train,0
vid_0073,Test Video 73,2022-12-25 00:00:00+00:00,chan_3,Channel 3,13,2022-12-27 00:00:00+00:00,test|video|trend,23150,1157,0,115,http://example.com/thumb.jpg,False,False,Test description,youtube,youtube_trending_kaggle,False,,,0,0,,,,,real,2022-12-27 00:00:00+00:00,1.0.0,1272,23150,1157,115,0,48.0,0.0549,3593.0,198.0,3593.0,198.0,3593.0,198.0,3593.0,598.83,93.0,2022-12-27,1,0,0.0,0.0,0.0,0.0,0.0,0,0.0,0.0,0,0.0,0.0,0.0,0.28125,0.34375,10,low_motion_slow_cuts_no_face_dark,,test|video|trend,140,137,0,1.18,0,1.4,0,1.66,2022-12-27,2022-12-28,2022-12-27,2022-12-29,2022-12-27,2022-12-30,0,0,0,23150,598.83,0.0004769347309681263,0.14727444217171368,0.00036948203933919973,train,0
vid_0073,Test Video 73,2022-12-25 00:00:00+00:00,chan_3,Channel 3,5,2022-12-28 00:00:00+00:00,test|video|trend,27402,1370,0,137,http://example.com/thumb.jpg,False,False,Test description,youtube,youtube_trending_kaggle,False,,,0,0,,,,,real,2022-12-28 00:00:00+00:00,1.0.0,1507,27402,1370,137,0,72.0,0.055,4252.0,235.0,4252.0,235.0,4252.0,235.0,4252.0,708.67,109.84,2022-12-28,1,0,0.0,0.0,0.0,0.0,0.0,0,0.0,0.0,0,0.0,0.0,0.0,0.2903225806451613,0.41935483870967744,10,low_motion_slow_cuts_no_face_dark,,test|video|trend,204,198,0,1.18,0,1.4,0,1.66,2022-12-28,2022-12-29,2022-12-28,2022-12-30,2022-12-28,2022-12-31,0,0,0,27402,708.67,0.00016798450743576104,0.14727444217171368,0.00029862665348077494,train,0
vid_0073,Test Video 73,2022-12-25 00:00:00+00:00,chan_3,Channel 3,4,2022-12-29 00:00:00+00:00,test|video|trend,32437,1621,0,162,http://example.com/thumb.jpg,False,False,Test description,youtube,youtube_trending_kaggle,False,,,0,0,,,,,real,2022-12-29 00:00:00+00:00,1.0.0,1783,32437,1621,162,0,96.0,0.055,5035.0,276.0,5035.0,276.0,5035.0,276.0,5035.0,839.17,130.5,2022-12-29,1,0,0.0,0.0,0.0,0.0,0.0,0,0.0,0.0,0,0.0,0.0,0.0,0.34210526315789475,0.39473684210526316,10,low_motion_slow_cuts_no_face_dark,,test|video|trend,266,260,0,1.18,0,1.4,0,1.66,2022-12-29,2022-12-30,2022-12-29,2022-12-31,2022-12-29,2023-01-01,0,0,0,32437,839.17,3.6202848177926016e-05,0.14727444217171368,6.430138586265058e-05,train,0
vid_0073,Test Video 73,2022-12-25 00:00:00+00:00,chan_3,Channel 3,13,2022-12-30 00:00:00+00:00,test|video|trend,38395,1919,0,191,http://example.com/thumb.jpg,False,False,Test description,youtube,youtube_trending_kaggle,False,,,0,0,,,,,real,2022-12-30 00:00:00+00:00,1.0.0,2110,38395,1919,191,0,120.0,0.055,5958.0,327.0,5958.0,327.0,5958.0,327.0,5958.0,993.0,153.83,2022-12-30,1,0,0.0,0.0,0.0,0.0,0.0,0,0.0,0.0,0,0.0,0.0,0.0,0.375,0.40625,10,low_motion_slow_cuts_no_face_dark,,test|video|trend,371,360,0,1.18,0,1.4,0,1.66,2022-12-30,2022-12-31,2022-12-30,2023-01-01,2022-12-30,2023-01-02,0,0,0,38395,993.0,4.523597105038461e-05,0.14727444217171368,4.232994403553511e-05,train,0
vid_0073,Test Video 73,2022-12-25 00:00:00+00:00,chan_3,Channel 3,2,2022-12-31 00:00:00+00:00,test|video|trend,45449,2272,0,227,http://example.com/thumb.jpg,False,False,Test description,youtube,youtube_trending_kaggle,False,,,0,0,,,,,real,2022-12-31 00:00:00+00:00,1.0.0,2499,45449,2272,227,0,144.0,0.055,7054.0,389.0,7054.0,389.0,7054.0,389.0,7054.0,1175.67,182.67,2022-12-31,1,0,0.0,0.0,0.0,0.0,0.0,0,0.0,0.0,0,0.0,0.0,0.0,0.35135135135135137,0.32432432432432434,10,low_motion_slow_cuts_no_face_dark,,test|video|trend,430,418,0,1.18,0,1.4,0,1.66,2022-12-31,2023-01-01,2022-12-31,2023-01-02,2022-12-31,2023-01-03,0,0,0,45449,1175.67,5.136992491699827e-05,0.14727444217171368,5.729980299434663e-05,train,0
vid_0073,Test Video 73,2022-12-25 00:00:00+00:00,chan_3,Channel 3,11,2023-01-01 00:00:00+00:00,test|video|trend,53799,2689,0,268,http://example.com/thumb.jpg,False,False,Test description,youtube,youtube_trending_kaggle,False,,,0,0,,,,,real,2023-01-01 00:00:00+00:00,1.0.0,2957,53799,2689,268,0,168.0,0.055,8350.0,458.0,8350.0,458.0,8350.0,458.0,8350.0,1391.67,216.0,2023-01-01,1,0,0.0,0.0,0.0,0.0,0.0,0,0.0,0.0,0,0.0,0.0,0.0,0.5161290322580645,0.45161290322580644,10,low_motion_slow_cuts_no_face_dark,,test|video|trend,550,534,0,1.18,0,1.4,0,1.4,2023-01-01,2023-01-02,2023-01-01,2023-01-03,2023-01-01,2023-01-04,0,0,0,53799,1391.67,0.0004945877073841593,0.14727444217171368,0.000414056375109889,train,0
vid_0073,Test Video 73,2022-12-25 00:00:00+00:00,chan_3,Channel 3,29,2023-01-02 00:00:00+00:00,test|video|trend,63682,3184,0,318,http://example.com/thumb.jpg,False,False,Test description,youtube,youtube_trending_kaggle,False,,,0,0,,,,,real,2023-01-02 00:00:00+00:00,1.0.0,3502,63682,3184,318,0,192.0,0.055,9883.0,545.0,9883.0,545.0,9883.0,545.0,9883.0,1647.17,255.5,2023-01-02,1,0,0.0,0.0,0.0,0.0,0.0,0,0.0,0.0,0,0.0,0.0,0.0,0.5161290322580645,0.4838709677419355,10,low_motion_slow_cuts_no_face_dark,,test|video|trend,613,594,0,1.18,0,1.18,0,1.18,2023-01-02,2023-01-03,2023-01-02,2023-01-04,2023-01-02,2023-01-05,0,0,0,63682,1647.17,0.0002468262529081956,0.14727444217171368,0.00031690192372830665,train,0
vid_0073,Test Video 73,2022-12-25 00:00:00+00:00,chan_3,Channel 3,21,2023-01-03 00:00:00+00:00,test|video|trend,75381,3769,0,376,http://example.com/thumb.jpg,False,False,Test description,youtube,youtube_trending_kaggle,False,,,0,0,,,,,real,2023-01-03 00:00:00+00:00,1.0.0,4145,75381,3769,376,0,216.0,0.055,11699.0,643.0,11699.0,643.0,11699.0,643.0,11699.0,1949.83,302.66,2023-01-03,1,0,0.0,0.0,0.0,0.0,0.0,0,0.0,0.0,0,0.0,0.0,0.0,0.5526315789473685,0.47368421052631576,10,low_motion_slow_cuts_no_face_dark,,test|video|trend,716,693,0,1.0,0,1.0,0,1.0,2023-01-03,2023-01-04,2023-01-03,2023-01-05,2023-01-03,2023-01-06,0,0,0,75381,1949.83,0.00020552950922236483,0.14727444217171368,0.0002902366131126592,test,0
vid_0074,Test Video 74,2022-12-27 00:00:00+00:00,chan_4,Channel 4,26,2022-12-27 00:00:00+00:00,test|video|trend,10029,501,0,50,http://example.com/thumb.jpg,False,False,Test description,youtube,youtube_trending_kaggle,False,,,0,0,,,,,real,2022-12-27 00:00:00+00:00,1.0.0,551,10029,501,50,0,0.0,0.0549,0.0,0.0,0.0,0.0,0.0,0.0,0.0,0.0,0.0,,1,0,0.0,0.0,0.0,0.0,0.0,0,0.0,0.0,0,0.0,0.0,0.0,0.057692307692307696,0.08653846153846154,10,low_motion_slow_cuts_no_face_dark,,test|video|trend,150,147,0,1.13,0,1.28,0,1.45,2022-12-27,2022-12-28,2022-12-27,2022-12-29,2022-12-27,2022-12-30,0,0,0,10029,0.0,0.014756641070512078,0.14727444217171368,0.010247420602694528,train,0
vid_0074,Test Video 74,2022-12-27 00:00:00+00:00,chan_4,Channel 4,8,2022-12-28 00:00:00+00:00,test|video|trend,11357,567,0,56,http://example.com/thumb.jpg,False,False,Test description,youtube,youtube_trending_kaggle,False,,,0,0,,,,,real,2022-12-28 00:00:00+00:00,1.0.0,623,11357,567,56,0,24.0,0.0549,1328.0,72.0,1328.0,72.0,1328.0,72.0,1328.0,221.33,0.0,2022-12-28,1,0,0.0,0.0,0.0,0.0,0.0,0,0.0,0.0,0,0.0,0.0,0.0,0.16279069767441862,0.27906976744186046,10,low_motion_slow_cuts_no_face_dark,,test|video|trend,226,220,0,1.13,0,1.28,0,1.45,2022-12-28,2022-12-29,2022-12-28,2022-12-30,2022-12-28,2022-12-31,0,0,0,11357,221.33,0.0027136549191918175,0.14727444217171368,0.005736891234007199,train,0
vid_0074,Test Video 74,2022-12-27 00:00:00+00:00,chan_4,Channel 4,25,2022-12-29 00:00:00+00:00,test|video|trend,12862,643,0,64,http://example.com/thumb.jpg,False,False,Test description,youtube,youtube_trending_kaggle,False,,,0,0,,,,,real,2022-12-29 00:00:00+00:00,1.0.0,707,12862,643,64,0,48.0,0.055,1505.0,84.0,1505.0,84.0,1505.0,84.0,1505.0,250.83,29.5,2022-12-29,1,0,0.0,0.0,0.0,0.0,0.0,0,0.0,0.0,0,0.0,0.0,0.0,0.13513513513513514,0.24324324324324326,10,low_motion_slow_cuts_no_face_dark,,test|video|trend,259,253,0,1.13,0,1.28,0,1.45,2022-12-29,2022-12-30,2022-12-29,2022-12-31,2022-12-29,2023-01-01,0,0,0,12862,250.83,0.0008004296573214565,0.14727444217171368,0.0007155597060140229,train,0
vid_0074,Test Video 74,2022-12-27 00:00:00+00:00,chan_4,Channel 4,3,2022-12-30 00:00:00+00:00,test|video|trend,14567,728,0,72,http://example.com/thumb.jpg,False,False,Test description,youtube,youtube_trending_kaggle,False,,,0,0,,,,,real,2022-12-30 00:00:00+00:00,1.0.0,800,14567,728,72,0,72.0,0.0549,1705.0,93.0,1705.0,93.0,1705.0,93.0,1705.0,284.17,33.34,2022-12-30,1,0,0.0,0.0,0.0,0.0,0.0,0,0.0,0.0,0,0.0,0.0,0.0,0.2564102564102564,0.23076923076923078,10,low_motion_slow_cuts_no_face_dark,,test|video|trend,372,361,0,1.13,0,1.28,0,1.45,2022-12-30,2022-12-31,2022-12-30,2023-01-01,2022-12-30,2023-01-02,0,0,0,14567,284.17,0.0002469330673685215,0.14727444217171368,0.0001633704580138211,train,0
vid_0074,Test Video 74,2022-12-27 00:00:00+00:00,chan_4,Channel 4,18,2022-12-31 00:00:00+00:00,test|video|trend,16497,824,0,82,http://example.com/thumb.jpg,False,False,Test description,youtube,youtube_trending_kaggle,False,,,0,0,,,,,real,2022-12-31 00:00:00+00:00,1.0.0,906,16497,824,82,0,96.0,0.0549,1930.0,106.0,1930.0,106.0,1930.0,106.0,1930.0,321.67,37.5,2022-12-31,1,0,0.0,0.0,0.0,0.0,0.0,0,0.0,0.0,0,0.0,0.0,0.0,0.06896551724137931,0.1724137931034483,10,low_motion_slow_cuts_no_face_dark,,test|video|trend,428,416,0,1.13,0,1.28,0,1.45,2022-12-31,2023-01-01,2022-12-31,2023-01-02,2022-12-31,2023-01-03,0,0,0,16497,321.67,0.0013902371976341633,0.14727444217171368,0.0008822619581554061,train,0
vid_0074,Test Video 74,2022-12-27 00:00:00+00:00,chan_4,Channel 4,13,2023-01-01 00:00:00+00:00,test|video|trend,18683,934,0,93,http://example.com/thumb.jpg,False,False,Test description,youtube,youtube_trending_kaggle,False,,,0,0,,,,,real,2023-01-01 00:00:00+00:00,1.0.0,1027,18683,934,93,0,120.0,0.055,2186.0,121.0,2186.0,121.0,2186.0,121.0,2186.0,364.33,42.66,2023-01-01,1,0,0.0,0.0,0.0,0.0,0.0,0,0.0,0.0,0,0.0,0.0,0.0,0.25,0.3125,10,low_motion_slow_cuts_no_face_dark,,test|video|trend,597,579,0,1.13,0,1.28,0,1.45,2023-01-01,2023-01-02,2023-01-01,2023-01-03,2023-01-01,2023-01-04,0,0,0,18683,364.33,0.003321869060972424,0.14727444217171368,0.0036912190077209085,train,0
vid_0074,Test Video 74,2022-12-27 00:00:00+00:00,chan_4,Channel 4,25,2023-01-02 00:00:00+00:00,test|video|trend,21159,1057,0,105,http://example.com/thumb.jpg,False,False,Test description,youtube,youtube_trending_kaggle,False,,,0,0,,,,,real,2023-01-02 00:00:00+00:00,1.0.0,1162,21159,1057,105,0,144.0,0.0549,2476.0,135.0,2476.0,135.0,2476.0,135.0,2476.0,412.67,48.34,2023-01-02,1,0,0.0,0.0,0.0,0.0,0.0,0,0.0,0.0,0,0.0,0.0,0.0,0.35135135135135137,0.32432432432432434,10,low_motion_slow_cuts_no_face_dark,,test|video|trend,623,604,0,1.13,0,1.28,0,1.45,2023-01-02,2023-01-03,2023-01-02,2023-01-04,2023-01-02,2023-01-05,0,0,0,21159,412.67,4.498895003885638e-05,0.14727444217171368,6.952706122443439e-05,train,0
vid_0074,Test Video 74,2022-12-27 00:00:00+00:00,chan_4,Channel 4,27,2023-01-03 00:00:00+00:00,test|video|trend,23963,1198,0,119,http://example.com/thumb.jpg,False,False,Test description,youtube,youtube_trending_kaggle,False,,,0,0,,,,,real,2023-01-03 00:00:00+00:00,1.0.0,1317,23963,1198,119,0,168.0,0.055,2804.0,155.0,2804.0,155.0,2804.0,155.0,2804.0,467.33,54.66,2023-01-03,1,0,0.0,0.0,0.0,0.0,0.0,0,0.0,0.0,0,0.0,0.0,0.0,0.30303030303030304,0.3333333333333333,10,low_motion_slow_cuts_no_face_dark,,test|video|trend,709,687,0,1.13,0,1.28,0,1.28,2023-01-03,2023-01-04,2023-01-03,2023-01-05,2023-01-03,2023-01-06,0,0,0,23963,467.33,4.298312845195015e-05,0.14727444217171368,6.23961878476249e-05,test,0
vid_0074,Test Video 74,2022-12-27 00:00:00+00:00,chan_4,Channel 4,18,2023-01-04 00:00:00+00:00,test|video|trend,27138,1356,0,135,http://example.com/thumb.jpg,False,False,Test description,youtube,youtube_trending_kaggle,False,,,0,0,,,,,real,2023-01-04 00:00:00+00:00,1.0.0,1491,27138,1356,135,0,192.0,0.0549,3175.0,174.0,3175.0,174.0,3175.0,174.0,3175.0,529.17,61.84,2023-01-04,1,0,0.0,0.0,0.0,0.0,0.0,0,0.0,0.0,0,0.0,0.0,0.0,0.2413793103448276,0.27586206896551724,10,low_motion_slow_cuts_no_face_dark,,test|video|trend,817,792,0,1.13,0,1.13,0,1.13,2023-01-04,2023-01-05,2023-01-04,2023-01-06,2023-01-04,2023-01-07,0,0,0,27138,529.17,3.527002198004158e-05,0.14727444217171368,2.0076370440819813e-05,test,0
vid_0074,Test Video 74,2022-12-27 00:00:00+00:00,chan_4,Channel 4,26,2023-01-05 00:00:00+00:00,test|video|trend,30734,1536,0,153,http://example.com/thumb.jpg,False,False,Test description,youtube,youtube_trending_kaggle,False,,,0,0,,,,,real,2023-01-05 00:00:00+00:00,1.0.0,1689,30734,1536,153,0,216.0,0.055,3596.0,198.0,3596.0,198.0,3596.0,198.0,3596.0,599.33,70.16,2023-01-05,1,0,0.0,0.0,0.0,0.0,0.0,0,0.0,0.0,0,0.0,0.0,0.0,0.3269230769230769,0.36538461538461536,10,low_motion_slow_cuts_no_face_dark,,test|video|trend,889,862,0,1.0,0,1.0,0,1.0,2023-01-05,2023-01-06,2023-01-05,2023-01-07,2023-01-05,2023-01-08,0,0,0,30734,599.33,1.5512132553415035e-05,0.14727444217171368,1.3949423716990358e-05,test,0
vid_0075,Test Video 75,2022-12-24 00:00:00+00:00,chan_5,Channel 5,24,2022-12-24 00:00:00+00:00,test|video|trend,45365,2268,0,226,http://example.com/thumb.jpg,False,False,Test description,youtube,youtube_trending_kaggle,False,,,0,0,,,,,real,2022-12-24 00:00:00+00:00,1.0.0,2494,45365,2268,226,0,0.0,0.055,0.0,0.0,0.0,0.0,0.0,0.0,0.0,0.0,0.0,,1,0,0.0,0.0,0.0,0.0,0.0,0,0.0,0.0,0,0.0,0.0,0.0,0.4666666666666667,0.07777777777777778,10,low_motion_slow_cuts_no_face_dark,,test|video|trend,23,22,1,1.46,1,2.12,1,3.08,2022-12-24,2022-12-25,2022-12-24,2022-12-26,2022-12-24,2022-12-27,0,0,1,45365,0.0,0.7891953712968692,0.14727444217171368,0.7910378277638234,train,1
vid_0075,Test Video 75,2022-12-24 00:00:00+00:00,chan_5,Channel 5,5,2022-12-25 00:00:00+00:00,test|video|trend,66024,3301,0,330,http://example.com/thumb.jpg,False,False,Test description,youtube,youtube_trending_kaggle,False,,,0,0,,,,,real,2022-12-25 00:00:00+00:00,1.0.0,3631,66024,3301,330,0,24.0,0.055,20659.0,1137.0,20659.0,1137.0,20659.0,1137.0,20659.0,3443.17,0.0,2022-12-25,1,0,0.0,0.0,0.0,0.0,0.0,0,0.0,0.0,0,0.0,0.0,0.0,0.5806451612903226,0.7096774193548387,10,low_motion_slow_cuts_no_face_dark,,test|video|trend,50,49,0,1.46,0,2.12,0,3.08,2022-12-25,2022-12-26,2022-12-25,2022-12-27,2022-12-25,2022-12-28,0,0,1,66024,3443.17,0.13533959734183015,0.14727444217171368,0.13357887398051674,train,0
vid_0075,Test Video 75,2022-12-24 00:00:00+00:00,chan_5,Channel 5,25,2022-12-26 00:00:00+00:00,test|video|trend,96093,4804,0,480,http://example.com/thumb.jpg,False,False,Test description,youtube,youtube_trending_kaggle,False,,,0,0,,,,,real,2022-12-26 00:00:00+00:00,1.0.0,5284,96093,4804,480,0,48.0,0.055,30069.0,1653.0,30069.0,1653.0,30069.0,1653.0,30069.0,5011.5,1568.33,2022-12-26,1,0,0.0,0.0,0.0,0.0,0.0,0,0.0,0.0,0,0.0,0.0,0.0,0.7837837837837838,0.8108108108108109,10,low_motion_slow_cuts_no_face_dark,,test|video|trend,66,64,0,1.46,0,2.12,0,3.08,2022-12-26,2022-12-27,2022-12-26,2022-12-28,2022-12-26,2022-12-29,0,0,1,96093,5011.5,0.21817298807244953,0.14727444217171368,0.20019135734430887,train,0
vid_0075,Test Video 75,2022-12-24 00:00:00+00:00,chan_5,Channel 5,3,2022-12-27 00:00:00+00:00,test|video|trend,139854,6992,0,699,http://example.com/thumb.jpg,False,False,Test description,youtube,youtube_trending_kaggle,False,,,0,0,,,,,real,2022-12-27 00:00:00+00:00,1.0.0,7691,139854,6992,699,0,72.0,0.055,43761.0,2407.0,43761.0,2407.0,43761.0,2407.0,43761.0,7293.5,2282.0,2022-12-27,1,0,0.0,0.0,0.0,0.0,0.0,0,0.0,0.0,0,0.0,0.0,0.0,0.7435897435897436,0.8461538461538461,10,low_motion_slow_cuts_no_face_dark,,test|video|trend,155,152,0,1.46,0,2.12,0,3.08,2022-12-27,2022-12-28,2022-12-27,2022-12-29,2022-12-27,2022-12-30,0,0,1,139854,7293.5,0.32364054122731484,0.14727444217171368,0.37498125928530135,train,0
vid_0075,Test Video 75,2022-12-24 00:00:00+00:00,chan_5,Channel 5,26,2022-12-28 00:00:00+00:00,test|video|trend,203546,10177,0,1017,http://example.com/thumb.jpg,False,False,Test description,youtube,youtube_trending_kaggle,False,,,0,0,,,,,real,2022-12-28 00:00:00+00:00,1.0.0,11194,203546,10177,1017,0,96.0,0.055,63692.0,3503.0,63692.0,3503.0,63692.0,3503.0,63692.0,10615.33,3321.83,2022-12-28,1,0,0.0,0.0,0.0,0.0,0.0,0,0.0,0.0,0,0.0,0.0,0.0,0.8076923076923077,0.8269230769230769,10,low_motion_slow_cuts_no_face_dark,,test|video|trend,224,218,0,1.46,0,2.12,0,3.08,2022-12-28,2022-12-29,2022-12-28,2022-12-30,2022-12-28,2022-12-31,0,0,1,203546,10615.33,0.30054233284034215,0.14727444217171368,0.2771813238501721,train,0
vid_0075,Test Video 75,2022-12-24 00:00:00+00:00,chan_5,Channel 5,19,2022-12-29 00:00:00+00:00,test|video|trend,296243,14812,0,1481,http://example.com/thumb.jpg,False,False,Test description,youtube,youtube_trending_kaggle,False,,,0,0,,,,,real,2022-12-29 00:00:00+00:00,1.0.0,16293,296243,14812,1481,0,120.0,0.055,92697.0,5099.0,92697.0,5099.0,92697.0,5099.0,92697.0,15449.5,4834.17,2022-12-29,1,0,0.0,0.0,0.0,0.0,0.0,0,0.0,0.0,0,0.0,0.0,0.0,0.9722222222222222,0.9722222222222222,10,low_motion_slow_cuts_no_face_dark,,test|video|trend,255,249,1,1.46,1,2.12,1,3.08,2022-12-29,2022-12-30,2022-12-29,2022-12-31,2022-12-29,2023-01-01,0,0,1,296243,15449.5,0.8292594133061002,0.14727444217171368,0.8393939722884967,train,1
vid_0075,Test Video 75,2022-12-24 00:00:00+00:00,chan_5,Channel 5,10,2022-12-30 00:00:00+00:00,test|video|trend,431155,21557,0,2155,http://example.com/thumb.jpg,False,False,Test description,youtube,youtube_trending_kaggle,False,,,0,0,,,,,real,2022-12-30 00:00:00+00:00,1.0.0,23712,431155,21557,2155,0,144.0,0.055,134912.0,7419.0,134912.0,7419.0,134912.0,7419.0,134912.0,22485.33,7035.83,2022-12-30,1,0,0.0,0.0,0.0,0.0,0.0,0,0.0,0.0,0,0.0,0.0,0.0,0.9696969696969697,0.9696969696969697,10,low_motion_slow_cuts_no_face_dark,,test|video|trend,356,346,0,1.46,0,2.12,1,3.08,2022-12-30,2022-12-31,2022-12-30,2023-01-01,2022-12-30,2023-01-02,0,0,1,431155,22485.33,0.8990648055679084,0.14727444217171368,0.8907507548133412,train,1
vid_0075,Test Video 75,2022-12-24 00:00:00+00:00,chan_5,Channel 5,23,2022-12-31 00:00:00+00:00,test|video|trend,627508,31375,0,3137,http://example.com/thumb.jpg,False,False,Test description,youtube,youtube_trending_kaggle,False,,,0,0,,,,,real,2022-12-31 00:00:00+00:00,1.0.0,34512,627508,31375,3137,0,168.0,0.055,196353.0,10800.0,196353.0,10800.0,196353.0,10800.0,196353.0,32725.5,10240.17,2022-12-31,1,0,0.0,0.0,0.0,0.0,0.0,0,0.0,0.0,0,0.0,0.0,0.0,0.9333333333333333,0.9333333333333333,10,low_motion_slow_cuts_no_face_dark,,test|video|trend,422,410,1,1.46,1,2.12,0,2.12,2022-12-31,2023-01-01,2022-12-31,2023-01-02,2022-12-31,2023-01-03,0,0,0,627508,32725.5,0.015341037441229504,0.14727444217171368,0.016442905803291344,train,0
vid_0075,Test Video 75,2022-12-24 00:00:00+00:00,chan_5,Channel 5,6,2023-01-01 00:00:00+00:00,test|video|trend,913282,45664,0,4566,http://example.com/thumb.jpg,False,False,Test description,youtube,youtube_trending_kaggle,False,,,0,0,,,,,real,2023-01-01 00:00:00+00:00,1.0.0,50230,913282,45664,4566,0,192.0,0.055,285774.0,15718.0,285774.0,15718.0,285774.0,15718.0,285774.0,47629.0,14903.5,2023-01-01,1,0,0.0,0.0,0.0,0.0,0.0,0,0.0,0.0,0,0.0,0.0,0.0,0.9736842105263158,0.9736842105263158,10,low_motion_slow_cuts_no_face_dark,,test|video|trend,500,485,0,1.46,0,1.46,0,1.46,2023-01-01,2023-01-02,2023-01-01,2023-01-03,2023-01-01,2023-01-04,0,0,0,913282,47629.0,0.006808080242211765,0.14727444217171368,0.006023642691354063,train,0
vid_0075,Test Video 75,2022-12-24 00:00:00+00:00,chan_5,Channel 5,29,2023-01-02 00:00:00+00:00,test|video|trend,1329200,66460,0,6646,http://example.com/thumb.jpg,False,False,Test description,youtube,youtube_trending_kaggle,False,,,0,0,,,,,real,2023-01-02 00:00:00+00:00,1.0.0,73106,1329200,66460,6646,0,216.0,0.055,415918.0,22876.0,415918.0,22876.0,415918.0,22876.0,415918.0,69319.67,21690.67,2023-01-02,1,0,0.0,0.0,0.0,0.0,0.0,0,0.0,0.0,0,0.0,0.0,0.0,1.0,1.0,10,low_motion_slow_cuts_no_face_dark,,test|video|trend,621,602,0,1.0,0,1.0,0,1.0,2023-01-02,2023-01-03,2023-01-02,2023-01-04,2023-01-02,2023-01-05,0,0,0,1329200,69319.67,0.006808080242211765,0.14727444217171368,0.006023642691354063,train,0
vid_0076,Test Video 76,2022-12-24 00:00:00+00:00,chan_6,Channel 6,4,2022-12-24 00:00:00+00:00,test|video|trend,13914,695,0,69,http://example.com/thumb.jpg,False,False,Test description,youtube,youtube_trending_kaggle,False,,,0,0,,,,,real,2022-12-24 00:00:00+00:00,1.0.0,764,13914,695,69,0,0.0,0.0549,0.0,0.0,0.0,0.0,0.0,0.0,0.0,0.0,0.0,,1,0,0.0,0.0,0.0,0.0,0.0,0,0.0,0.0,0,0.0,0.0,0.0,0.05263157894736842,0.10526315789473684,10,low_motion_slow_cuts_no_face_dark,,test|video|trend,14,13,1,1.45,1,2.1,1,3.05,2022-12-24,2022-12-25,2022-12-24,2022-12-26,2022-12-24,2022-12-27,0,0,1,13914,0.0,0.755623706698113,0.14727444217171368,0.7464858806617007,train,1
vid_0076,Test Video 76,2022-12-24 00:00:00+00:00,chan_6,Channel 6,7,2022-12-25 00:00:00+00:00,test|video|trend,20177,1008,0,100,http://example.com/thumb.jpg,False,False,Test description,youtube,youtube_trending_kaggle,False,,,0,0,,,,,real,2022-12-25 00:00:00+00:00,1.0.0,1108,20177,1008,100,0,24.0,0.0549,6263.0,344.0,6263.0,344.0,6263.0,344.0,6263.0,1043.83,0.0,2022-12-25,1,0,0.0,0.0,0.0,0.0,0.0,0,0.0,0.0,0,0.0,0.0,0.0,0.24324324324324326,0.5135135135135135,10,low_motion_slow_cuts_no_face_dark,,test|video|trend,42,41,1,1.45,1,2.1,1,3.05,2022-12-25,2022-12-26,2022-12-25,2022-12-27,2022-12-25,2022-12-28,0,0,1,20177,1043.83,0.9557351041395922,0.14727444217171368,0.9566680325692682,train,1
vid_0076,Test Video 76,2022-12-24 00:00:00+00:00,chan_6,Channel 6,19,2022-12-26 00:00:00+00:00,test|video|trend,29260,1463,0,146,http://example.com/thumb.jpg,False,False,Test description,youtube,youtube_trending_kaggle,False,,,0,0,,,,,real,2022-12-26 00:00:00+00:00,1.0.0,1609,29260,1463,146,0,48.0,0.055,9083.0,501.0,9083.0,501.0,9083.0,501.0,9083.0,1513.83,470.0,2022-12-26,1,0,0.0,0.0,0.0,0.0,0.0,0,0.0,0.0,0,0.0,0.0,0.0,0.2222222222222222,0.4722222222222222,10,low_motion_slow_cuts_no_face_dark,,test|video|trend,92,89,0,1.45,0,2.1,0,3.05,2022-12-26,2022-12-27,2022-12-26,2022-12-28,2022-12-26,2022-12-29,0,0,1,29260,1513.83,0.1317079827778638,0.14727444217171368,0.17665845384540632,train,0
vid_0076,Test Video 76,2022-12-24 00:00:00+00:00,chan_6,Channel 6,6,2022-12-27 00:00:00+00:00,test|video|trend,42432,2121,0,212,http://example.com/thumb.jpg,False,False,Test description,youtube,youtube_trending_kaggle,False,,,0,0,,,,,real,2022-12-27 00:00:00+00:00,1.0.0,2333,42432,2121,212,0,72.0,0.055,13172.0,724.0,13172.0,724.0,13172.0,724.0,13172.0,2195.33,681.5,2022-12-27,1,0,0.0,0.0,0.0,0.0,0.0,0,0.0,0.0,0,0.0,0.0,0.0,0.4473684210526316,0.631578947368421,10,low_motion_slow_cuts_no_face_dark,,test|video|trend,144,141,0,1.45,0,2.1,0,3.05,2022-12-27,2022-12-28,2022-12-27,2022-12-29,2022-12-27,2022-12-30,0,0,1,42432,2195.33,0.039444368569718044,0.14727444217171368,0.052656115957309506,train,0
vid_0076,Test Video 76,2022-12-24 00:00:00+00:00,chan_6,Channel 6,24,2022-12-28 00:00:00+00:00,test|video|trend,61534,3076,0,307,http://example.com/thumb.jpg,False,False,Test description,youtube,youtube_trending_kaggle,False,,,0,0,,,,,real,2022-12-28 00:00:00+00:00,1.0.0,3383,61534,3076,307,0,96.0,0.055,19102.0,1050.0,19102.0,1050.0,19102.0,1050.0,19102.0,3183.67,988.34,2022-12-28,1,0,0.0,0.0,0.0,0.0,0.0,0,0.0,0.0,0,0.0,0.0,0.0,0.6222222222222222,0.8,10,low_motion_slow_cuts_no_face_dark,,test|video|trend,165,161,1,1.45,1,2.1,1,3.05,2022-12-28,2022-12-29,2022-12-28,2022-12-30,2022-12-28,2022-12-31,0,0,1,61534,3183.67,0.9762365777016832,0.14727444217171368,0.9718296674348451,train,1
vid_0076,Test Video 76,2022-12-24 00:00:00+00:00,chan_6,Channel 6,3,2022-12-29 00:00:00+00:00,test|video|trend,89235,4461,0,446,http://example.com/thumb.jpg,False,False,Test description,youtube,youtube_trending_kaggle,False,,,0,0,,,,,real,2022-12-29 00:00:00+00:00,1.0.0,4907,89235,4461,446,0,120.0,0.055,27701.0,1524.0,27701.0,1524.0,27701.0,1524.0,27701.0,4616.83,1433.16,2022-12-29,1,0,0.0,0.0,0.0,0.0,0.0,0,0.0,0.0,0,0.0,0.0,0.0,0.5897435897435898,0.6410256410256411,10,low_motion_slow_cuts_no_face_dark,,test|video|trend,256,250,0,1.45,0,2.1,0,3.05,2022-12-29,2022-12-30,2022-12-29,2022-12-31,2022-12-29,2023-01-01,0,0,1,89235,4616.83,0.1334519971364348,0.14727444217171368,0.12706583775945826,train,0
vid_0076,Test Video 76,2022-12-24 00:00:00+00:00,chan_6,Channel 6,24,2022-12-30 00:00:00+00:00,test|video|trend,129406,6470,0,647,http://example.com/thumb.jpg,False,False,Test description,youtube,youtube_trending_kaggle,False,,,0,0,,,,,real,2022-12-30 00:00:00+00:00,1.0.0,7117,129406,6470,647,0,144.0,0.055,40171.0,2210.0,40171.0,2210.0,40171.0,2210.0,40171.0,6695.17,2078.34,2022-12-30,1,0,0.0,0.0,0.0,0.0,0.0,0,0.0,0.0,0,0.0,0.0,0.0,0.8444444444444444,0.9111111111111111,10,low_motion_slow_cuts_no_face_dark,,test|video|trend,398,386,1,1.45,1,2.1,1,3.05,2022-12-30,2022-12-31,2022-12-30,2023-01-01,2022-12-30,2023-01-02,0,0,1,129406,6695.17,0.9689929968467684,0.14727444217171368,0.969867824115984,train,1
vid_0076,Test Video 76,2022-12-24 00:00:00+00:00,chan_6,Channel 6,28,2022-12-31 00:00:00+00:00,test|video|trend,187660,9383,0,938,http://example.com/thumb.jpg,False,False,Test description,youtube,youtube_trending_kaggle,False,,,0,0,,,,,real,2022-12-31 00:00:00+00:00,1.0.0,10321,187660,9383,938,0,168.0,0.055,58254.0,3204.0,58254.0,3204.0,58254.0,3204.0,58254.0,9709.0,3013.83,2022-12-31,1,0,0.0,0.0,0.0,0.0,0.0,0,0.0,0.0,0,0.0,0.0,0.0,0.8333333333333334,0.8333333333333334,10,low_motion_slow_cuts_no_face_dark,,test|video|trend,420,408,1,1.45,1,2.1,0,2.1,2022-12-31,2023-01-01,2022-12-31,2023-01-02,2022-12-31,2023-01-03,0,0,0,187660,9709.0,0.017029439028453087,0.14727444217171368,0.018013272452308,train,0
vid_0076,Test Video 76,2022-12-24 00:00:00+00:00,chan_6,Channel 6,3,2023-01-01 00:00:00+00:00,test|video|trend,272137,13606,0,1360,http://example.com/thumb.jpg,False,False,Test description,youtube,youtube_trending_kaggle,False,,,0,0,,,,,real,2023-01-01 00:00:00+00:00,1.0.0,14966,272137,13606,1360,0,192.0,0.055,84477.0,4645.0,84477.0,4645.0,84477.0,4645.0,84477.0,14079.5,4370.5,2023-01-01,1,0,0.0,0.0,0.0,0.0,0.0,0,0.0,0.0,0,0.0,0.0,0.0,0.9230769230769231,0.9230769230769231,10,low_motion_slow_cuts_no_face_dark,,test|video|trend,542,527,0,1.45,0,1.45,0,1.45,2023-01-01,2023-01-02,2023-01-01,2023-01-03,2023-01-01,2023-01-04,0,0,0,272137,14079.5,0.0004188863718348356,0.14727444217171368,0.0004181082714045206,train,0
vid_0076,Test Video 76,2022-12-24 00:00:00+00:00,chan_6,Channel 6,4,2023-01-02 00:00:00+00:00,test|video|trend,394644,19732,0,1973,http://example.com/thumb.jpg,False,False,Test description,youtube,youtube_trending_kaggle,False,,,0,0,,,,,real,2023-01-02 00:00:00+00:00,1.0.0,21705,394644,19732,1973,0,216.0,0.055,122507.0,6739.0,122507.0,6739.0,122507.0,6739.0,122507.0,20417.83,6338.33,2023-01-02,1,0,0.0,0.0,0.0,0.0,0.0,0,0.0,0.0,0,0.0,0.0,0.0,0.9736842105263158,0.9736842105263158,10,low_motion_slow_cuts_no_face_dark,,test|video|trend,615,596,0,1.0,0,1.0,0,1.0,2023-01-02,2023-01-03,2023-01-02,2023-01-04,2023-01-02,2023-01-05,0,0,0,394644,20417.83,0.006808080242211765,0.14727444217171368,0.006023642691354063,train,0
vid_0077,Test Video 77,2022-12-24 00:00:00+00:00,chan_7,Channel 7,9,2022-12-24 00:00:00+00:00,test|video|trend,30306,1515,0,151,http://example.com/thumb.jpg,False,False,Test description,youtube,youtube_trending_kaggle,False,,,0,0,,,,,real,2022-12-24 00:00:00+00:00,1.0.0,1666,30306,1515,151,0,0.0,0.055,0.0,0.0,0.0,0.0,0.0,0.0,0.0,0.0,0.0,,1,0,0.0,0.0,0.0,0.0,0.0,0,0.0,0.0,0,0.0,0.0,0.0,0.48484848484848486,0.06060606060606061,10,low_motion_slow_cuts_no_face_dark,,test|video|trend,15,14,1,1.42,1,2.02,1,2.87,2022-12-24,2022-12-25,2022-12-24,2022-12-26,2022-12-24,2022-12-27,0,0,0,30306,0.0,0.8480009686429087,0.14727444217171368,0.8697138194798364,train,1
vid_0077,Test Video 77,2022-12-24 00:00:00+00:00,chan_7,Channel 7,28,2022-12-25 00:00:00+00:00,test|video|trend,43059,2152,0,215,http://example.com/thumb.jpg,False,False,Test description,youtube,youtube_trending_kaggle,False,,,0,0,,,,,real,2022-12-25 00:00:00+00:00,1.0.0,2367,43059,2152,215,0,24.0,0.055,12753.0,701.0,12753.0,701.0,12753.0,701.0,12753.0,2125.5,0.0,2022-12-25,1,0,0.0,0.0,0.0,0.0,0.0,0,0.0,0.0,0,0.0,0.0,0.0,0.3333333333333333,0.5666666666666667,10,low_motion_slow_cuts_no_face_dark,,test|video|trend,46,45,1,1.42,1,2.02,1,2.87,2022-12-25,2022-12-26,2022-12-25,2022-12-27,2022-12-25,2022-12-28,0,0,0,43059,2125.5,0.9248367118170917,0.14727444217171368,0.9268846992453036,train,1
vid_0077,Test Video 77,2022-12-24 00:00:00+00:00,chan_7,Channel 7,20,2022-12-26 00:00:00+00:00,test|video|trend,61181,3059,0,305,http://example.com/thumb.jpg,False,False,Test description,youtube,youtube_trending_kaggle,False,,,0,0,,,,,real,2022-12-26 00:00:00+00:00,1.0.0,3364,61181,3059,305,0,48.0,0.055,18122.0,997.0,18122.0,997.0,18122.0,997.0,18122.0,3020.33,894.83,2022-12-26,1,0,0.0,0.0,0.0,0.0,0.0,0,0.0,0.0,0,0.0,0.0,0.0,0.7096774193548387,0.7419354838709677,10,low_motion_slow_cuts_no_face_dark,,test|video|trend,102,99,0,1.42,0,2.02,0,2.87,2022-12-26,2022-12-27,2022-12-26,2022-12-28,2022-12-26,2022-12-29,0,0,0,61181,3020.33,0.012146272621379902,0.14727444217171368,0.010822754271121983,train,0
vid_0077,Test Video 77,2022-12-24 00:00:00+00:00,chan_7,Channel 7,11,2022-12-27 00:00:00+00:00,test|video|trend,86929,4346,0,434,http://example.com/thumb.jpg,False,False,Test description,youtube,youtube_trending_kaggle,False,,,0,0,,,,,real,2022-12-27 00:00:00+00:00,1.0.0,4780,86929,4346,434,0,72.0,0.055,25748.0,1416.0,25748.0,1416.0,25748.0,1416.0,25748.0,4291.33,1271.0,2022-12-27,1,0,0.0,0.0,0.0,0.0,0.0,0,0.0,0.0,0,0.0,0.0,0.0,0.6774193548387096,0.7419354838709677,10,low_motion_slow_cuts_no_face_dark,,test|video|trend,163,159,0,1.42,0,2.02,1,2.87,2022-12-27,2022-12-28,2022-12-27,2022-12-29,2022-12-27,2022-12-30,0,0,0,86929,4291.33,0.93186392495787,0.14727444217171368,0.9224432318391731,train,1
vid_0077,Test Video 77,2022-12-24 00:00:00+00:00,chan_7,Channel 7,4,2022-12-28 00:00:00+00:00,test|video|trend,123512,6175,0,617,http://example.com/thumb.jpg,False,False,Test description,youtube,youtube_trending_kaggle,False,,,0,0,,,,,real,2022-12-28 00:00:00+00:00,1.0.0,6792,123512,6175,617,0,96.0,0.055,36583.0,2012.0,36583.0,2012.0,36583.0,2012.0,36583.0,6097.17,1805.84,2022-12-28,1,0,0.0,0.0,0.0,0.0,0.0,0,0.0,0.0,0,0.0,0.0,0.0,0.7105263157894737,0.7894736842105263,10,low_motion_slow_cuts_no_face_dark,,test|video|trend,201,195,0,1.42,0,2.02,0,2.87,2022-12-28,2022-12-29,2022-12-28,2022-12-30,2022-12-28,2022-12-31,0,0,0,123512,6097.17,0.03896029589389338,0.14727444217171368,0.035913301319330425,train,0
vid_0077,Test Video 77,2022-12-24 00:00:00+00:00,chan_7,Channel 7,10,2022-12-29 00:00:00+00:00,test|video|trend,175491,8774,0,877,http://example.com/thumb.jpg,False,False,Test description,youtube,youtube_trending_kaggle,False,,,0,0,,,,,real,2022-12-29 00:00:00+00:00,1.0.0,9651,175491,8774,877,0,120.0,0.055,51979.0,2859.0,51979.0,2859.0,51979.0,2859.0,51979.0,8663.17,2566.0,2022-12-29,1,0,0.0,0.0,0.0,0.0,0.0,0,0.0,0.0,0,0.0,0.0,0.0,0.8484848484848485,0.9090909090909091,10,low_motion_slow_cuts_no_face_dark,,test|video|trend,263,257,0,1.42,0,2.02,0,2.87,2022-12-29,2022-12-30,2022-12-29,2022-12-31,2022-12-29,2023-01-01,0,0,0,175491,8663.17,0.6580038629398721,0.14727444217171368,0.6686720458774691,train,0
vid_0077,Test Video 77,2022-12-24 00:00:00+00:00,chan_7,Channel 7,10,2022-12-30 00:00:00+00:00,test|video|trend,249345,12467,0,1246,http://example.com/thumb.jpg,False,False,Test description,youtube,youtube_trending_kaggle,False,,,0,0,,,,,real,2022-12-30 00:00:00+00:00,1.0.0,13713,249345,12467,1246,0,144.0,0.055,73854.0,4062.0,73854.0,4062.0,73854.0,4062.0,73854.0,12309.0,3645.83,2022-12-30,1,0,0.0,0.0,0.0,0.0,0.0,0,0.0,0.0,0,0.0,0.0,0.0,0.9393939393939394,0.9393939393939394,10,low_motion_slow_cuts_no_face_dark,,test|video|trend,390,378,0,1.42,0,2.02,0,2.87,2022-12-30,2022-12-31,2022-12-30,2023-01-01,2022-12-30,2023-01-02,0,0,0,249345,12309.0,0.24258109709282624,0.14727444217171368,0.25267098068494076,train,0
vid_0077,Test Video 77,2022-12-24 00:00:00+00:00,chan_7,Channel 7,24,2022-12-31 00:00:00+00:00,test|video|trend,354279,17713,0,1771,http://example.com/thumb.jpg,False,False,Test description,youtube,youtube_trending_kaggle,False,,,0,0,,,,,real,2022-12-31 00:00:00+00:00,1.0.0,19484,354279,17713,1771,0,168.0,0.055,104934.0,5771.0,104934.0,5771.0,104934.0,5771.0,104934.0,17489.0,5180.0,2022-12-31,1,0,0.0,0.0,0.0,0.0,0.0,0,0.0,0.0,0,0.0,0.0,0.0,0.9777777777777777,0.9777777777777777,10,low_motion_slow_cuts_no_face_dark,,test|video|trend,417,405,0,1.42,0,2.02,0,2.02,2022-12-31,2023-01-01,2022-12-31,2023-01-02,2022-12-31,2023-01-03,0,0,0,354279,17489.0,0.010413703635584208,0.14727444217171368,0.010310749535430007,train,0
vid_0077,Test Video 77,2022-12-24 00:00:00+00:00,chan_7,Channel 7,8,2023-01-01 00:00:00+00:00,test|video|trend,503374,25168,0,2516,http://example.com/thumb.jpg,False,False,Test description,youtube,youtube_trending_kaggle,False,,,0,0,,,,,real,2023-01-01 00:00:00+00:00,1.0.0,27684,503374,25168,2516,0,192.0,0.055,149095.0,8200.0,149095.0,8200.0,149095.0,8200.0,149095.0,24849.17,7360.17,2023-01-01,1,0,0.0,0.0,0.0,0.0,0.0,0,0.0,0.0,0,0.0,0.0,0.0,0.9767441860465116,0.9534883720930233,10,low_motion_slow_cuts_no_face_dark,,test|video|trend,527,512,1,1.42,0,1.42,0,1.42,2023-01-01,2023-01-02,2023-01-01,2023-01-03,2023-01-01,2023-01-04,0,0,0,503374,24849.17,0.0017715134725482583,0.14727444217171368,0.001668781944919369,train,0
vid_0077,Test Video 77,2022-12-24 00:00:00+00:00,chan_7,Channel 7,23,2023-01-02 00:00:00+00:00,test|video|trend,715215,35760,0,3576,http://example.com/thumb.jpg,False,False,Test description,youtube,youtube_trending_kaggle,False,,,0,0,,,,,real,2023-01-02 00:00:00+00:00,1.0.0,39336,715215,35760,3576,0,216.0,0.055,211841.0,11652.0,211841.0,11652.0,211841.0,11652.0,211841.0,35306.83,10457.66,2023-01-02,1,0,0.0,0.0,0.0,0.0,0.0,0,0.0,0.0,0,0.0,0.0,0.0,0.9666666666666667,0.9666666666666667,10,low_motion_slow_cuts_no_face_dark,,test|video|trend,605,587,0,1.0,0,1.0,0,1.0,2023-01-02,2023-01-03,2023-01-02,2023-01-04,2023-01-02,2023-01-05,0,0,0,715215,35306.83,0.006808080242211765,0.14727444217171368,0.006023642691354063,train,0
vid_0078,Test Video 78,2022-12-31 00:00:00+00:00,chan_8,Channel 8,25,2022-12-31 00:00:00+00:00,test|video|trend,14993,749,0,74,http://example.com/thumb.jpg,False,False,Test description,youtube,youtube_trending_kaggle,False,,,0,0,,,,,real,2022-12-31 00:00:00+00:00,1.0.0,823,14993,749,74,0,0.0,0.0549,0.0,0.0,0.0,0.0,0.0,0.0,0.0,0.0,0.0,,1,0,0.0,0.0,0.0,0.0,0.0,0,0.0,0.0,0,0.0,0.0,0.0,0.1891891891891892,0.06756756756756757,10,low_motion_slow_cuts_no_face_dark,,test|video|trend,436,424,0,1.26,0,1.6,0,2.02,2022-12-31,2023-01-01,2022-12-31,2023-01-02,2022-12-31,2023-01-03,0,0,0,14993,0.0,0.03406851121674528,0.14727444217171368,0.040487289276199365,train,0
vid_0078,Test Video 78,2022-12-31 00:00:00+00:00,chan_8,Channel 8,10,2023-01-01 00:00:00+00:00,test|video|trend,18939,946,0,94,http://example.com/thumb.jpg,False,False,Test description,youtube,youtube_trending_kaggle,False,,,0,0,,,,,real,2023-01-01 00:00:00+00:00,1.0.0,1040,18939,946,94,0,24.0,0.0549,3946.0,217.0,3946.0,217.0,3946.0,217.0,3946.0,657.67,0.0,2023-01-01,1,0,0.0,0.0,0.0,0.0,0.0,0,0.0,0.0,0,0.0,0.0,0.0,0.2727272727272727,0.42424242424242425,10,low_motion_slow_cuts_no_face_dark,,test|video|trend,523,508,0,1.26,0,1.6,0,2.02,2023-01-01,2023-01-02,2023-01-01,2023-01-03,2023-01-01,2023-01-04,0,0,0,18939,657.67,0.025004468143870806,0.14727444217171368,0.017937811919268222,train,0
vid_0078,Test Video 78,2022-12-31 00:00:00+00:00,chan_8,Channel 8,20,2023-01-02 00:00:00+00:00,test|video|trend,23925,1196,0,119,http://example.com/thumb.jpg,False,False,Test description,youtube,youtube_trending_kaggle,False,,,0,0,,,,,real,2023-01-02 00:00:00+00:00,1.0.0,1315,23925,1196,119,0,48.0,0.055,4986.0,275.0,4986.0,275.0,4986.0,275.0,4986.0,831.0,173.33,2023-01-02,1,0,0.0,0.0,0.0,0.0,0.0,0,0.0,0.0,0,0.0,0.0,0.0,0.25806451612903225,0.4838709677419355,10,low_motion_slow_cuts_no_face_dark,,test|video|trend,680,659,0,1.26,0,1.6,0,2.02,2023-01-02,2023-01-03,2023-01-02,2023-01-04,2023-01-02,2023-01-05,0,0,0,23925,831.0,0.005011268289836649,0.14727444217171368,0.005048690115685549,train,0
vid_0078,Test Video 78,2022-12-31 00:00:00+00:00,chan_8,Channel 8,16,2023-01-03 00:00:00+00:00,test|video|trend,30223,1511,0,151,http://example.com/thumb.jpg,False,False,Test description,youtube,youtube_trending_kaggle,False,,,0,0,,,,,real,2023-01-03 00:00:00+00:00,1.0.0,1662,30223,1511,151,0,72.0,0.055,6298.0,347.0,6298.0,347.0,6298.0,347.0,6298.0,1049.67,218.67,2023-01-03,1,0,0.0,0.0,0.0,0.0,0.0,0,0.0,0.0,0,0.0,0.0,0.0,0.3333333333333333,0.5,10,low_motion_slow_cuts_no_face_dark,,test|video|trend,690,669,0,1.26,0,1.6,0,2.02,2023-01-03,2023-01-04,2023-01-03,2023-01-05,2023-01-03,2023-01-06,0,0,0,30223,1049.67,0.005691585535819905,0.14727444217171368,0.009058121101319162,train,0
vid_0078,Test Video 78,2022-12-31 00:00:00+00:00,chan_8,Channel 8,9,2023-01-04 00:00:00+00:00,test|video|trend,38179,1908,0,190,http://example.com/thumb.jpg,False,False,Test description,youtube,youtube_trending_kaggle,False,,,0,0,,,,,real,2023-01-04 00:00:00+00:00,1.0.0,2098,38179,1908,190,0,96.0,0.055,7956.0,436.0,7956.0,436.0,7956.0,436.0,7956.0,1326.0,276.33,2023-01-04,1,0,0.0,0.0,0.0,0.0,0.0,0,0.0,0.0,0,0.0,0.0,0.0,0.5757575757575758,0.696969696969697,10,low_motion_slow_cuts_no_face_dark,,test|video|trend,824,799,0,1.26,0,1.6,0,2.02,2023-01-04,2023-01-05,2023-01-04,2023-01-06,2023-01-04,2023-01-07,0,0,0,38179,1326.0,0.014170530125624494,0.14727444217171368,0.01408804825379666,test,0
vid_0078,Test Video 78,2022-12-31 00:00:00+00:00,chan_8,Channel 8,14,2023-01-05 00:00:00+00:00,test|video|trend,48229,2411,0,241,http://example.com/thumb.jpg,False,False,Test description,youtube,youtube_trending_kaggle,False,,,0,0,,,,,real,2023-01-05 00:00:00+00:00,1.0.0,2652,48229,2411,241,0,120.0,0.055,10050.0,554.0,10050.0,554.0,10050.0,554.0,10050.0,1675.0,349.0,2023-01-05,1,0,0.0,0.0,0.0,0.0,0.0,0,0.0,0.0,0,0.0,0.0,0.0,0.4444444444444444,0.5555555555555556,10,low_motion_slow_cuts_no_face_dark,,test|video|trend,855,830,0,1.26,0,1.6,0,2.02,2023-01-05,2023-01-06,2023-01-05,2023-01-07,2023-01-05,2023-01-08,0,0,0,48229,1675.0,0.0006729079926931259,0.14727444217171368,0.00020344133568925204,test,0
vid_0078,Test Video 78,2022-12-31 00:00:00+00:00,chan_8,Channel 8,15,2023-01-06 00:00:00+00:00,test|video|trend,60925,3046,0,304,http://example.com/thumb.jpg,False,False,Test description,youtube,youtube_trending_kaggle,False,,,0,0,,,,,real,2023-01-06 00:00:00+00:00,1.0.0,3350,60925,3046,304,0,144.0,0.055,12696.0,698.0,12696.0,698.0,12696.0,698.0,12696.0,2116.0,441.0,2023-01-06,1,0,0.0,0.0,0.0,0.0,0.0,0,0.0,0.0,0,0.0,0.0,0.0,0.6538461538461539,0.6153846153846154,10,low_motion_slow_cuts_no_face_dark,,test|video|trend,929,900,0,1.26,0,1.6,0,2.02,2023-01-06,2023-01-07,2023-01-06,2023-01-08,2023-01-06,2023-01-09,0,0,0,60925,2116.0,0.0001004649966010183,0.14727444217171368,0.00011118924013282871,test,0
vid_0078,Test Video 78,2022-12-31 00:00:00+00:00,chan_8,Channel 8,21,2023-01-07 00:00:00+00:00,test|video|trend,76963,3848,0,384,http://example.com/thumb.jpg,False,False,Test description,youtube,youtube_trending_kaggle,False,,,0,0,,,,,real,2023-01-07 00:00:00+00:00,1.0.0,4232,76963,3848,384,0,168.0,0.055,16038.0,882.0,16038.0,882.0,16038.0,882.0,16038.0,2673.0,557.0,2023-01-07,1,0,0.0,0.0,0.0,0.0,0.0,0,0.0,0.0,0,0.0,0.0,0.0,0.631578947368421,0.5789473684210527,10,low_motion_slow_cuts_no_face_dark,,test|video|trend,956,927,0,1.26,0,1.6,0,1.6,2023-01-07,2023-01-08,2023-01-07,2023-01-09,2023-01-07,2023-01-10,0,0,0,76963,2673.0,0.0012516370890851291,0.14727444217171368,0.00202630747901883,test,0
vid_0078,Test Video 78,2022-12-31 00:00:00+00:00,chan_8,Channel 8,28,2023-01-08 00:00:00+00:00,test|video|trend,97222,4861,0,486,http://example.com/thumb.jpg,False,False,Test description,youtube,youtube_trending_kaggle,False,,,0,0,,,,,real,2023-01-08 00:00:00+00:00,1.0.0,5347,97222,4861,486,0,192.0,0.055,20259.0,1115.0,20259.0,1115.0,20259.0,1115.0,20259.0,3376.5,703.5,2023-01-08,1,0,0.0,0.0,0.0,0.0,0.0,0,0.0,0.0,0,0.0,0.0,0.0,0.6666666666666666,0.6666666666666666,10,low_motion_slow_cuts_no_face_dark,,test|video|trend,970,940,0,1.26,0,1.26,0,1.26,2023-01-08,2023-01-09,2023-01-08,2023-01-10,2023-01-08,2023-01-11,0,0,0,97222,3376.5,0.0020547267729417026,0.14727444217171368,0.002587101612343845,test,0
vid_0078,Test Video 78,2022-12-31 00:00:00+00:00,chan_8,Channel 8,14,2023-01-09 00:00:00+00:00,test|video|trend,122815,6140,0,614,http://example.com/thumb.jpg,False,False,Test description,youtube,youtube_trending_kaggle,False,,,0,0,,,,,real,2023-01-09 00:00:00+00:00,1.0.0,6754,122815,6140,614,0,216.0,0.055,25593.0,1407.0,25593.0,1407.0,25593.0,1407.0,25593.0,4265.5,889.0,2023-01-09,1,0,0.0,0.0,0.0,0.0,0.0,0,0.0,0.0,0,0.0,0.0,0.0,0.7222222222222222,0.6944444444444444,10,low_motion_slow_cuts_no_face_dark,,test|video|trend,994,964,0,1.0,0,1.0,0,1.0,2023-01-09,2023-01-10,2023-01-09,2023-01-11,2023-01-09,2023-01-12,0,0,0,122815,4265.5,0.0023091168331972407,0.14727444217171368,0.002176805326828314,test,0
vid_0079,Test Video 79,2022-12-23 00:00:00+00:00,chan_9,Channel 9,7,2022-12-23 00:00:00+00:00,test|video|trend,23178,1158,0,115,http://example.com/thumb.jpg,False,False,Test description,youtube,youtube_trending_kaggle,False,,,0,0,,,,,real,2022-12-23 00:00:00+00:00,1.0.0,1273,23178,1158,115,0,0.0,0.0549,0.0,0.0,0.0,0.0,0.0,0.0,0.0,0.0,0.0,,1,0,0.0,0.0,0.0,0.0,0.0,0,0.0,0.0,0,0.0,0.0,0.0,0.35135135135135137,0.06756756756756757,10,low_motion_slow_cuts_no_face_dark,,test|video|trend,7,7,0,1.18,0,1.38,0,1.62,2022-12-23,2022-12-24,2022-12-23,2022-12-25,2022-12-23,2022-12-26,0,0,0,23178,0.0,0.00579580886661248,0.14727444217171368,0.0030051579257674927,train,0
vid_0079,Test Video 79,2022-12-23 00:00:00+00:00,chan_9,Channel 9,18,2022-12-24 00:00:00+00:00,test|video|trend,27242,1362,0,136,http://example.com/thumb.jpg,False,False,Test description,youtube,youtube_trending_kaggle,False,,,0,0,,,,,real,2022-12-24 00:00:00+00:00,1.0.0,1498,27242,1362,136,0,24.0,0.055,4064.0,225.0,4064.0,225.0,4064.0,225.0,4064.0,677.33,0.0,2022-12-24,1,0,0.0,0.0,0.0,0.0,0.0,0,0.0,0.0,0,0.0,0.0,0.0,0.27586206896551724,0.3103448275862069,10,low_motion_slow_cuts_no_face_dark,,test|video|trend,18,17,0,1.18,0,1.38,0,1.62,2022-12-24,2022-12-25,2022-12-24,2022-12-26,2022-12-24,2022-12-27,0,0,0,27242,677.33,0.0007160780749716561,0.14727444217171368,0.0010113264609610182,train,0
vid_0079,Test Video 79,2022-12-23 00:00:00+00:00,chan_9,Channel 9,8,2022-12-25 00:00:00+00:00,test|video|trend,32020,1601,0,160,http://example.com/thumb.jpg,False,False,Test description,youtube,youtube_trending_kaggle,False,,,0,0,,,,,real,2022-12-25 00:00:00+00:00,1.0.0,1761,32020,1601,160,0,48.0,0.055,4778.0,263.0,4778.0,263.0,4778.0,263.0,4778.0,796.33,119.0,2022-12-25,1,0,0.0,0.0,0.0,0.0,0.0,0,0.0,0.0,0,0.0,0.0,0.0,0.32558139534883723,0.3953488372093023,10,low_motion_slow_cuts_no_face_dark,,test|video|trend,43,42,0,1.18,0,1.38,0,1.62,2022-12-25,2022-12-26,2022-12-25,2022-12-27,2022-12-25,2022-12-28,0,0,0,32020,796.33,5.476787162194797e-05,0.14727444217171368,7.435720249018835e-05,train,0
vid_0079,Test Video 79,2022-12-23 00:00:00+00:00,chan_9,Channel 9,19,2022-12-26 00:00:00+00:00,test|video|trend,37636,1881,0,188,http://example.com/thumb.jpg,False,False,Test description,youtube,youtube_trending_kaggle,False,,,0,0,,,,,real,2022-12-26 00:00:00+00:00,1.0.0,2069,37636,1881,188,0,72.0,0.055,5616.0,308.0,5616.0,308.0,5616.0,308.0,5616.0,936.0,139.67,2022-12-26,1,0,0.0,0.0,0.0,0.0,0.0,0,0.0,0.0,0,0.0,0.0,0.0,0.3055555555555556,0.3611111111111111,10,low_motion_slow_cuts_no_face_dark,,test|video|trend,99,96,0,1.18,0,1.38,0,1.62,2022-12-26,2022-12-27,2022-12-26,2022-12-28,2022-12-26,2022-12-29,0,0,0,37636,936.0,5.161349348721296e-05,0.14727444217171368,9.727416873447106e-05,train,0
vid_0079,Test Video 79,2022-12-23 00:00:00+00:00,chan_9,Channel 9,19,2022-12-27 00:00:00+00:00,test|video|trend,44237,2211,0,221,http://example.com/thumb.jpg,False,False,Test description,youtube,youtube_trending_kaggle,False,,,0,0,,,,,real,2022-12-27 00:00:00+00:00,1.0.0,2432,44237,2211,221,0,96.0,0.055,6601.0,363.0,6601.0,363.0,6601.0,363.0,6601.0,1100.17,164.17,2022-12-27,1,0,0.0,0.0,0.0,0.0,0.0,0,0.0,0.0,0,0.0,0.0,0.0,0.3611111111111111,0.4166666666666667,10,low_motion_slow_cuts_no_face_dark,,test|video|trend,164,160,0,1.18,0,1.38,0,1.62,2022-12-27,2022-12-28,2022-12-27,2022-12-29,2022-12-27,2022-12-30,0,0,0,44237,1100.17,3.636778769768984e-05,0.14727444217171368,5.15703424040934e-05,train,0
vid_0079,Test Video 79,2022-12-23 00:00:00+00:00,chan_9,Channel 9,7,2022-12-28 00:00:00+00:00,test|video|trend,51995,2599,0,259,http://example.com/thumb.jpg,False,False,Test description,youtube,youtube_trending_kaggle,False,,,0,0,,,,,real,2022-12-28 00:00:00+00:00,1.0.0,2858,51995,2599,259,0,120.0,0.055,7758.0,426.0,7758.0,426.0,7758.0,426.0,7758.0,1293.0,192.83,2022-12-28,1,0,0.0,0.0,0.0,0.0,0.0,0,0.0,0.0,0,0.0,0.0,0.0,0.5945945945945946,0.5945945945945946,10,low_motion_slow_cuts_no_face_dark,,test|video|trend,170,166,0,1.18,0,1.38,0,1.62,2022-12-28,2022-12-29,2022-12-28,2022-12-30,2022-12-28,2022-12-31,0,0,0,51995,1293.0,5.2126734395127836e-05,0.14727444217171368,2.404585896939404e-05,train,0
vid_0079,Test Video 79,2022-12-23 00:00:00+00:00,chan_9,Channel 9,10,2022-12-29 00:00:00+00:00,test|video|trend,61114,3055,0,305,http://example.com/thumb.jpg,False,False,Test description,youtube,youtube_trending_kaggle,False,,,0,0,,,,,real,2022-12-29 00:00:00+00:00,1.0.0,3360,61114,3055,305,0,144.0,0.055,9119.0,502.0,9119.0,502.0,9119.0,502.0,9119.0,1519.83,226.83,2022-12-29,1,0,0.0,0.0,0.0,0.0,0.0,0,0.0,0.0,0,0.0,0.0,0.0,0.5454545454545454,0.5757575757575758,10,low_motion_slow_cuts_no_face_dark,,test|video|trend,268,262,0,1.18,0,1.38,0,1.62,2022-12-29,2022-12-30,2022-12-29,2022-12-31,2022-12-29,2023-01-01,0,0,0,61114,1519.83,6.808012648110127e-05,0.14727444217171368,7.994963706358773e-05,train,0
vid_0079,Test Video 79,2022-12-23 00:00:00+00:00,chan_9,Channel 9,17,2022-12-30 00:00:00+00:00,test|video|trend,71832,3591,0,359,http://example.com/thumb.jpg,False,False,Test description,youtube,youtube_trending_kaggle,False,,,0,0,,,,,real,2022-12-30 00:00:00+00:00,1.0.0,3950,71832,3591,359,0,168.0,0.055,10718.0,590.0,10718.0,590.0,10718.0,590.0,10718.0,1786.33,266.5,2022-12-30,1,0,0.0,0.0,0.0,0.0,0.0,0,0.0,0.0,0,0.0,0.0,0.0,0.6,0.5428571428571428,10,low_motion_slow_cuts_no_face_dark,,test|video|trend,320,311,0,1.18,0,1.38,0,1.38,2022-12-30,2022-12-31,2022-12-30,2023-01-01,2022-12-30,2023-01-02,0,0,0,71832,1786.33,0.0002820608258202987,0.14727444217171368,0.0004503006498665428,train,0
vid_0079,Test Video 79,2022-12-23 00:00:00+00:00,chan_9,Channel 9,9,2022-12-31 00:00:00+00:00,test|video|trend,84430,4221,0,422,http://example.com/thumb.jpg,False,False,Test description,youtube,youtube_trending_kaggle,False,,,0,0,,,,,real,2022-12-31 00:00:00+00:00,1.0.0,4643,84430,4221,422,0,192.0,0.055,12598.0,693.0,12598.0,693.0,12598.0,693.0,12598.0,2099.67,313.34,2022-12-31,1,0,0.0,0.0,0.0,0.0,0.0,0,0.0,0.0,0,0.0,0.0,0.0,0.7272727272727273,0.7272727272727273,10,low_motion_slow_cuts_no_face_dark,,test|video|trend,453,441,0,1.18,0,1.18,0,1.18,2022-12-31,2023-01-01,2022-12-31,2023-01-02,2022-12-31,2023-01-03,0,0,0,84430,2099.67,0.0002947050026633413,0.14727444217171368,0.00012663796871981877,train,0
vid_0079,Test Video 79,2022-12-23 00:00:00+00:00,chan_9,Channel 9,24,2023-01-01 00:00:00+00:00,test|video|trend,99238,4961,0,496,http://example.com/thumb.jpg,False,False,Test description,youtube,youtube_trending_kaggle,False,,,0,0,,,,,real,2023-01-01 00:00:00+00:00,1.0.0,5457,99238,4961,496,0,216.0,0.055,14808.0,814.0,14808.0,814.0,14808.0,814.0,14808.0,2468.0,368.33,2023-01-01,1,0,0.0,0.0,0.0,0.0,0.0,0,0.0,0.0,0,0.0,0.0,0.0,0.8222222222222222,0.6666666666666666,10,low_motion_slow_cuts_no_face_dark,,test|video|trend,536,521,0,1.0,0,1.0,0,1.0,2023-01-01,2023-01-02,2023-01-01,2023-01-03,2023-01-01,2023-01-04,0,0,0,99238,2468.0,3.9405956762360005e-05,0.14727444217171368,3.518600856907372e-05,train,0
vid_0080,Test Video 80,2022-12-31 00:00:00+00:00,chan_0,Channel 0,19,2022-12-31 00:00:00+00:00,test|video|trend,14361,718,0,71,http://example.com/thumb.jpg,False,False,Test description,youtube,youtube_trending_kaggle,False,,,0,0,,,,,real,2022-12-31 00:00:00+00:00,1.0.0,789,14361,718,71,0,0.0,0.0549,0.0,0.0,0.0,0.0,0.0,0.0,0.0,0.0,0.0,,1,0,0.0,0.0,0.0,0.0,0.0,0,0.0,0.0,0,0.0,0.0,0.0,0.1111111111111111,0.05555555555555555,10,low_motion_slow_cuts_no_face_dark,,test|video|trend,414,402,0,1.31,0,1.7,0,2.22,2022-12-31,2023-01-01,2022-12-31,2023-01-02,2022-12-31,2023-01-03,0,0,0,14361,0.0,0.029308387089950826,0.14727444217171368,0.024244436753803583,train,0
vid_0080,Test Video 80,2022-12-31 00:00:00+00:00,chan_0,Channel 0,17,2023-01-01 00:00:00+00:00,test|video|trend,18745,937,0,93,http://example.com/thumb.jpg,False,False,Test description,youtube,youtube_trending_kaggle,False,,,0,0,,,,,real,2023-01-01 00:00:00+00:00,1.0.0,1030,18745,937,93,0,24.0,0.0549,4384.0,241.0,4384.0,241.0,4384.0,241.0,4384.0,730.67,0.0,2023-01-01,1,0,0.0,0.0,0.0,0.0,0.0,0,0.0,0.0,0,0.0,0.0,0.0,0.17142857142857143,0.34285714285714286,10,low_motion_slow_cuts_no_face_dark,,test|video|trend,537,522,0,1.31,0,1.7,0,2.22,2023-01-01,2023-01-02,2023-01-01,2023-01-03,2023-01-01,2023-01-04,0,0,0,18745,730.67,0.019962214414031548,0.14727444217171368,0.02145644538166778,train,0
vid_0080,Test Video 80,2022-12-31 00:00:00+00:00,chan_0,Channel 0,11,2023-01-02 00:00:00+00:00,test|video|trend,24469,1223,0,122,http://example.com/thumb.jpg,False,False,Test description,youtube,youtube_trending_kaggle,False,,,0,0,,,,,real,2023-01-02 00:00:00+00:00,1.0.0,1345,24469,1223,122,0,48.0,0.055,5724.0,315.0,5724.0,315.0,5724.0,315.0,5724.0,954.0,223.33,2023-01-02,1,0,0.0,0.0,0.0,0.0,0.0,0,0.0,0.0,0,0.0,0.0,0.0,0.25806451612903225,0.3548387096774194,10,low_motion_slow_cuts_no_face_dark,,test|video|trend,671,651,0,1.31,0,1.7,0,2.22,2023-01-02,2023-01-03,2023-01-02,2023-01-04,2023-01-02,2023-01-05,0,0,0,24469,954.0,0.0025368689014423434,0.14727444217171368,0.005119182025565458,train,0
vid_0080,Test Video 80,2022-12-31 00:00:00+00:00,chan_0,Channel 0,27,2023-01-03 00:00:00+00:00,test|video|trend,31940,1597,0,159,http://example.com/thumb.jpg,False,False,Test description,youtube,youtube_trending_kaggle,False,,,0,0,,,,,real,2023-01-03 00:00:00+00:00,1.0.0,1756,31940,1597,159,0,72.0,0.055,7471.0,411.0,7471.0,411.0,7471.0,411.0,7471.0,1245.17,291.17,2023-01-03,1,0,0.0,0.0,0.0,0.0,0.0,0,0.0,0.0,0,0.0,0.0,0.0,0.36363636363636365,0.48484848484848486,10,low_motion_slow_cuts_no_face_dark,,test|video|trend,713,690,0,1.31,0,1.7,0,2.22,2023-01-03,2023-01-04,2023-01-03,2023-01-05,2023-01-03,2023-01-06,0,0,0,31940,1245.17,0.0014120559700849568,0.14727444217171368,0.0012900014067132792,test,0
vid_0080,Test Video 80,2022-12-31 00:00:00+00:00,chan_0,Channel 0,12,2023-01-04 00:00:00+00:00,test|video|trend,41693,2084,0,208,http://example.com/thumb.jpg,False,False,Test description,youtube,youtube_trending_kaggle,False,,,0,0,,,,,real,2023-01-04 00:00:00+00:00,1.0.0,2292,41693,2084,208,0,96.0,0.055,9753.0,536.0,9753.0,536.0,9753.0,536.0,9753.0,1625.5,380.33,2023-01-04,1,0,0.0,0.0,0.0,0.0,0.0,0,0.0,0.0,0,0.0,0.0,0.0,0.5333333333333333,0.6333333333333333,10,low_motion_slow_cuts_no_face_dark,,test|video|trend,819,794,0,1.31,0,1.7,0,2.22,2023-01-04,2023-01-05,2023-01-04,2023-01-06,2023-01-04,2023-01-07,0,0,0,41693,1625.5,0.004137266732676364,0.14727444217171368,0.015143681338252127,test,0
vid_0080,Test Video 80,2022-12-31 00:00:00+00:00,chan_0,Channel 0,24,2023-01-05 00:00:00+00:00,test|video|trend,54423,2721,0,272,http://example.com/thumb.jpg,False,False,Test description,youtube,youtube_trending_kaggle,False,,,0,0,,,,,real,2023-01-05 00:00:00+00:00,1.0.0,2993,54423,2721,272,0,120.0,0.055,12730.0,701.0,12730.0,701.0,12730.0,701.0,12730.0,2121.67,496.17,2023-01-05,1,0,0.0,0.0,0.0,0.0,0.0,0,0.0,0.0,0,0.0,0.0,0.0,0.5555555555555556,0.6444444444444445,10,low_motion_slow_cuts_no_face_dark,,test|video|trend,887,860,0,1.31,0,1.7,0,2.22,2023-01-05,2023-01-06,2023-01-05,2023-01-07,2023-01-05,2023-01-08,0,0,0,54423,2121.67,0.0009886217275093627,0.14727444217171368,0.0008440533295494413,test,0
vid_0080,Test Video 80,2022-12-31 00:00:00+00:00,chan_0,Channel 0,21,2023-01-06 00:00:00+00:00,test|video|trend,71040,3552,0,355,http://example.com/thumb.jpg,False,False,Test description,youtube,youtube_trending_kaggle,False,,,0,0,,,,,real,2023-01-06 00:00:00+00:00,1.0.0,3907,71040,3552,355,0,144.0,0.055,16617.0,914.0,16617.0,914.0,16617.0,914.0,16617.0,2769.5,647.83,2023-01-06,1,0,0.0,0.0,0.0,0.0,0.0,0,0.0,0.0,0,0.0,0.0,0.0,0.5263157894736842,0.6052631578947368,10,low_motion_slow_cuts_no_face_dark,,test|video|trend,925,896,0,1.31,0,1.7,0,2.22,2023-01-06,2023-01-07,2023-01-06,2023-01-08,2023-01-06,2023-01-09,0,0,0,71040,2769.5,0.003937875546888786,0.14727444217171368,0.00308628992250725,test,0
vid_0080,Test Video 80,2022-12-31 00:00:00+00:00,chan_0,Channel 0,1,2023-01-07 00:00:00+00:00,test|video|trend,92731,4636,0,463,http://example.com/thumb.jpg,False,False,Test description,youtube,youtube_trending_kaggle,False,,,0,0,,,,,real,2023-01-07 00:00:00+00:00,1.0.0,5099,92731,4636,463,0,168.0,0.055,21691.0,1192.0,21691.0,1192.0,21691.0,1192.0,21691.0,3615.17,845.67,2023-01-07,1,0,0.0,0.0,0.0,0.0,0.0,0,0.0,0.0,0,0.0,0.0,0.0,0.8181818181818182,0.8484848484848485,10,low_motion_slow_cuts_no_face_dark,,test|video|trend,942,913,0,1.31,0,1.7,0,1.7,2023-01-07,2023-01-08,2023-01-07,2023-01-09,2023-01-07,2023-01-10,0,0,0,92731,3615.17,0.000596748210952807,0.14727444217171368,0.0005974175909907961,test,0
vid_0080,Test Video 80,2022-12-31 00:00:00+00:00,chan_0,Channel 0,2,2023-01-08 00:00:00+00:00,test|video|trend,121045,6052,0,605,http://example.com/thumb.jpg,False,False,Test description,youtube,youtube_trending_kaggle,False,,,0,0,,,,,real,2023-01-08 00:00:00+00:00,1.0.0,6657,121045,6052,605,0,192.0,0.055,28314.0,1558.0,28314.0,1558.0,28314.0,1558.0,28314.0,4719.0,1103.83,2023-01-08,1,0,0.0,0.0,0.0,0.0,0.0,0,0.0,0.0,0,0.0,0.0,0.0,0.8108108108108109,0.8108108108108109,10,low_motion_slow_cuts_no_face_dark,,test|video|trend,974,944,0,1.31,0,1.31,0,1.31,2023-01-08,2023-01-09,2023-01-08,2023-01-10,2023-01-08,2023-01-11,0,0,0,121045,4719.0,0.001680466820803894,0.14727444217171368,0.0015010636691028334,test,0
vid_0080,Test Video 80,2022-12-31 00:00:00+00:00,chan_0,Channel 0,15,2023-01-09 00:00:00+00:00,test|video|trend,158004,7900,0,790,http://example.com/thumb.jpg,False,False,Test description,youtube,youtube_trending_kaggle,False,,,0,0,,,,,real,2023-01-09 00:00:00+00:00,1.0.0,8690,158004,7900,790,0,216.0,0.055,36959.0,2033.0,36959.0,2033.0,36959.0,2033.0,36959.0,6159.83,1440.83,2023-01-09,1,0,0.0,0.0,0.0,0.0,0.0,0,0.0,0.0,0,0.0,0.0,0.0,0.8461538461538461,0.8846153846153846,10,low_motion_slow_cuts_no_face_dark,,test|video|trend,993,963,0,1.0,0,1.0,0,1.0,2023-01-09,2023-01-10,2023-01-09,2023-01-11,2023-01-09,2023-01-12,0,0,0,158004,6159.83,0.0034404805472829907,0.14727444217171368,0.002674659907022661,test,0
vid_0081,Test Video 81,2022-12-27 00:00:00+00:00,chan_1,Channel 1,17,2022-12-27 00:00:00+00:00,test|video|trend,37683,1884,0,188,http://example.com/thumb.jpg,False,False,Test description,youtube,youtube_trending_kaggle,False,,,0,0,,,,,real,2022-12-27 00:00:00+00:00,1.0.0,2072,37683,1884,188,0,0.0,0.055,0.0,0.0,0.0,0.0,0.0,0.0,0.0,0.0,0.0,,1,0,0.0,0.0,0.0,0.0,0.0,0,0.0,0.0,0,0.0,0.0,0.0,0.37142857142857144,0.07142857142857142,10,low_motion_slow_cuts_no_face_dark,,test|video|trend,143,140,0,1.12,0,1.26,0,1.41,2022-12-27,2022-12-28,2022-12-27,2022-12-29,2022-12-27,2022-12-30,0,0,0,37683,0.0,0.002011801270129765,0.14727444217171368,0.0037094618008648803,train,0
vid_0081,Test Video 81,2022-12-27 00:00:00+00:00,chan_1,Channel 1,21,2022-12-28 00:00:00+00:00,test|video|trend,42226,2111,0,211,http://example.com/thumb.jpg,False,False,Test description,youtube,youtube_trending_kaggle,False,,,0,0,,,,,real,2022-12-28 00:00:00+00:00,1.0.0,2322,42226,2111,211,0,24.0,0.055,4543.0,250.0,4543.0,250.0,4543.0,250.0,4543.0,757.17,0.0,2022-12-28,1,0,0.0,0.0,0.0,0.0,0.0,0,0.0,0.0,0,0.0,0.0,0.0,0.2631578947368421,0.23684210526315788,10,low_motion_slow_cuts_no_face_dark,,test|video|trend,188,182,0,1.12,0,1.26,0,1.41,2022-12-28,2022-12-29,2022-12-28,2022-12-30,2022-12-28,2022-12-31,0,0,0,42226,757.17,0.0001376849219907216,0.14727444217171368,0.00041831061647879756,train,0
vid_0081,Test Video 81,2022-12-27 00:00:00+00:00,chan_1,Channel 1,27,2022-12-29 00:00:00+00:00,test|video|trend,47317,2365,0,236,http://example.com/thumb.jpg,False,False,Test description,youtube,youtube_trending_kaggle,False,,,0,0,,,,,real,2022-12-29 00:00:00+00:00,1.0.0,2601,47317,2365,236,0,48.0,0.055,5091.0,279.0,5091.0,279.0,5091.0,279.0,5091.0,848.5,91.33,2022-12-29,1,0,0.0,0.0,0.0,0.0,0.0,0,0.0,0.0,0,0.0,0.0,0.0,0.45454545454545453,0.42424242424242425,10,low_motion_slow_cuts_no_face_dark,,test|video|trend,273,267,0,1.12,0,1.26,0,1.41,2022-12-29,2022-12-30,2022-12-29,2022-12-31,2022-12-29,2023-01-01,0,0,0,47317,848.5,2.502502694735917e-05,0.14727444217171368,8.520992807419168e-06,train,0
vid_0081,Test Video 81,2022-12-27 00:00:00+00:00,chan_1,Channel 1,24,2022-12-30 00:00:00+00:00,test|video|trend,53022,2651,0,265,http://example.com/thumb.jpg,False,False,Test description,youtube,youtube_trending_kaggle,False,,,0,0,,,,,real,2022-12-30 00:00:00+00:00,1.0.0,2916,53022,2651,265,0,72.0,0.055,5705.0,315.0,5705.0,315.0,5705.0,315.0,5705.0,950.83,102.33,2022-12-30,1,0,0.0,0.0,0.0,0.0,0.0,0,0.0,0.0,0,0.0,0.0,0.0,0.5333333333333333,0.5333333333333333,10,low_motion_slow_cuts_no_face_dark,,test|video|trend,352,342,0,1.12,0,1.26,0,1.41,2022-12-30,2022-12-31,2022-12-30,2023-01-01,2022-12-30,2023-01-02,0,0,0,53022,950.83,2.1088870065062974e-05,0.14727444217171368,3.3834058195506257e-05,train,0
vid_0081,Test Video 81,2022-12-27 00:00:00+00:00,chan_1,Channel 1,28,2022-12-31 00:00:00+00:00,test|video|trend,59415,2970,0,297,http://example.com/thumb.jpg,False,False,Test description,youtube,youtube_trending_kaggle,False,,,0,0,,,,,real,2022-12-31 00:00:00+00:00,1.0.0,3267,59415,2970,297,0,96.0,0.055,6393.0,351.0,6393.0,351.0,6393.0,351.0,6393.0,1065.5,114.67,2022-12-31,1,0,0.0,0.0,0.0,0.0,0.0,0,0.0,0.0,0,0.0,0.0,0.0,0.4666666666666667,0.4,10,low_motion_slow_cuts_no_face_dark,,test|video|trend,450,438,0,1.12,0,1.26,0,1.41,2022-12-31,2023-01-01,2022-12-31,2023-01-02,2022-12-31,2023-01-03,0,0,0,59415,1065.5,4.004415832754658e-05,0.14727444217171368,1.7882603423442598e-05,train,0
vid_0081,Test Video 81,2022-12-27 00:00:00+00:00,chan_1,Channel 1,28,2023-01-01 00:00:00+00:00,test|video|trend,66579,3328,0,332,http://example.com/thumb.jpg,False,False,Test description,youtube,youtube_trending_kaggle,False,,,0,0,,,,,real,2023-01-01 00:00:00+00:00,1.0.0,3660,66579,3328,332,0,120.0,0.055,7164.0,393.0,7164.0,393.0,7164.0,393.0,7164.0,1194.0,128.5,2023-01-01,1,0,0.0,0.0,0.0,0.0,0.0,0,0.0,0.0,0,0.0,0.0,0.0,0.5,0.43333333333333335,10,low_motion_slow_cuts_no_face_dark,,test|video|trend,518,503,0,1.12,0,1.26,0,1.41,2023-01-01,2023-01-02,2023-01-01,2023-01-03,2023-01-01,2023-01-04,0,0,0,66579,1194.0,0.0001803400713926245,0.14727444217171368,5.0275603357796216e-05,train,0
vid_0081,Test Video 81,2022-12-27 00:00:00+00:00,chan_1,Channel 1,2,2023-01-02 00:00:00+00:00,test|video|trend,74606,3730,0,373,http://example.com/thumb.jpg,False,False,Test description,youtube,youtube_trending_kaggle,False,,,0,0,,,,,real,2023-01-02 00:00:00+00:00,1.0.0,4103,74606,3730,373,0,144.0,0.055,8027.0,443.0,8027.0,443.0,8027.0,443.0,8027.0,1337.83,143.83,2023-01-02,1,0,0.0,0.0,0.0,0.0,0.0,0,0.0,0.0,0,0.0,0.0,0.0,0.5675675675675675,0.3783783783783784,10,low_motion_slow_cuts_no_face_dark,,test|video|trend,673,653,0,1.12,0,1.26,0,1.41,2023-01-02,2023-01-03,2023-01-02,2023-01-04,2023-01-02,2023-01-05,0,0,0,74606,1337.83,3.6827115524324615e-05,0.14727444217171368,7.488220932582626e-05,train,0
vid_0081,Test Video 81,2022-12-27 00:00:00+00:00,chan_1,Channel 1,14,2023-01-03 00:00:00+00:00,test|video|trend,83601,4180,0,418,http://example.com/thumb.jpg,False,False,Test description,youtube,youtube_trending_kaggle,False,,,0,0,,,,,real,2023-01-03 00:00:00+00:00,1.0.0,4598,83601,4180,418,0,168.0,0.055,8995.0,495.0,8995.0,495.0,8995.0,495.0,8995.0,1499.17,161.34,2023-01-03,1,0,0.0,0.0,0.0,0.0,0.0,0,0.0,0.0,0,0.0,0.0,0.0,0.6388888888888888,0.5,10,low_motion_slow_cuts_no_face_dark,,test|video|trend,715,692,0,1.12,0,1.26,0,1.26,2023-01-03,2023-01-04,2023-01-03,2023-01-05,2023-01-03,2023-01-06,0,0,0,83601,1499.17,0.0004238793608058071,0.14727444217171368,0.0004743076852324852,test,0
vid_0081,Test Video 81,2022-12-27 00:00:00+00:00,chan_1,Channel 1,17,2023-01-04 00:00:00+00:00,test|video|trend,93681,4684,0,468,http://example.com/thumb.jpg,False,False,Test description,youtube,youtube_trending_kaggle,False,,,0,0,,,,,real,2023-01-04 00:00:00+00:00,1.0.0,5152,93681,4684,468,0,192.0,0.055,10080.0,554.0,10080.0,554.0,10080.0,554.0,10080.0,1680.0,180.83,2023-01-04,1,0,0.0,0.0,0.0,0.0,0.0,0,0.0,0.0,0,0.0,0.0,0.0,0.6857142857142857,0.5142857142857142,10,low_motion_slow_cuts_no_face_dark,,test|video|trend,833,808,0,1.12,0,1.12,0,1.12,2023-01-04,2023-01-05,2023-01-04,2023-01-06,2023-01-04,2023-01-07,0,0,0,93681,1680.0,0.00016616073804361564,0.14727444217171368,0.0001186906228669553,test,0
vid_0081,Test Video 81,2022-12-27 00:00:00+00:00,chan_1,Channel 1,16,2023-01-05 00:00:00+00:00,test|video|trend,104976,5248,0,524,http://example.com/thumb.jpg,False,False,Test description,youtube,youtube_trending_kaggle,False,,,0,0,,,,,real,2023-01-05 00:00:00+00:00,1.0.0,5772,104976,5248,524,0,216.0,0.055,11295.0,620.0,11295.0,620.0,11295.0,620.0,11295.0,1882.5,202.5,2023-01-05,1,0,0.0,0.0,0.0,0.0,0.0,0,0.0,0.0,0,0.0,0.0,0.0,0.8333333333333334,0.6666666666666666,10,low_motion_slow_cuts_no_face_dark,,test|video|trend,879,852,0,1.0,0,1.0,0,1.0,2023-01-05,2023-01-06,2023-01-05,2023-01-07,2023-01-05,2023-01-08,0,0,0,104976,1882.5,5.095670961362858e-05,0.14727444217171368,4.880569116626584e-05,test,0
vid_0082,Test Video 82,2022-12-30 00:00:00+00:00,chan_2,Channel 2,15,2022-12-30 00:00:00+00:00,test|video|trend,1004,50,0,5,http://example.com/thumb.jpg,False,False,Test description,youtube,youtube_trending_kaggle,False,,,0,0,,,,,real,2022-12-30 00:00:00+00:00,1.0.0,55,1004,50,5,0,0.0,0.0548,0.0,0.0,0.0,0.0,0.0,0.0,0.0,0.0,0.0,,1,0,0.0,0.0,0.0,0.0,0.0,0,0.0,0.0,0,0.0,0.0,0.0,0.038461538461538464,0.11538461538461539,10,low_motion_slow_cuts_no_face_dark,,test|video|trend,348,338,0,1.05,0,1.09,0,1.15,2022-12-30,2022-12-31,2022-12-30,2023-01-01,2022-12-30,2023-01-02,0,0,0,1004,0.0,0.06161593151075012,0.14727444217171368,0.06632544396566219,train,0
vid_0082,Test Video 82,2022-12-30 00:00:00+00:00,chan_2,Channel 2,7,2022-12-31 00:00:00+00:00,test|video|trend,1050,52,0,5,http://example.com/thumb.jpg,False,False,Test description,youtube,youtube_trending_kaggle,False,,,0,0,,,,,real,2022-12-31 00:00:00+00:00,1.0.0,57,1050,52,5,0,24.0,0.0543,46.0,2.0,46.0,2.0,46.0,2.0,46.0,7.67,0.0,2022-12-31,1,0,0.0,0.0,0.0,0.0,0.0,0,0.0,0.0,0,0.0,0.0,0.0,0.02702702702702703,0.13513513513513514,10,low_motion_slow_cuts_no_face_dark,,test|video|trend,447,435,0,1.05,0,1.1,0,1.15,2022-12-31,2023-01-01,2022-12-31,2023-01-02,2022-12-31,2023-01-03,0,0,0,1050,7.67,0.014464424445869735,0.14727444217171368,0.00910346686110882,train,0
vid_0082,Test Video 82,2022-12-30 00:00:00+00:00,chan_2,Channel 2,27,2023-01-01 00:00:00+00:00,test|video|trend,1099,54,0,5,http://example.com/thumb.jpg,False,False,Test description,youtube,youtube_trending_kaggle,False,,,0,0,,,,,real,2023-01-01 00:00:00+00:00,1.0.0,59,1099,54,5,0,48.0,0.0537,49.0,2.0,49.0,2.0,49.0,2.0,49.0,8.17,0.5,2023-01-01,1,0,0.0,0.0,0.0,0.0,0.0,0,0.0,0.0,0,0.0,0.0,0.0,0.030303030303030304,0.09090909090909091,10,low_motion_slow_cuts_no_face_dark,,test|video|trend,516,501,0,1.05,0,1.1,0,1.15,2023-01-01,2023-01-02,2023-01-01,2023-01-03,2023-01-01,2023-01-04,0,0,0,1099,8.17,0.0028172278346750043,0.14727444217171368,0.004418970705355989,train,0
vid_0082,Test Video 82,2022-12-30 00:00:00+00:00,chan_2,Channel 2,27,2023-01-02 00:00:00+00:00,test|video|trend,1151,57,0,5,http://example.com/thumb.jpg,False,False,Test description,youtube,youtube_trending_kaggle,False,,,0,0,,,,,real,2023-01-02 00:00:00+00:00,1.0.0,62,1151,57,5,0,72.0,0.0539,52.0,3.0,52.0,3.0,52.0,3.0,52.0,8.67,0.5,2023-01-02,1,0,0.0,0.0,0.0,0.0,0.0,0,0.0,0.0,0,0.0,0.0,0.0,0.06060606060606061,0.12121212121212122,10,low_motion_slow_cuts_no_face_dark,,test|video|trend,663,643,0,1.05,0,1.1,0,1.15,2023-01-02,2023-01-03,2023-01-02,2023-01-04,2023-01-02,2023-01-05,0,0,0,1151,8.67,0.007740599432066111,0.14727444217171368,0.006814785282601921,train,0
vid_0082,Test Video 82,2022-12-30 00:00:00+00:00,chan_2,Channel 2,23,2023-01-03 00:00:00+00:00,test|video|trend,1204,60,0,6,http://example.com/thumb.jpg,False,False,Test description,youtube,youtube_trending_kaggle,False,,,0,0,,,,,real,2023-01-03 00:00:00+00:00,1.0.0,66,1204,60,6,0,96.0,0.0548,53.0,4.0,53.0,4.0,53.0,4.0,53.0,8.83,0.16,2023-01-03,1,0,0.0,0.0,0.0,0.0,0.0,0,0.0,0.0,0,0.0,0.0,0.0,0.03333333333333333,0.13333333333333333,10,low_motion_slow_cuts_no_face_dark,,test|video|trend,699,678,0,1.05,0,1.1,0,1.15,2023-01-03,2023-01-04,2023-01-03,2023-01-05,2023-01-03,2023-01-06,0,0,0,1204,8.83,0.00033687551152228773,0.14727444217171368,0.0002923582103025105,train,0
vid_0082,Test Video 82,2022-12-30 00:00:00+00:00,chan_2,Channel 2,6,2023-01-04 00:00:00+00:00,test|video|trend,1261,63,0,6,http://example.com/thumb.jpg,False,False,Test description,youtube,youtube_trending_kaggle,False,,,0,0,,,,,real,2023-01-04 00:00:00+00:00,1.0.0,69,1261,63,6,0,120.0,0.0547,57.0,3.0,57.0,3.0,57.0,3.0,57.0,9.5,0.67,2023-01-04,1,0,0.0,0.0,0.0,0.0,0.0,0,0.0,0.0,0,0.0,0.0,0.0,0.02631578947368421,0.10526315789473684,10,low_motion_slow_cuts_no_face_dark,,test|video|trend,768,745,0,1.05,0,1.1,0,1.15,2023-01-04,2023-01-05,2023-01-04,2023-01-06,2023-01-04,2023-01-07,0,0,0,1261,9.5,0.00272386741774799,0.14727444217171368,0.002838224647514749,test,0
vid_0082,Test Video 82,2022-12-30 00:00:00+00:00,chan_2,Channel 2,12,2023-01-05 00:00:00+00:00,test|video|trend,1319,65,0,6,http://example.com/thumb.jpg,False,False,Test description,youtube,youtube_trending_kaggle,False,,,0,0,,,,,real,2023-01-05 00:00:00+00:00,1.0.0,71,1319,65,6,0,144.0,0.0538,58.0,2.0,58.0,2.0,58.0,2.0,58.0,9.67,0.17,2023-01-05,1,0,0.0,0.0,0.0,0.0,0.0,0,0.0,0.0,0,0.0,0.0,0.0,0.03333333333333333,0.16666666666666666,10,low_motion_slow_cuts_no_face_dark,,test|video|trend,878,851,0,1.05,0,1.1,0,1.15,2023-01-05,2023-01-06,2023-01-05,2023-01-07,2023-01-05,2023-01-08,0,0,0,1319,9.67,0.0001361040939177679,0.14727444217171368,0.00022703145426042755,test,0
vid_0082,Test Video 82,2022-12-30 00:00:00+00:00,chan_2,Channel 2,2,2023-01-06 00:00:00+00:00,test|video|trend,1381,69,0,6,http://example.com/thumb.jpg,False,False,Test description,youtube,youtube_trending_kaggle,False,,,0,0,,,,,real,2023-01-06 00:00:00+00:00,1.0.0,75,1381,69,6,0,168.0,0.0543,62.0,4.0,62.0,4.0,62.0,4.0,62.0,10.33,0.66,2023-01-06,1,0,0.0,0.0,0.0,0.0,0.0,0,0.0,0.0,0,0.0,0.0,0.0,0.02702702702702703,0.10810810810810811,10,low_motion_slow_cuts_no_face_dark,,test|video|trend,931,902,0,1.05,0,1.1,0,1.1,2023-01-06,2023-01-07,2023-01-06,2023-01-08,2023-01-06,2023-01-09,0,0,0,1381,10.33,5.485832279038138e-05,0.14727444217171368,0.0001344835080832216,test,0
vid_0082,Test Video 82,2022-12-30 00:00:00+00:00,chan_2,Channel 2,8,2023-01-07 00:00:00+00:00,test|video|trend,1445,72,0,7,http://example.com/thumb.jpg,False,False,Test description,youtube,youtube_trending_kaggle,False,,,0,0,,,,,real,2023-01-07 00:00:00+00:00,1.0.0,79,1445,72,7,0,192.0,0.0547,64.0,4.0,64.0,4.0,64.0,4.0,64.0,10.67,0.34,2023-01-07,1,0,0.0,0.0,0.0,0.0,0.0,0,0.0,0.0,0,0.0,0.0,0.0,0.046511627906976744,0.11627906976744186,10,low_motion_slow_cuts_no_face_dark,,test|video|trend,947,918,0,1.05,0,1.05,0,1.05,2023-01-07,2023-01-08,2023-01-07,2023-01-09,2023-01-07,2023-01-10,0,0,0,1445,10.67,8.743722736525482e-05,0.14727444217171368,0.00026245302224359564,test,0
vid_0082,Test Video 82,2022-12-30 00:00:00+00:00,chan_2,Channel 2,29,2023-01-08 00:00:00+00:00,test|video|trend,1513,75,0,7,http://example.com/thumb.jpg,False,False,Test description,youtube,youtube_trending_kaggle,False,,,0,0,,,,,real,2023-01-08 00:00:00+00:00,1.0.0,82,1513,75,7,0,216.0,0.0542,68.0,3.0,68.0,3.0,68.0,3.0,68.0,11.33,0.66,2023-01-08,1,0,0.0,0.0,0.0,0.0,0.0,0,0.0,0.0,0,0.0,0.0,0.0,0.03225806451612903,0.06451612903225806,10,low_motion_slow_cuts_no_face_dark,,test|video|trend,973,943,0,1.0,0,1.0,0,1.0,2023-01-08,2023-01-09,2023-01-08,2023-01-10,2023-01-08,2023-01-11,0,0,0,1513,11.33,1.5764632732529525e-05,0.14727444217171368,2.9808239041380528e-05,test,0
vid_0083,Test Video 83,2022-12-23 00:00:00+00:00,chan_3,Channel 3,1,2022-12-23 00:00:00+00:00,test|video|trend,41159,2057,0,205,http://example.com/thumb.jpg,False,False,Test description,youtube,youtube_trending_kaggle,False,,,0,0,,,,,real,2022-12-23 00:00:00+00:00,1.0.0,2262,41159,2057,205,0,0.0,0.055,0.0,0.0,0.0,0.0,0.0,0.0,0.0,0.0,0.0,,1,0,0.0,0.0,0.0,0.0,0.0,0,0.0,0.0,0,0.0,0.0,0.0,0.5151515151515151,0.07575757575757576,10,low_motion_slow_cuts_no_face_dark,,test|video|trend,5,5,0,1.01,0,1.02,0,1.04,2022-12-23,2022-12-24,2022-12-23,2022-12-25,2022-12-23,2022-12-26,0,0,0,41159,0.0,0.01829875653242978,0.14727444217171368,0.017116069253704895,train,0
vid_0083,Test Video 83,2022-12-23 00:00:00+00:00,chan_3,Channel 3,17,2022-12-24 00:00:00+00:00,test|video|trend,41643,2082,0,208,http://example.com/thumb.jpg,False,False,Test description,youtube,youtube_trending_kaggle,False,,,0,0,,,,,real,2022-12-24 00:00:00+00:00,1.0.0,2290,41643,2082,208,0,24.0,0.055,484.0,28.0,484.0,28.0,484.0,28.0,484.0,80.67,0.0,2022-12-24,1,0,0.0,0.0,0.0,0.0,0.0,0,0.0,0.0,0,0.0,0.0,0.0,0.4,0.17142857142857143,10,low_motion_slow_cuts_no_face_dark,,test|video|trend,20,19,0,1.01,0,1.02,0,1.04,2022-12-24,2022-12-25,2022-12-24,2022-12-26,2022-12-24,2022-12-27,0,0,0,41643,80.67,0.003935337708325476,0.14727444217171368,0.0031327284529874813,train,0
vid_0083,Test Video 83,2022-12-23 00:00:00+00:00,chan_3,Channel 3,9,2022-12-25 00:00:00+00:00,test|video|trend,42132,2106,0,210,http://example.com/thumb.jpg,False,False,Test description,youtube,youtube_trending_kaggle,False,,,0,0,,,,,real,2022-12-25 00:00:00+00:00,1.0.0,2316,42132,2106,210,0,48.0,0.055,489.0,26.0,489.0,26.0,489.0,26.0,489.0,81.5,0.83,2022-12-25,1,0,0.0,0.0,0.0,0.0,0.0,0,0.0,0.0,0,0.0,0.0,0.0,0.6363636363636364,0.18181818181818182,10,low_motion_slow_cuts_no_face_dark,,test|video|trend,38,37,0,1.01,0,1.02,0,1.04,2022-12-25,2022-12-26,2022-12-25,2022-12-27,2022-12-25,2022-12-28,0,0,0,42132,81.5,0.00017668220941642309,0.14727444217171368,0.0001405493047803153,train,0
vid_0083,Test Video 83,2022-12-23 00:00:00+00:00,chan_3,Channel 3,8,2022-12-26 00:00:00+00:00,test|video|trend,42628,2131,0,213,http://example.com/thumb.jpg,False,False,Test description,youtube,youtube_trending_kaggle,False,,,0,0,,,,,real,2022-12-26 00:00:00+00:00,1.0.0,2344,42628,2131,213,0,72.0,0.055,496.0,28.0,496.0,28.0,496.0,28.0,496.0,82.67,1.17,2022-12-26,1,0,0.0,0.0,0.0,0.0,0.0,0,0.0,0.0,0,0.0,0.0,0.0,0.4186046511627907,0.18604651162790697,10,low_motion_slow_cuts_no_face_dark,,test|video|trend,100,97,0,1.01,0,1.02,0,1.04,2022-12-26,2022-12-27,2022-12-26,2022-12-28,2022-12-26,2022-12-29,0,0,0,42628,82.67,0.0001030508218342869,0.14727444217171368,8.355112013121238e-05,train,0
vid_0083,Test Video 83,2022-12-23 00:00:00+00:00,chan_3,Channel 3,15,2022-12-27 00:00:00+00:00,test|video|trend,43129,2156,0,215,http://example.com/thumb.jpg,False,False,Test description,youtube,youtube_trending_kaggle,False,,,0,0,,,,,real,2022-12-27 00:00:00+00:00,1.0.0,2371,43129,2156,215,0,96.0,0.055,501.0,27.0,501.0,27.0,501.0,27.0,501.0,83.5,0.83,2022-12-27,1,0,0.0,0.0,0.0,0.0,0.0,0,0.0,0.0,0,0.0,0.0,0.0,0.5,0.2692307692307692,10,low_motion_slow_cuts_no_face_dark,,test|video|trend,154,151,0,1.01,0,1.02,0,1.04,2022-12-27,2022-12-28,2022-12-27,2022-12-29,2022-12-27,2022-12-30,0,0,0,43129,83.5,0.00015921599011921403,0.14727444217171368,0.00022559888366960746,train,0
vid_0083,Test Video 83,2022-12-23 00:00:00+00:00,chan_3,Channel 3,26,2022-12-28 00:00:00+00:00,test|video|trend,43637,2181,0,218,http://example.com/thumb.jpg,False,False,Test description,youtube,youtube_trending_kaggle,False,,,0,0,,,,,real,2022-12-28 00:00:00+00:00,1.0.0,2399,43637,2181,218,0,120.0,0.055,508.0,28.0,508.0,28.0,508.0,28.0,508.0,84.67,1.17,2022-12-28,1,0,0.0,0.0,0.0,0.0,0.0,0,0.0,0.0,0,0.0,0.0,0.0,0.46153846153846156,0.21153846153846154,10,low_motion_slow_cuts_no_face_dark,,test|video|trend,178,174,0,1.01,0,1.02,0,1.04,2022-12-28,2022-12-29,2022-12-28,2022-12-30,2022-12-28,2022-12-31,0,0,0,43637,84.67,2.2973397084863893e-05,0.14727444217171368,2.375301441838933e-05,train,0
vid_0083,Test Video 83,2022-12-23 00:00:00+00:00,chan_3,Channel 3,9,2022-12-29 00:00:00+00:00,test|video|trend,44150,2207,0,220,http://example.com/thumb.jpg,False,False,Test description,youtube,youtube_trending_kaggle,False,,,0,0,,,,,real,2022-12-29 00:00:00+00:00,1.0.0,2427,44150,2207,220,0,144.0,0.055,513.0,28.0,513.0,28.0,513.0,28.0,513.0,85.5,0.83,2022-12-29,1,0,0.0,0.0,0.0,0.0,0.0,0,0.0,0.0,0,0.0,0.0,0.0,0.696969696969697,0.24242424242424243,10,low_motion_slow_cuts_no_face_dark,,test|video|trend,275,269,0,1.01,0,1.02,0,1.04,2022-12-29,2022-12-30,2022-12-29,2022-12-31,2022-12-29,2023-01-01,0,0,0,44150,85.5,5.0314471072321e-05,0.14727444217171368,3.1424520667618066e-05,train,0
vid_0083,Test Video 83,2022-12-23 00:00:00+00:00,chan_3,Channel 3,29,2022-12-30 00:00:00+00:00,test|video|trend,44669,2233,0,223,http://example.com/thumb.jpg,False,False,Test description,youtube,youtube_trending_kaggle,False,,,0,0,,,,,real,2022-12-30 00:00:00+00:00,1.0.0,2456,44669,2233,223,0,168.0,0.055,519.0,29.0,519.0,29.0,519.0,29.0,519.0,86.5,1.0,2022-12-30,1,0,0.0,0.0,0.0,0.0,0.0,0,0.0,0.0,0,0.0,0.0,0.0,0.3548387096774194,0.12903225806451613,10,low_motion_slow_cuts_no_face_dark,,test|video|trend,340,330,0,1.01,0,1.02,0,1.02,2022-12-30,2022-12-31,2022-12-30,2023-01-01,2022-12-30,2023-01-02,0,0,0,44669,86.5,3.87204250968171e-05,0.14727444217171368,5.330769753957745e-05,train,0
vid_0083,Test Video 83,2022-12-23 00:00:00+00:00,chan_3,Channel 3,1,2022-12-31 00:00:00+00:00,test|video|trend,45195,2259,0,225,http://example.com/thumb.jpg,False,False,Test description,youtube,youtube_trending_kaggle,False,,,0,0,,,,,real,2022-12-31 00:00:00+00:00,1.0.0,2484,45195,2259,225,0,192.0,0.055,526.0,28.0,526.0,28.0,526.0,28.0,526.0,87.67,1.17,2022-12-31,1,0,0.0,0.0,0.0,0.0,0.0,0,0.0,0.0,0,0.0,0.0,0.0,0.5454545454545454,0.24242424242424243,10,low_motion_slow_cuts_no_face_dark,,test|video|trend,442,430,0,1.01,0,1.01,0,1.01,2022-12-31,2023-01-01,2022-12-31,2023-01-02,2022-12-31,2023-01-03,0,0,0,45195,87.67,2.4031982834670224e-05,0.14727444217171368,2.178083932174556e-05,train,0
vid_0083,Test Video 83,2022-12-23 00:00:00+00:00,chan_3,Channel 3,6,2023-01-01 00:00:00+00:00,test|video|trend,45726,2286,0,228,http://example.com/thumb.jpg,False,False,Test description,youtube,youtube_trending_kaggle,False,,,0,0,,,,,real,2023-01-01 00:00:00+00:00,1.0.0,2514,45726,2286,228,0,216.0,0.055,531.0,30.0,531.0,30.0,531.0,30.0,531.0,88.5,0.83,2023-01-01,1,0,0.0,0.0,0.0,0.0,0.0,0,0.0,0.0,0,0.0,0.0,0.0,0.5263157894736842,0.15789473684210525,10,low_motion_slow_cuts_no_face_dark,,test|video|trend,553,537,0,1.0,0,1.0,0,1.0,2023-01-01,2023-01-02,2023-01-01,2023-01-03,2023-01-01,2023-01-04,0,0,0,45726,88.5,4.1537524733318834e-05,0.14727444217171368,3.1231347496991495e-05,train,0
vid_0084,Test Video 84,2022-12-31 00:00:00+00:00,chan_4,Channel 4,15,2022-12-31 00:00:00+00:00,test|video|trend,48092,2404,0,240,http://example.com/thumb.jpg,False,False,Test description,youtube,youtube_trending_kaggle,False,,,0,0,,,,,real,2022-12-31 00:00:00+00:00,1.0.0,2644,48092,2404,240,0,0.0,0.055,0.0,0.0,0.0,0.0,0.0,0.0,0.0,0.0,0.0,,1,0,0.0,0.0,0.0,0.0,0.0,0,0.0,0.0,0,0.0,0.0,0.0,0.5769230769230769,0.11538461538461539,10,low_motion_slow_cuts_no_face_dark,,test|video|trend,440,428,0,1.08,0,1.17,0,1.27,2022-12-31,2023-01-01,2022-12-31,2023-01-02,2022-12-31,2023-01-03,0,0,0,48092,0.0,0.0015490426462420786,0.14727444217171368,0.002073156636285219,train,0
vid_0084,Test Video 84,2022-12-31 00:00:00+00:00,chan_4,Channel 4,7,2023-01-01 00:00:00+00:00,test|video|trend,52067,2603,0,260,http://example.com/thumb.jpg,False,False,Test description,youtube,youtube_trending_kaggle,False,,,0,0,,,,,real,2023-01-01 00:00:00+00:00,1.0.0,2863,52067,2603,260,0,24.0,0.055,3975.0,219.0,3975.0,219.0,3975.0,219.0,3975.0,662.5,0.0,2023-01-01,1,0,0.0,0.0,0.0,0.0,0.0,0,0.0,0.0,0,0.0,0.0,0.0,0.6216216216216216,0.43243243243243246,10,low_motion_slow_cuts_no_face_dark,,test|video|trend,599,581,0,1.08,0,1.17,0,1.27,2023-01-01,2023-01-02,2023-01-01,2023-01-03,2023-01-01,2023-01-04,0,0,0,52067,662.5,4.243868817366609e-05,0.14727444217171368,3.919435121941019e-05,train,0
vid_0084,Test Video 84,2022-12-31 00:00:00+00:00,chan_4,Channel 4,3,2023-01-02 00:00:00+00:00,test|video|trend,56371,2818,0,281,http://example.com/thumb.jpg,False,False,Test description,youtube,youtube_trending_kaggle,False,,,0,0,,,,,real,2023-01-02 00:00:00+00:00,1.0.0,3099,56371,2818,281,0,48.0,0.055,4304.0,236.0,4304.0,236.0,4304.0,236.0,4304.0,717.33,54.83,2023-01-02,1,0,0.0,0.0,0.0,0.0,0.0,0,0.0,0.0,0,0.0,0.0,0.0,0.5128205128205128,0.38461538461538464,10,low_motion_slow_cuts_no_face_dark,,test|video|trend,664,644,0,1.08,0,1.17,0,1.27,2023-01-02,2023-01-03,2023-01-02,2023-01-04,2023-01-02,2023-01-05,0,0,0,56371,717.33,6.321699290323169e-05,0.14727444217171368,5.448981476081232e-05,train,0
vid_0084,Test Video 84,2022-12-31 00:00:00+00:00,chan_4,Channel 4,17,2023-01-03 00:00:00+00:00,test|video|trend,61031,3051,0,305,http://example.com/thumb.jpg,False,False,Test description,youtube,youtube_trending_kaggle,False,,,0,0,,,,,real,2023-01-03 00:00:00+00:00,1.0.0,3356,61031,3051,305,0,72.0,0.055,4660.0,257.0,4660.0,257.0,4660.0,257.0,4660.0,776.67,59.34,2023-01-03,1,0,0.0,0.0,0.0,0.0,0.0,0,0.0,0.0,0,0.0,0.0,0.0,0.5428571428571428,0.37142857142857144,10,low_motion_slow_cuts_no_face_dark,,test|video|trend,706,684,0,1.08,0,1.17,0,1.27,2023-01-03,2023-01-04,2023-01-03,2023-01-05,2023-01-03,2023-01-06,0,0,0,61031,776.67,5.099663437405878e-05,0.14727444217171368,6.387517791373293e-05,test,0
vid_0084,Test Video 84,2022-12-31 00:00:00+00:00,chan_4,Channel 4,6,2023-01-04 00:00:00+00:00,test|video|trend,66076,3303,0,330,http://example.com/thumb.jpg,False,False,Test description,youtube,youtube_trending_kaggle,False,,,0,0,,,,,real,2023-01-04 00:00:00+00:00,1.0.0,3633,66076,3303,330,0,96.0,0.055,5045.0,277.0,5045.0,277.0,5045.0,277.0,5045.0,840.83,64.16,2023-01-04,1,0,0.0,0.0,0.0,0.0,0.0,0,0.0,0.0,0,0.0,0.0,0.0,0.6578947368421053,0.47368421052631576,10,low_motion_slow_cuts_no_face_dark,,test|video|trend,780,757,0,1.08,0,1.17,0,1.27,2023-01-04,2023-01-05,2023-01-04,2023-01-06,2023-01-04,2023-01-07,0,0,0,66076,840.83,2.991507792509387e-05,0.14727444217171368,2.0573254279215086e-05,test,0
vid_0084,Test Video 84,2022-12-31 00:00:00+00:00,chan_4,Channel 4,11,2023-01-05 00:00:00+00:00,test|video|trend,71538,3576,0,357,http://example.com/thumb.jpg,False,False,Test description,youtube,youtube_trending_kaggle,False,,,0,0,,,,,real,2023-01-05 00:00:00+00:00,1.0.0,3933,71538,3576,357,0,120.0,0.055,5462.0,300.0,5462.0,300.0,5462.0,300.0,5462.0,910.33,69.5,2023-01-05,1,0,0.0,0.0,0.0,0.0,0.0,0,0.0,0.0,0,0.0,0.0,0.0,0.6451612903225806,0.3225806451612903,10,low_motion_slow_cuts_no_face_dark,,test|video|trend,868,842,0,1.08,0,1.17,0,1.27,2023-01-05,2023-01-06,2023-01-05,2023-01-07,2023-01-05,2023-01-08,0,0,0,71538,910.33,3.228237983570964e-05,0.14727444217171368,2.603634951491547e-05,test,0
vid_0084,Test Video 84,2022-12-31 00:00:00+00:00,chan_4,Channel 4,10,2023-01-06 00:00:00+00:00,test|video|trend,77451,3872,0,387,http://example.com/thumb.jpg,False,False,Test description,youtube,youtube_trending_kaggle,False,,,0,0,,,,,real,2023-01-06 00:00:00+00:00,1.0.0,4259,77451,3872,387,0,144.0,0.055,5913.0,326.0,5913.0,326.0,5913.0,326.0,5913.0,985.5,75.17,2023-01-06,1,0,0.0,0.0,0.0,0.0,0.0,0,0.0,0.0,0,0.0,0.0,0.0,0.7272727272727273,0.48484848484848486,10,low_motion_slow_cuts_no_face_dark,,test|video|trend,915,886,0,1.08,0,1.17,0,1.27,2023-01-06,2023-01-07,2023-01-06,2023-01-08,2023-01-06,2023-01-09,0,0,0,77451,985.5,1.6905462570098987e-05,0.14727444217171368,9.71234051843319e-06,test,0
vid_0084,Test Video 84,2022-12-31 00:00:00+00:00,chan_4,Channel 4,24,2023-01-07 00:00:00+00:00,test|video|trend,83853,4192,0,419,http://example.com/thumb.jpg,False,False,Test description,youtube,youtube_trending_kaggle,False,,,0,0,,,,,real,2023-01-07 00:00:00+00:00,1.0.0,4611,83853,4192,419,0,168.0,0.055,6402.0,352.0,6402.0,352.0,6402.0,352.0,6402.0,1067.0,81.5,2023-01-07,1,0,0.0,0.0,0.0,0.0,0.0,0,0.0,0.0,0,0.0,0.0,0.0,0.7555555555555555,0.5555555555555556,10,low_motion_slow_cuts_no_face_dark,,test|video|trend,941,912,0,1.08,0,1.17,0,1.17,2023-01-07,2023-01-08,2023-01-07,2023-01-09,2023-01-07,2023-01-10,0,0,0,83853,1067.0,1.3866477295766282e-05,0.14727444217171368,8.48328287145988e-06,test,0
vid_0084,Test Video 84,2022-12-31 00:00:00+00:00,chan_4,Channel 4,29,2023-01-08 00:00:00+00:00,test|video|trend,90785,4539,0,453,http://example.com/thumb.jpg,False,False,Test description,youtube,youtube_trending_kaggle,False,,,0,0,,,,,real,2023-01-08 00:00:00+00:00,1.0.0,4992,90785,4539,453,0,192.0,0.055,6932.0,381.0,6932.0,381.0,6932.0,381.0,6932.0,1155.33,88.33,2023-01-08,1,0,0.0,0.0,0.0,0.0,0.0,0,0.0,0.0,0,0.0,0.0,0.0,0.6451612903225806,0.3548387096774194,10,low_motion_slow_cuts_no_face_dark,,test|video|trend,978,948,0,1.08,0,1.08,0,1.08,2023-01-08,2023-01-09,2023-01-08,2023-01-10,2023-01-08,2023-01-11,0,0,0,90785,1155.33,0.00017022615703714378,0.14727444217171368,0.000150298654040998,test,0
vid_0084,Test Video 84,2022-12-31 00:00:00+00:00,chan_4,Channel 4,16,2023-01-09 00:00:00+00:00,test|video|trend,98289,4914,0,491,http://example.com/thumb.jpg,False,False,Test description,youtube,youtube_trending_kaggle,False,,,0,0,,,,,real,2023-01-09 00:00:00+00:00,1.0.0,5405,98289,4914,491,0,216.0,0.055,7504.0,413.0,7504.0,413.0,7504.0,413.0,7504.0,1250.67,95.34,2023-01-09,1,0,0.0,0.0,0.0,0.0,0.0,0,0.0,0.0,0,0.0,0.0,0.0,0.75,0.5833333333333334,10,low_motion_slow_cuts_no_face_dark,,test|video|trend,992,962,0,1.0,0,1.0,0,1.0,2023-01-09,2023-01-10,2023-01-09,2023-01-11,2023-01-09,2023-01-12,0,0,0,98289,1250.67,0.00019232574070032592,0.14727444217171368,0.0001298011160080783,test,0
vid_0085,Test Video 85,2022-12-31 00:00:00+00:00,chan_5,Channel 5,21,2022-12-31 00:00:00+00:00,test|video|trend,28733,1436,0,143,http://example.com/thumb.jpg,False,False,Test description,youtube,youtube_trending_kaggle,False,,,0,0,,,,,real,2022-12-31 00:00:00+00:00,1.0.0,1579,28733,1436,143,0,0.0,0.055,0.0,0.0,0.0,0.0,0.0,0.0,0.0,0.0,0.0,,1,0,0.0,0.0,0.0,0.0,0.0,0,0.0,0.0,0,0.0,0.0,0.0,0.18421052631578946,0.039473684210526314,10,low_motion_slow_cuts_no_face_dark,,test|video|trend,438,426,0,1.29,0,1.67,0,2.16,2022-12-31,2023-01-01,2022-12-31,2023-01-02,2022-12-31,2023-01-03,0,0,0,28733,0.0,0.07595787579983984,0.14727444217171368,0.060227708679188155,train,0
vid_0085,Test Video 85,2022-12-31 00:00:00+00:00,chan_5,Channel 5,2,2023-01-01 00:00:00+00:00,test|video|trend,37130,1856,0,185,http://example.com/thumb.jpg,False,False,Test description,youtube,youtube_trending_kaggle,False,,,0,0,,,,,real,2023-01-01 00:00:00+00:00,1.0.0,2041,37130,1856,185,0,24.0,0.055,8397.0,462.0,8397.0,462.0,8397.0,462.0,8397.0,1399.5,0.0,2023-01-01,1,0,0.0,0.0,0.0,0.0,0.0,0,0.0,0.0,0,0.0,0.0,0.0,0.2702702702702703,0.40540540540540543,10,low_motion_slow_cuts_no_face_dark,,test|video|trend,592,575,0,1.29,0,1.67,0,2.16,2023-01-01,2023-01-02,2023-01-01,2023-01-03,2023-01-01,2023-01-04,0,0,0,37130,1399.5,0.010439862727197305,0.14727444217171368,0.009530916724678101,train,0
vid_0085,Test Video 85,2022-12-31 00:00:00+00:00,chan_5,Channel 5,21,2023-01-02 00:00:00+00:00,test|video|trend,47982,2399,0,239,http://example.com/thumb.jpg,False,False,Test description,youtube,youtube_trending_kaggle,False,,,0,0,,,,,real,2023-01-02 00:00:00+00:00,1.0.0,2638,47982,2399,239,0,48.0,0.055,10852.0,597.0,10852.0,597.0,10852.0,597.0,10852.0,1808.67,409.17,2023-01-02,1,0,0.0,0.0,0.0,0.0,0.0,0,0.0,0.0,0,0.0,0.0,0.0,0.3157894736842105,0.39473684210526316,10,low_motion_slow_cuts_no_face_dark,,test|video|trend,638,618,0,1.29,0,1.67,0,2.16,2023-01-02,2023-01-03,2023-01-02,2023-01-04,2023-01-02,2023-01-05,0,0,0,47982,1808.67,0.0006026077264176478,0.14727444217171368,0.0008951346416073523,train,0
vid_0085,Test Video 85,2022-12-31 00:00:00+00:00,chan_5,Channel 5,26,2023-01-03 00:00:00+00:00,test|video|trend,62005,3100,0,310,http://example.com/thumb.jpg,False,False,Test description,youtube,youtube_trending_kaggle,False,,,0,0,,,,,real,2023-01-03 00:00:00+00:00,1.0.0,3410,62005,3100,310,0,72.0,0.055,14023.0,772.0,14023.0,772.0,14023.0,772.0,14023.0,2337.17,528.5,2023-01-03,1,0,0.0,0.0,0.0,0.0,0.0,0,0.0,0.0,0,0.0,0.0,0.0,0.6153846153846154,0.6538461538461539,10,low_motion_slow_cuts_no_face_dark,,test|video|trend,712,689,0,1.29,0,1.67,0,2.16,2023-01-03,2023-01-04,2023-01-03,2023-01-05,2023-01-03,2023-01-06,0,0,0,62005,2337.17,0.00043767923769592464,0.14727444217171368,0.0004669256632534293,test,0
vid_0085,Test Video 85,2022-12-31 00:00:00+00:00,chan_5,Channel 5,21,2023-01-04 00:00:00+00:00,test|video|trend,80127,4006,0,400,http://example.com/thumb.jpg,False,False,Test description,youtube,youtube_trending_kaggle,False,,,0,0,,,,,real,2023-01-04 00:00:00+00:00,1.0.0,4406,80127,4006,400,0,96.0,0.055,18122.0,996.0,18122.0,996.0,18122.0,996.0,18122.0,3020.33,683.16,2023-01-04,1,0,0.0,0.0,0.0,0.0,0.0,0,0.0,0.0,0,0.0,0.0,0.0,0.6578947368421053,0.631578947368421,10,low_motion_slow_cuts_no_face_dark,,test|video|trend,778,755,0,1.29,0,1.67,0,2.16,2023-01-04,2023-01-05,2023-01-04,2023-01-06,2023-01-04,2023-01-07,0,0,0,80127,3020.33,0.0006548001424545531,0.14727444217171368,0.0007294309132872616,test,0
vid_0085,Test Video 85,2022-12-31 00:00:00+00:00,chan_5,Channel 5,26,2023-01-05 00:00:00+00:00,test|video|trend,103545,5177,0,517,http://example.com/thumb.jpg,False,False,Test description,youtube,youtube_trending_kaggle,False,,,0,0,,,,,real,2023-01-05 00:00:00+00:00,1.0.0,5694,103545,5177,517,0,120.0,0.055,23418.0,1288.0,23418.0,1288.0,23418.0,1288.0,23418.0,3903.0,882.67,2023-01-05,1,0,0.0,0.0,0.0,0.0,0.0,0,0.0,0.0,0,0.0,0.0,0.0,0.75,0.7307692307692307,10,low_motion_slow_cuts_no_face_dark,,test|video|trend,883,856,0,1.29,0,1.67,0,2.16,2023-01-05,2023-01-06,2023-01-05,2023-01-07,2023-01-05,2023-01-08,0,0,0,103545,3903.0,7.841229931651227e-05,0.14727444217171368,0.00019279883417751777,test,0
vid_0085,Test Video 85,2022-12-31 00:00:00+00:00,chan_5,Channel 5,19,2023-01-06 00:00:00+00:00,test|video|trend,133807,6690,0,669,http://example.com/thumb.jpg,False,False,Test description,youtube,youtube_trending_kaggle,False,,,0,0,,,,,real,2023-01-06 00:00:00+00:00,1.0.0,7359,133807,6690,669,0,144.0,0.055,30262.0,1665.0,30262.0,1665.0,30262.0,1665.0,30262.0,5043.67,1140.67,2023-01-06,1,0,0.0,0.0,0.0,0.0,0.0,0,0.0,0.0,0,0.0,0.0,0.0,0.9444444444444444,0.9444444444444444,10,low_motion_slow_cuts_no_face_dark,,test|video|trend,916,887,0,1.29,0,1.67,0,2.16,2023-01-06,2023-01-07,2023-01-06,2023-01-08,2023-01-06,2023-01-09,0,0,0,133807,5043.67,0.05479283797700254,0.14727444217171368,0.06322725134940678,test,0
vid_0085,Test Video 85,2022-12-31 00:00:00+00:00,chan_5,Channel 5,8,2023-01-07 00:00:00+00:00,test|video|trend,172914,8645,0,864,http://example.com/thumb.jpg,False,False,Test description,youtube,youtube_trending_kaggle,False,,,0,0,,,,,real,2023-01-07 00:00:00+00:00,1.0.0,9509,172914,8645,864,0,168.0,0.055,39107.0,2150.0,39107.0,2150.0,39107.0,2150.0,39107.0,6517.83,1474.16,2023-01-07,1,0,0.0,0.0,0.0,0.0,0.0,0,0.0,0.0,0,0.0,0.0,0.0,0.9069767441860465,0.9069767441860465,10,low_motion_slow_cuts_no_face_dark,,test|video|trend,936,907,0,1.29,0,1.67,0,1.67,2023-01-07,2023-01-08,2023-01-07,2023-01-09,2023-01-07,2023-01-10,0,0,0,172914,6517.83,0.0028191157971807733,0.14727444217171368,0.0028042494210344282,test,0
vid_0085,Test Video 85,2022-12-31 00:00:00+00:00,chan_5,Channel 5,4,2023-01-08 00:00:00+00:00,test|video|trend,223450,11172,0,1117,http://example.com/thumb.jpg,False,False,Test description,youtube,youtube_trending_kaggle,False,,,0,0,,,,,real,2023-01-08 00:00:00+00:00,1.0.0,12289,223450,11172,1117,0,192.0,0.055,50536.0,2780.0,50536.0,2780.0,50536.0,2780.0,50536.0,8422.67,1904.84,2023-01-08,1,0,0.0,0.0,0.0,0.0,0.0,0,0.0,0.0,0,0.0,0.0,0.0,0.8947368421052632,0.9210526315789473,10,low_motion_slow_cuts_no_face_dark,,test|video|trend,983,953,0,1.29,0,1.29,0,1.29,2023-01-08,2023-01-09,2023-01-08,2023-01-10,2023-01-08,2023-01-11,0,0,0,223450,8422.67,0.0029908350820956157,0.14727444217171368,0.0024835108781855056,test,0
vid_0085,Test Video 85,2022-12-31 00:00:00+00:00,chan_5,Channel 5,20,2023-01-09 00:00:00+00:00,test|video|trend,288755,14437,0,1443,http://example.com/thumb.jpg,False,False,Test description,youtube,youtube_trending_kaggle,False,,,0,0,,,,,real,2023-01-09 00:00:00+00:00,1.0.0,15880,288755,14437,1443,0,216.0,0.055,65305.0,3591.0,65305.0,3591.0,65305.0,3591.0,65305.0,10884.17,2461.5,2023-01-09,1,0,0.0,0.0,0.0,0.0,0.0,0,0.0,0.0,0,0.0,0.0,0.0,0.967741935483871,0.967741935483871,10,low_motion_slow_cuts_no_face_dark,,test|video|trend,991,961,0,1.0,0,1.0,0,1.0,2023-01-09,2023-01-10,2023-01-09,2023-01-11,2023-01-09,2023-01-12,0,0,0,288755,10884.17,0.0008762862695985365,0.14727444217171368,0.0007686852733552143,test,0
vid_0086,Test Video 86,2022-12-23 00:00:00+00:00,chan_6,Channel 6,8,2022-12-23 00:00:00+00:00,test|video|trend,3176,158,0,15,http://example.com/thumb.jpg,False,False,Test description,youtube,youtube_trending_kaggle,False,,,0,0,,,,,real,2022-12-23 00:00:00+00:00,1.0.0,173,3176,158,15,0,0.0,0.0545,0.0,0.0,0.0,0.0,0.0,0.0,0.0,0.0,0.0,,1,0,0.0,0.0,0.0,0.0,0.0,0,0.0,0.0,0,0.0,0.0,0.0,0.09302325581395349,0.05813953488372093,10,low_motion_slow_cuts_no_face_dark,,test|video|trend,3,3,0,1.06,0,1.12,0,1.18,2022-12-23,2022-12-24,2022-12-23,2022-12-25,2022-12-23,2022-12-26,0,0,0,3176,0.0,0.10154225467823952,0.14727444217171368,0.11822242576893693,train,0
vid_0086,Test Video 86,2022-12-23 00:00:00+00:00,chan_6,Channel 6,9,2022-12-24 00:00:00+00:00,test|video|trend,3354,167,0,16,http://example.com/thumb.jpg,False,False,Test description,youtube,youtube_trending_kaggle,False,,,0,0,,,,,real,2022-12-24 00:00:00+00:00,1.0.0,183,3354,167,16,0,24.0,0.0546,178.0,10.0,178.0,10.0,178.0,10.0,178.0,29.67,0.0,2022-12-24,1,0,0.0,0.0,0.0,0.0,0.0,0,0.0,0.0,0,0.0,0.0,0.0,0.06060606060606061,0.15151515151515152,10,low_motion_slow_cuts_no_face_dark,,test|video|trend,21,20,0,1.06,0,1.12,0,1.18,2022-12-24,2022-12-25,2022-12-24,2022-12-26,2022-12-24,2022-12-27,0,0,0,3354,29.67,0.027388770201301427,0.14727444217171368,0.017123054253952157,train,0
vid_0086,Test Video 86,2022-12-23 00:00:00+00:00,chan_6,Channel 6,5,2022-12-25 00:00:00+00:00,test|video|trend,3543,177,0,17,http://example.com/thumb.jpg,False,False,Test description,youtube,youtube_trending_kaggle,False,,,0,0,,,,,real,2022-12-25 00:00:00+00:00,1.0.0,194,3543,177,17,0,48.0,0.0548,189.0,11.0,189.0,11.0,189.0,11.0,189.0,31.5,1.83,2022-12-25,1,0,0.0,0.0,0.0,0.0,0.0,0,0.0,0.0,0,0.0,0.0,0.0,0.06451612903225806,0.1935483870967742,10,low_motion_slow_cuts_no_face_dark,,test|video|trend,35,34,0,1.06,0,1.12,0,1.18,2022-12-25,2022-12-26,2022-12-25,2022-12-27,2022-12-25,2022-12-28,0,0,0,3543,31.5,0.002486233179288113,0.14727444217171368,0.0013772361882522575,train,0
vid_0086,Test Video 86,2022-12-23 00:00:00+00:00,chan_6,Channel 6,21,2022-12-26 00:00:00+00:00,test|video|trend,3743,187,0,18,http://example.com/thumb.jpg,False,False,Test description,youtube,youtube_trending_kaggle,False,,,0,0,,,,,real,2022-12-26 00:00:00+00:00,1.0.0,205,3743,187,18,0,72.0,0.0548,200.0,11.0,200.0,11.0,200.0,11.0,200.0,33.33,1.83,2022-12-26,1,0,0.0,0.0,0.0,0.0,0.0,0,0.0,0.0,0,0.0,0.0,0.0,0.02631578947368421,0.10526315789473684,10,low_motion_slow_cuts_no_face_dark,,test|video|trend,101,98,0,1.06,0,1.12,0,1.18,2022-12-26,2022-12-27,2022-12-26,2022-12-28,2022-12-26,2022-12-29,0,0,0,3743,33.33,0.002768095593111489,0.14727444217171368,0.004181006303523239,train,0
vid_0086,Test Video 86,2022-12-23 00:00:00+00:00,chan_6,Channel 6,1,2022-12-27 00:00:00+00:00,test|video|trend,3954,197,0,19,http://example.com/thumb.jpg,False,False,Test description,youtube,youtube_trending_kaggle,False,,,0,0,,,,,real,2022-12-27 00:00:00+00:00,1.0.0,216,3954,197,19,0,96.0,0.0546,211.0,11.0,211.0,11.0,211.0,11.0,211.0,35.17,1.84,2022-12-27,1,0,0.0,0.0,0.0,0.0,0.0,0,0.0,0.0,0,0.0,0.0,0.0,0.030303030303030304,0.21212121212121213,10,low_motion_slow_cuts_no_face_dark,,test|video|trend,141,138,0,1.06,0,1.12,0,1.18,2022-12-27,2022-12-28,2022-12-27,2022-12-29,2022-12-27,2022-12-30,0,0,0,3954,35.17,0.0007322507128613002,0.14727444217171368,0.00044151031562782086,train,0
vid_0086,Test Video 86,2022-12-23 00:00:00+00:00,chan_6,Channel 6,24,2022-12-28 00:00:00+00:00,test|video|trend,4176,208,0,20,http://example.com/thumb.jpg,False,False,Test description,youtube,youtube_trending_kaggle,False,,,0,0,,,,,real,2022-12-28 00:00:00+00:00,1.0.0,228,4176,208,20,0,120.0,0.0546,222.0,12.0,222.0,12.0,222.0,12.0,222.0,37.0,1.83,2022-12-28,1,0,0.0,0.0,0.0,0.0,0.0,0,0.0,0.0,0,0.0,0.0,0.0,0.06666666666666667,0.2222222222222222,10,low_motion_slow_cuts_no_face_dark,,test|video|trend,177,173,0,1.06,0,1.12,0,1.18,2022-12-28,2022-12-29,2022-12-28,2022-12-30,2022-12-28,2022-12-31,0,0,0,4176,37.0,0.0009093982187296548,0.14727444217171368,0.0008307832197864147,train,0
vid_0086,Test Video 86,2022-12-23 00:00:00+00:00,chan_6,Channel 6,27,2022-12-29 00:00:00+00:00,test|video|trend,4412,220,0,22,http://example.com/thumb.jpg,False,False,Test description,youtube,youtube_trending_kaggle,False,,,0,0,,,,,real,2022-12-29 00:00:00+00:00,1.0.0,242,4412,220,22,0,144.0,0.0549,236.0,14.0,236.0,14.0,236.0,14.0,236.0,39.33,2.33,2022-12-29,1,0,0.0,0.0,0.0,0.0,0.0,0,0.0,0.0,0,0.0,0.0,0.0,0.15151515151515152,0.21212121212121213,10,low_motion_slow_cuts_no_face_dark,,test|video|trend,279,273,0,1.06,0,1.12,0,1.18,2022-12-29,2022-12-30,2022-12-29,2022-12-31,2022-12-29,2023-01-01,0,0,0,4412,39.33,0.0012332095100470895,0.14727444217171368,0.0014689305666740191,train,0
vid_0086,Test Video 86,2022-12-23 00:00:00+00:00,chan_6,Channel 6,14,2022-12-30 00:00:00+00:00,test|video|trend,4660,233,0,23,http://example.com/thumb.jpg,False,False,Test description,youtube,youtube_trending_kaggle,False,,,0,0,,,,,real,2022-12-30 00:00:00+00:00,1.0.0,256,4660,233,23,0,168.0,0.0549,248.0,14.0,248.0,14.0,248.0,14.0,248.0,41.33,2.0,2022-12-30,1,0,0.0,0.0,0.0,0.0,0.0,0,0.0,0.0,0,0.0,0.0,0.0,0.05555555555555555,0.08333333333333333,10,low_motion_slow_cuts_no_face_dark,,test|video|trend,346,336,0,1.06,0,1.12,0,1.12,2022-12-30,2022-12-31,2022-12-30,2023-01-01,2022-12-30,2023-01-02,0,0,0,4660,41.33,0.001232198882980011,0.14727444217171368,0.0007928292884871997,train,0
vid_0086,Test Video 86,2022-12-23 00:00:00+00:00,chan_6,Channel 6,14,2022-12-31 00:00:00+00:00,test|video|trend,4922,246,0,24,http://example.com/thumb.jpg,False,False,Test description,youtube,youtube_trending_kaggle,False,,,0,0,,,,,real,2022-12-31 00:00:00+00:00,1.0.0,270,4922,246,24,0,192.0,0.0549,262.0,14.0,262.0,14.0,262.0,14.0,262.0,43.67,2.34,2022-12-31,1,0,0.0,0.0,0.0,0.0,0.0,0,0.0,0.0,0,0.0,0.0,0.0,0.08333333333333333,0.1111111111111111,10,low_motion_slow_cuts_no_face_dark,,test|video|trend,406,394,0,1.06,0,1.06,0,1.06,2022-12-31,2023-01-01,2022-12-31,2023-01-02,2022-12-31,2023-01-03,0,0,0,4922,43.67,0.00010076352318583875,0.14727444217171368,0.00016558545873456064,train,0
vid_0086,Test Video 86,2022-12-23 00:00:00+00:00,chan_6,Channel 6,21,2023-01-01 00:00:00+00:00,test|video|trend,5200,260,0,26,http://example.com/thumb.jpg,False,False,Test description,youtube,youtube_trending_kaggle,False,,,0,0,,,,,real,2023-01-01 00:00:00+00:00,1.0.0,286,5200,260,26,0,216.0,0.055,278.0,16.0,278.0,16.0,278.0,16.0,278.0,46.33,2.66,2023-01-01,1,0,0.0,0.0,0.0,0.0,0.0,0,0.0,0.0,0,0.0,0.0,0.0,0.05263157894736842,0.13157894736842105,10,low_motion_slow_cuts_no_face_dark,,test|video|trend,556,540,0,1.0,0,1.0,0,1.0,2023-01-01,2023-01-02,2023-01-01,2023-01-03,2023-01-01,2023-01-04,0,0,0,5200,46.33,9.123329074825848e-05,0.14727444217171368,0.00023648676793646526,train,0
vid_0087,Test Video 87,2022-12-31 00:00:00+00:00,chan_7,Channel 7,2,2022-12-31 00:00:00+00:00,test|video|trend,46084,2304,0,230,http://example.com/thumb.jpg,False,False,Test description,youtube,youtube_trending_kaggle,False,,,0,0,,,,,real,2022-12-31 00:00:00+00:00,1.0.0,2534,46084,2304,230,0,0.0,0.055,0.0,0.0,0.0,0.0,0.0,0.0,0.0,0.0,0.0,,1,0,0.0,0.0,0.0,0.0,0.0,0,0.0,0.0,0,0.0,0.0,0.0,0.3783783783783784,0.05405405405405406,10,low_motion_slow_cuts_no_face_dark,,test|video|trend,410,398,0,1.36,0,1.85,0,2.52,2022-12-31,2023-01-01,2022-12-31,2023-01-02,2022-12-31,2023-01-03,0,0,0,46084,0.0,0.030327074050583568,0.14727444217171368,0.034871617277007494,train,0
vid_0087,Test Video 87,2022-12-31 00:00:00+00:00,chan_7,Channel 7,25,2023-01-01 00:00:00+00:00,test|video|trend,62712,3135,0,313,http://example.com/thumb.jpg,False,False,Test description,youtube,youtube_trending_kaggle,False,,,0,0,,,,,real,2023-01-01 00:00:00+00:00,1.0.0,3448,62712,3135,313,0,24.0,0.055,16628.0,914.0,16628.0,914.0,16628.0,914.0,16628.0,2771.33,0.0,2023-01-01,1,0,0.0,0.0,0.0,0.0,0.0,0,0.0,0.0,0,0.0,0.0,0.0,0.6756756756756757,0.7297297297297297,10,low_motion_slow_cuts_no_face_dark,,test|video|trend,558,542,0,1.36,0,1.85,0,2.52,2023-01-01,2023-01-02,2023-01-01,2023-01-03,2023-01-01,2023-01-04,0,0,0,62712,2771.33,0.0010104708126912273,0.14727444217171368,0.0017741832580043693,train,0
vid_0087,Test Video 87,2022-12-31 00:00:00+00:00,chan_7,Channel 7,5,2023-01-02 00:00:00+00:00,test|video|trend,85340,4267,0,426,http://example.com/thumb.jpg,False,False,Test description,youtube,youtube_trending_kaggle,False,,,0,0,,,,,real,2023-01-02 00:00:00+00:00,1.0.0,4693,85340,4267,426,0,48.0,0.055,22628.0,1245.0,22628.0,1245.0,22628.0,1245.0,22628.0,3771.33,1000.0,2023-01-02,1,0,0.0,0.0,0.0,0.0,0.0,0,0.0,0.0,0,0.0,0.0,0.0,0.6774193548387096,0.7419354838709677,10,low_motion_slow_cuts_no_face_dark,,test|video|trend,660,640,0,1.36,0,1.85,0,2.52,2023-01-02,2023-01-03,2023-01-02,2023-01-04,2023-01-02,2023-01-05,0,0,0,85340,3771.33,0.08649734199702573,0.14727444217171368,0.09488215520857443,train,0
vid_0087,Test Video 87,2022-12-31 00:00:00+00:00,chan_7,Channel 7,8,2023-01-03 00:00:00+00:00,test|video|trend,116134,5806,0,580,http://example.com/thumb.jpg,False,False,Test description,youtube,youtube_trending_kaggle,False,,,0,0,,,,,real,2023-01-03 00:00:00+00:00,1.0.0,6386,116134,5806,580,0,72.0,0.055,30794.0,1693.0,30794.0,1693.0,30794.0,1693.0,30794.0,5132.33,1361.0,2023-01-03,1,0,0.0,0.0,0.0,0.0,0.0,0,0.0,0.0,0,0.0,0.0,0.0,0.813953488372093,0.813953488372093,10,low_motion_slow_cuts_no_face_dark,,test|video|trend,707,685,0,1.36,0,1.85,0,2.52,2023-01-03,2023-01-04,2023-01-03,2023-01-05,2023-01-03,2023-01-06,0,0,0,116134,5132.33,0.10808045442730396,0.14727444217171368,0.10965597120293867,test,0
vid_0087,Test Video 87,2022-12-31 00:00:00+00:00,chan_7,Channel 7,5,2023-01-04 00:00:00+00:00,test|video|trend,158039,7901,0,790,http://example.com/thumb.jpg,False,False,Test description,youtube,youtube_trending_kaggle,False,,,0,0,,,,,real,2023-01-04 00:00:00+00:00,1.0.0,8691,158039,7901,790,0,96.0,0.055,41905.0,2305.0,41905.0,2305.0,41905.0,2305.0,41905.0,6984.17,1851.84,2023-01-04,1,0,0.0,0.0,0.0,0.0,0.0,0,0.0,0.0,0,0.0,0.0,0.0,0.8387096774193549,0.8387096774193549,10,low_motion_slow_cuts_no_face_dark,,test|video|trend,773,750,0,1.36,0,1.85,0,2.52,2023-01-04,2023-01-05,2023-01-04,2023-01-06,2023-01-04,2023-01-07,0,0,0,158039,6984.17,0.08159641710677677,0.14727444217171368,0.07351426834314749,test,0
vid_0087,Test Video 87,2022-12-31 00:00:00+00:00,chan_7,Channel 7,15,2023-01-05 00:00:00+00:00,test|video|trend,215064,10753,0,1075,http://example.com/thumb.jpg,False,False,Test description,youtube,youtube_trending_kaggle,False,,,0,0,,,,,real,2023-01-05 00:00:00+00:00,1.0.0,11828,215064,10753,1075,0,120.0,0.055,57025.0,3137.0,57025.0,3137.0,57025.0,3137.0,57025.0,9504.17,2520.0,2023-01-05,1,0,0.0,0.0,0.0,0.0,0.0,0,0.0,0.0,0,0.0,0.0,0.0,0.9230769230769231,0.9230769230769231,10,low_motion_slow_cuts_no_face_dark,,test|video|trend,841,816,0,1.36,0,1.85,0,2.52,2023-01-05,2023-01-06,2023-01-05,2023-01-07,2023-01-05,2023-01-08,0,0,0,215064,9504.17,0.5477673629614125,0.14727444217171368,0.58691844553048,test,0
vid_0087,Test Video 87,2022-12-31 00:00:00+00:00,chan_7,Channel 7,16,2023-01-06 00:00:00+00:00,test|video|trend,292665,14633,0,1463,http://example.com/thumb.jpg,False,False,Test description,youtube,youtube_trending_kaggle,False,,,0,0,,,,,real,2023-01-06 00:00:00+00:00,1.0.0,16096,292665,14633,1463,0,144.0,0.055,77601.0,4268.0,77601.0,4268.0,77601.0,4268.0,77601.0,12933.5,3429.33,2023-01-06,1,0,0.0,0.0,0.0,0.0,0.0,0,0.0,0.0,0,0.0,0.0,0.0,0.9166666666666666,0.9166666666666666,10,low_motion_slow_cuts_no_face_dark,,test|video|trend,927,898,0,1.36,0,1.85,0,2.52,2023-01-06,2023-01-07,2023-01-06,2023-01-08,2023-01-06,2023-01-09,0,0,0,292665,12933.5,0.10305360292453435,0.14727444217171368,0.10582218511884647,test,0
vid_0087,Test Video 87,2022-12-31 00:00:00+00:00,chan_7,Channel 7,1,2023-01-07 00:00:00+00:00,test|video|trend,398267,19913,0,1991,http://example.com/thumb.jpg,False,False,Test description,youtube,youtube_trending_kaggle,False,,,0,0,,,,,real,2023-01-07 00:00:00+00:00,1.0.0,21904,398267,19913,1991,0,168.0,0.055,105602.0,5808.0,105602.0,5808.0,105602.0,5808.0,105602.0,17600.33,4666.83,2023-01-07,1,0,0.0,0.0,0.0,0.0,0.0,0,0.0,0.0,0,0.0,0.0,0.0,0.9696969696969697,0.9696969696969697,10,low_motion_slow_cuts_no_face_dark,,test|video|trend,963,934,0,1.36,0,1.85,0,1.85,2023-01-07,2023-01-08,2023-01-07,2023-01-09,2023-01-07,2023-01-10,0,0,0,398267,17600.33,0.010413703635584208,0.14727444217171368,0.010310749535430007,test,0
vid_0087,Test Video 87,2022-12-31 00:00:00+00:00,chan_7,Channel 7,15,2023-01-08 00:00:00+00:00,test|video|trend,541973,27098,0,2709,http://example.com/thumb.jpg,False,False,Test description,youtube,youtube_trending_kaggle,False,,,0,0,,,,,real,2023-01-08 00:00:00+00:00,1.0.0,29807,541973,27098,2709,0,192.0,0.055,143706.0,7903.0,143706.0,7903.0,143706.0,7903.0,143706.0,23951.0,6350.67,2023-01-08,1,0,0.0,0.0,0.0,0.0,0.0,0,0.0,0.0,0,0.0,0.0,0.0,1.0,1.0,10,low_motion_slow_cuts_no_face_dark,,test|video|trend,982,952,0,1.36,0,1.36,0,1.36,2023-01-08,2023-01-09,2023-01-08,2023-01-10,2023-01-08,2023-01-11,0,0,0,541973,23951.0,0.006808080242211765,0.14727444217171368,0.006023642691354063,test,0
vid_0087,Test Video 87,2022-12-31 00:00:00+00:00,chan_7,Channel 7,28,2023-01-09 00:00:00+00:00,test|video|trend,737533,36876,0,3687,http://example.com/thumb.jpg,False,False,Test description,youtube,youtube_trending_kaggle,False,,,0,0,,,,,real,2023-01-09 00:00:00+00:00,1.0.0,40563,737533,36876,3687,0,216.0,0.055,195560.0,10756.0,195560.0,10756.0,195560.0,10756.0,195560.0,32593.33,8642.33,2023-01-09,1,0,0.0,0.0,0.0,0.0,0.0,0,0.0,0.0,0,0.0,0.0,0.0,1.0,0.9333333333333333,10,low_motion_slow_cuts_no_face_dark,,test|video|trend,990,960,0,1.0,0,1.0,0,1.0,2023-01-09,2023-01-10,2023-01-09,2023-01-11,2023-01-09,2023-01-12,0,0,0,737533,32593.33,0.0018542598588684597,0.14727444217171368,0.0017467381966902826,test,0
vid_0088,Test Video 88,2022-12-30 00:00:00+00:00,chan_8,Channel 8,4,2022-12-30 00:00:00+00:00,test|video|trend,28721,1436,0,143,http://example.com/thumb.jpg,False,False,Test description,youtube,youtube_trending_kaggle,False,,,0,0,,,,,real,2022-12-30 00:00:00+00:00,1.0.0,1579,28721,1436,143,0,0.0,0.055,0.0,0.0,0.0,0.0,0.0,0.0,0.0,0.0,0.0,,1,0,0.0,0.0,0.0,0.0,0.0,0,0.0,0.0,0,0.0,0.0,0.0,0.2894736842105263,0.10526315789473684,10,low_motion_slow_cuts_no_face_dark,,test|video|trend,359,349,0,1.2,0,1.44,0,1.74,2022-12-30,2022-12-31,2022-12-30,2023-01-01,2022-12-30,2023-01-02,0,0,0,28721,0.0,0.027368540173020144,0.14727444217171368,0.03118486563801474,train,0
vid_0088,Test Video 88,2022-12-30 00:00:00+00:00,chan_8,Channel 8,26,2022-12-31 00:00:00+00:00,test|video|trend,34517,1725,0,172,http://example.com/thumb.jpg,False,False,Test description,youtube,youtube_trending_kaggle,False,,,0,0,,,,,real,2022-12-31 00:00:00+00:00,1.0.0,1897,34517,1725,172,0,24.0,0.055,5796.0,318.0,5796.0,318.0,5796.0,318.0,5796.0,966.0,0.0,2022-12-31,1,0,0.0,0.0,0.0,0.0,0.0,0,0.0,0.0,0,0.0,0.0,0.0,0.38461538461538464,0.46153846153846156,10,low_motion_slow_cuts_no_face_dark,,test|video|trend,411,399,0,1.2,0,1.44,0,1.74,2022-12-31,2023-01-01,2022-12-31,2023-01-02,2022-12-31,2023-01-03,0,0,0,34517,966.0,0.0002005950552316295,0.14727444217171368,0.00034238908428973705,train,0
vid_0088,Test Video 88,2022-12-30 00:00:00+00:00,chan_8,Channel 8,9,2023-01-01 00:00:00+00:00,test|video|trend,41482,2074,0,207,http://example.com/thumb.jpg,False,False,Test description,youtube,youtube_trending_kaggle,False,,,0,0,,,,,real,2023-01-01 00:00:00+00:00,1.0.0,2281,41482,2074,207,0,48.0,0.055,6965.0,384.0,6965.0,384.0,6965.0,384.0,6965.0,1160.83,194.83,2023-01-01,1,0,0.0,0.0,0.0,0.0,0.0,0,0.0,0.0,0,0.0,0.0,0.0,0.6060606060606061,0.6666666666666666,10,low_motion_slow_cuts_no_face_dark,,test|video|trend,563,547,0,1.2,0,1.44,0,1.74,2023-01-01,2023-01-02,2023-01-01,2023-01-03,2023-01-01,2023-01-04,0,0,0,41482,1160.83,0.0005590460646067905,0.14727444217171368,0.0007219898881316945,train,0
vid_0088,Test Video 88,2022-12-30 00:00:00+00:00,chan_8,Channel 8,7,2023-01-02 00:00:00+00:00,test|video|trend,49854,2492,0,249,http://example.com/thumb.jpg,False,False,Test description,youtube,youtube_trending_kaggle,False,,,0,0,,,,,real,2023-01-02 00:00:00+00:00,1.0.0,2741,49854,2492,249,0,72.0,0.055,8372.0,460.0,8372.0,460.0,8372.0,460.0,8372.0,1395.33,234.5,2023-01-02,1,0,0.0,0.0,0.0,0.0,0.0,0,0.0,0.0,0,0.0,0.0,0.0,0.5675675675675675,0.6216216216216216,10,low_motion_slow_cuts_no_face_dark,,test|video|trend,657,637,0,1.2,0,1.44,0,1.74,2023-01-02,2023-01-03,2023-01-02,2023-01-04,2023-01-02,2023-01-05,0,0,0,49854,1395.33,0.00045591412567108744,0.14727444217171368,0.0005378798631236223,train,0
vid_0088,Test Video 88,2022-12-30 00:00:00+00:00,chan_8,Channel 8,21,2023-01-03 00:00:00+00:00,test|video|trend,59915,2995,0,299,http://example.com/thumb.jpg,False,False,Test description,youtube,youtube_trending_kaggle,False,,,0,0,,,,,real,2023-01-03 00:00:00+00:00,1.0.0,3294,59915,2995,299,0,96.0,0.055,10061.0,553.0,10061.0,553.0,10061.0,553.0,10061.0,1676.83,281.5,2023-01-03,1,0,0.0,0.0,0.0,0.0,0.0,0,0.0,0.0,0,0.0,0.0,0.0,0.39473684210526316,0.3684210526315789,10,low_motion_slow_cuts_no_face_dark,,test|video|trend,691,670,0,1.2,0,1.44,0,1.74,2023-01-03,2023-01-04,2023-01-03,2023-01-05,2023-01-03,2023-01-06,0,0,0,59915,1676.83,0.00016195222649523236,0.14727444217171368,0.00035725615795809113,train,0
vid_0088,Test Video 88,2022-12-30 00:00:00+00:00,chan_8,Channel 8,23,2023-01-04 00:00:00+00:00,test|video|trend,72007,3600,0,360,http://example.com/thumb.jpg,False,False,Test description,youtube,youtube_trending_kaggle,False,,,0,0,,,,,real,2023-01-04 00:00:00+00:00,1.0.0,3960,72007,3600,360,0,120.0,0.055,12092.0,666.0,12092.0,666.0,12092.0,666.0,12092.0,2015.33,338.5,2023-01-04,1,0,0.0,0.0,0.0,0.0,0.0,0,0.0,0.0,0,0.0,0.0,0.0,0.6333333333333333,0.5333333333333333,10,low_motion_slow_cuts_no_face_dark,,test|video|trend,769,746,0,1.2,0,1.44,0,1.74,2023-01-04,2023-01-05,2023-01-04,2023-01-06,2023-01-04,2023-01-07,0,0,0,72007,2015.33,3.799882866502483e-05,0.14727444217171368,4.874811335618074e-05,test,0
vid_0088,Test Video 88,2022-12-30 00:00:00+00:00,chan_8,Channel 8,2,2023-01-05 00:00:00+00:00,test|video|trend,86538,4326,0,432,http://example.com/thumb.jpg,False,False,Test description,youtube,youtube_trending_kaggle,False,,,0,0,,,,,real,2023-01-05 00:00:00+00:00,1.0.0,4758,86538,4326,432,0,144.0,0.055,14531.0,798.0,14531.0,798.0,14531.0,798.0,14531.0,2421.83,406.5,2023-01-05,1,0,0.0,0.0,0.0,0.0,0.0,0,0.0,0.0,0,0.0,0.0,0.0,0.6486486486486487,0.6216216216216216,10,low_motion_slow_cuts_no_face_dark,,test|video|trend,840,815,0,1.2,0,1.44,0,1.74,2023-01-05,2023-01-06,2023-01-05,2023-01-07,2023-01-05,2023-01-08,0,0,0,86538,2421.83,4.200416878185078e-05,0.14727444217171368,5.3800865525154396e-05,test,0
vid_0088,Test Video 88,2022-12-30 00:00:00+00:00,chan_8,Channel 8,8,2023-01-06 00:00:00+00:00,test|video|trend,104002,5200,0,520,http://example.com/thumb.jpg,False,False,Test description,youtube,youtube_trending_kaggle,False,,,0,0,,,,,real,2023-01-06 00:00:00+00:00,1.0.0,5720,104002,5200,520,0,168.0,0.055,17464.0,962.0,17464.0,962.0,17464.0,962.0,17464.0,2910.67,488.84,2023-01-06,1,0,0.0,0.0,0.0,0.0,0.0,0,0.0,0.0,0,0.0,0.0,0.0,0.7674418604651163,0.6976744186046512,10,low_motion_slow_cuts_no_face_dark,,test|video|trend,918,889,0,1.2,0,1.44,0,1.44,2023-01-06,2023-01-07,2023-01-06,2023-01-08,2023-01-06,2023-01-09,0,0,0,104002,2910.67,3.642533598411805e-05,0.14727444217171368,4.054594694701779e-05,test,0
vid_0088,Test Video 88,2022-12-30 00:00:00+00:00,chan_8,Channel 8,4,2023-01-07 00:00:00+00:00,test|video|trend,124991,6249,0,624,http://example.com/thumb.jpg,False,False,Test description,youtube,youtube_trending_kaggle,False,,,0,0,,,,,real,2023-01-07 00:00:00+00:00,1.0.0,6873,124991,6249,624,0,192.0,0.055,20989.0,1153.0,20989.0,1153.0,20989.0,1153.0,20989.0,3498.17,587.5,2023-01-07,1,0,0.0,0.0,0.0,0.0,0.0,0,0.0,0.0,0,0.0,0.0,0.0,0.7368421052631579,0.6578947368421053,10,low_motion_slow_cuts_no_face_dark,,test|video|trend,965,935,0,1.2,0,1.2,0,1.2,2023-01-07,2023-01-08,2023-01-07,2023-01-09,2023-01-07,2023-01-10,0,0,0,124991,3498.17,0.0013775152968369903,0.14727444217171368,0.0014789982705265801,test,0
vid_0088,Test Video 88,2022-12-30 00:00:00+00:00,chan_8,Channel 8,17,2023-01-08 00:00:00+00:00,test|video|trend,150215,7510,0,751,http://example.com/thumb.jpg,False,False,Test description,youtube,youtube_trending_kaggle,False,,,0,0,,,,,real,2023-01-08 00:00:00+00:00,1.0.0,8261,150215,7510,751,0,216.0,0.055,25224.0,1388.0,25224.0,1388.0,25224.0,1388.0,25224.0,4204.0,705.83,2023-01-08,1,0,0.0,0.0,0.0,0.0,0.0,0,0.0,0.0,0,0.0,0.0,0.0,0.8,0.7714285714285715,10,low_motion_slow_cuts_no_face_dark,,test|video|trend,975,945,0,1.0,0,1.0,0,1.0,2023-01-08,2023-01-09,2023-01-08,2023-01-10,2023-01-08,2023-01-11,0,0,0,150215,4204.0,0.0011582976728033826,0.14727444217171368,0.0010174011120425372,test,0
vid_0089,Test Video 89,2022-12-23 00:00:00+00:00,chan_9,Channel 9,17,2022-12-23 00:00:00+00:00,test|video|trend,4598,229,0,22,http://example.com/thumb.jpg,False,False,Test description,youtube,youtube_trending_kaggle,False,,,0,0,,,,,real,2022-12-23 00:00:00+00:00,1.0.0,251,4598,229,22,0,0.0,0.0546,0.0,0.0,0.0,0.0,0.0,0.0,0.0,0.0,0.0,,1,0,0.0,0.0,0.0,0.0,0.0,0,0.0,0.0,0,0.0,0.0,0.0,0.05714285714285714,0.07142857142857142,10,low_motion_slow_cuts_no_face_dark,,test|video|trend,10,10,0,1.3,0,1.69,0,2.2,2022-12-23,2022-12-24,2022-12-23,2022-12-25,2022-12-23,2022-12-26,0,0,0,4598,0.0,0.004022449617084781,0.14727444217171368,0.002829577927924881,train,0
vid_0089,Test Video 89,2022-12-23 00:00:00+00:00,chan_9,Channel 9,10,2022-12-24 00:00:00+00:00,test|video|trend,5979,298,0,29,http://example.com/thumb.jpg,False,False,Test description,youtube,youtube_trending_kaggle,False,,,0,0,,,,,real,2022-12-24 00:00:00+00:00,1.0.0,327,5979,298,29,0,24.0,0.0547,1381.0,76.0,1381.0,76.0,1381.0,76.0,1381.0,230.17,0.0,2022-12-24,1,0,0.0,0.0,0.0,0.0,0.0,0,0.0,0.0,0,0.0,0.0,0.0,0.030303030303030304,0.21212121212121213,10,low_motion_slow_cuts_no_face_dark,,test|video|trend,24,23,0,1.3,0,1.69,0,2.2,2022-12-24,2022-12-25,2022-12-24,2022-12-26,2022-12-24,2022-12-27,0,0,0,5979,230.17,0.015557895983140892,0.14727444217171368,0.014164672219273774,train,0
vid_0089,Test Video 89,2022-12-23 00:00:00+00:00,chan_9,Channel 9,14,2022-12-25 00:00:00+00:00,test|video|trend,7774,388,0,38,http://example.com/thumb.jpg,False,False,Test description,youtube,youtube_trending_kaggle,False,,,0,0,,,,,real,2022-12-25 00:00:00+00:00,1.0.0,426,7774,388,38,0,48.0,0.0548,1795.0,99.0,1795.0,99.0,1795.0,99.0,1795.0,299.17,69.0,2022-12-25,1,0,0.0,0.0,0.0,0.0,0.0,0,0.0,0.0,0,0.0,0.0,0.0,0.1111111111111111,0.25,10,low_motion_slow_cuts_no_face_dark,,test|video|trend,61,60,0,1.3,0,1.69,0,2.2,2022-12-25,2022-12-26,2022-12-25,2022-12-27,2022-12-25,2022-12-28,0,0,0,7774,299.17,0.03936960918683479,0.14727444217171368,0.05060274054509757,train,0
vid_0089,Test Video 89,2022-12-23 00:00:00+00:00,chan_9,Channel 9,9,2022-12-26 00:00:00+00:00,test|video|trend,10110,505,0,50,http://example.com/thumb.jpg,False,False,Test description,youtube,youtube_trending_kaggle,False,,,0,0,,,,,real,2022-12-26 00:00:00+00:00,1.0.0,555,10110,505,50,0,72.0,0.0549,2336.0,129.0,2336.0,129.0,2336.0,129.0,2336.0,389.33,90.16,2022-12-26,1,0,0.0,0.0,0.0,0.0,0.0,0,0.0,0.0,0,0.0,0.0,0.0,0.12121212121212122,0.48484848484848486,10,low_motion_slow_cuts_no_face_dark,,test|video|trend,103,100,0,1.3,0,1.69,1,2.2,2022-12-26,2022-12-27,2022-12-26,2022-12-28,2022-12-26,2022-12-29,0,0,0,10110,389.33,0.8894910042255789,0.14727444217171368,0.906606260669826,train,1
vid_0089,Test Video 89,2022-12-23 00:00:00+00:00,chan_9,Channel 9,7,2022-12-27 00:00:00+00:00,test|video|trend,13146,657,0,65,http://example.com/thumb.jpg,False,False,Test description,youtube,youtube_trending_kaggle,False,,,0,0,,,,,real,2022-12-27 00:00:00+00:00,1.0.0,722,13146,657,65,0,96.0,0.0549,3036.0,167.0,3036.0,167.0,3036.0,167.0,3036.0,506.0,116.67,2022-12-27,1,0,0.0,0.0,0.0,0.0,0.0,0,0.0,0.0,0,0.0,0.0,0.0,0.13513513513513514,0.40540540540540543,10,low_motion_slow_cuts_no_face_dark,,test|video|trend,145,142,0,1.3,0,1.69,0,2.2,2022-12-27,2022-12-28,2022-12-27,2022-12-29,2022-12-27,2022-12-30,0,0,0,13146,506.0,0.03970434168730688,0.14727444217171368,0.03557340361595565,train,0
vid_0089,Test Video 89,2022-12-23 00:00:00+00:00,chan_9,Channel 9,22,2022-12-28 00:00:00+00:00,test|video|trend,17095,854,0,85,http://example.com/thumb.jpg,False,False,Test description,youtube,youtube_trending_kaggle,False,,,0,0,,,,,real,2022-12-28 00:00:00+00:00,1.0.0,939,17095,854,85,0,120.0,0.0549,3949.0,217.0,3949.0,217.0,3949.0,217.0,3949.0,658.17,152.17,2022-12-28,1,0,0.0,0.0,0.0,0.0,0.0,0,0.0,0.0,0,0.0,0.0,0.0,0.15625,0.4375,10,low_motion_slow_cuts_no_face_dark,,test|video|trend,195,189,0,1.3,0,1.69,0,2.2,2022-12-28,2022-12-29,2022-12-28,2022-12-30,2022-12-28,2022-12-31,0,0,0,17095,658.17,0.0037909285894915192,0.14727444217171368,0.004701958595942081,train,0
vid_0089,Test Video 89,2022-12-23 00:00:00+00:00,chan_9,Channel 9,29,2022-12-29 00:00:00+00:00,test|video|trend,22230,1111,0,111,http://example.com/thumb.jpg,False,False,Test description,youtube,youtube_trending_kaggle,False,,,0,0,,,,,real,2022-12-29 00:00:00+00:00,1.0.0,1222,22230,1111,111,0,144.0,0.055,5135.0,283.0,5135.0,283.0,5135.0,283.0,5135.0,855.83,197.66,2022-12-29,1,0,0.0,0.0,0.0,0.0,0.0,0,0.0,0.0,0,0.0,0.0,0.0,0.22580645161290322,0.3225806451612903,10,low_motion_slow_cuts_no_face_dark,,test|video|trend,282,276,0,1.3,0,1.69,0,2.2,2022-12-29,2022-12-30,2022-12-29,2022-12-31,2022-12-29,2023-01-01,0,0,0,22230,855.83,0.0012609198624321757,0.14727444217171368,0.0018639534474925044,train,0
vid_0089,Test Video 89,2022-12-23 00:00:00+00:00,chan_9,Channel 9,24,2022-12-30 00:00:00+00:00,test|video|trend,28907,1445,0,144,http://example.com/thumb.jpg,False,False,Test description,youtube,youtube_trending_kaggle,False,,,0,0,,,,,real,2022-12-30 00:00:00+00:00,1.0.0,1589,28907,1445,144,0,168.0,0.055,6677.0,367.0,6677.0,367.0,6677.0,367.0,6677.0,1112.83,257.0,2022-12-30,1,0,0.0,0.0,0.0,0.0,0.0,0,0.0,0.0,0,0.0,0.0,0.0,0.35555555555555557,0.5777777777777777,10,low_motion_slow_cuts_no_face_dark,,test|video|trend,393,381,0,1.3,0,1.69,0,1.69,2022-12-30,2022-12-31,2022-12-30,2023-01-01,2022-12-30,2023-01-02,0,0,0,28907,1112.83,0.0008723148712645562,0.14727444217171368,0.0009648001013466208,train,0
vid_0089,Test Video 89,2022-12-23 00:00:00+00:00,chan_9,Channel 9,28,2022-12-31 00:00:00+00:00,test|video|trend,37589,1879,0,187,http://example.com/thumb.jpg,False,False,Test description,youtube,youtube_trending_kaggle,False,,,0,0,,,,,real,2022-12-31 00:00:00+00:00,1.0.0,2066,37589,1879,187,0,192.0,0.055,8682.0,477.0,8682.0,477.0,8682.0,477.0,8682.0,1447.0,334.17,2022-12-31,1,0,0.0,0.0,0.0,0.0,0.0,0,0.0,0.0,0,0.0,0.0,0.0,0.3,0.5,10,low_motion_slow_cuts_no_face_dark,,test|video|trend,407,395,0,1.3,0,1.3,0,1.3,2022-12-31,2023-01-01,2022-12-31,2023-01-02,2022-12-31,2023-01-03,0,0,0,37589,1447.0,0.00010860547425654546,0.14727444217171368,0.00011589674033533893,train,0
vid_0089,Test Video 89,2022-12-23 00:00:00+00:00,chan_9,Channel 9,19,2023-01-01 00:00:00+00:00,test|video|trend,48879,2443,0,244,http://example.com/thumb.jpg,False,False,Test description,youtube,youtube_trending_kaggle,False,,,0,0,,,,,real,2023-01-01 00:00:00+00:00,1.0.0,2687,48879,2443,244,0,216.0,0.055,11290.0,621.0,11290.0,621.0,11290.0,621.0,11290.0,1881.67,434.67,2023-01-01,1,0,0.0,0.0,0.0,0.0,0.0,0,0.0,0.0,0,0.0,0.0,0.0,0.4444444444444444,0.5277777777777778,10,low_motion_slow_cuts_no_face_dark,,test|video|trend,504,489,0,1.0,0,1.0,0,1.0,2023-01-01,2023-01-02,2023-01-01,2023-01-03,2023-01-01,2023-01-04,0,0,0,48879,1881.67,4.778469922977495e-05,0.14727444217171368,3.566826821439049e-05,train,0
vid_0090,Test Video 90,2022-12-25 00:00:00+00:00,chan_0,Channel 0,17,2022-12-25 00:00:00+00:00,test|video|trend,1999,99,0,9,http://example.com/thumb.jpg,False,False,Test description,youtube,youtube_trending_kaggle,False,,,0,0,,,,,real,2022-12-25 00:00:00+00:00,1.0.0,108,1999,99,9,0,0.0,0.054,0.0,0.0,0.0,0.0,0.0,0.0,0.0,0.0,0.0,,1,0,0.0,0.0,0.0,0.0,0.0,0,0.0,0.0,0,0.0,0.0,0.0,0.02857142857142857,0.07142857142857142,10,low_motion_slow_cuts_no_face_dark,,test|video|trend,58,57,0,1.05,0,1.1,0,1.15,2022-12-25,2022-12-26,2022-12-25,2022-12-27,2022-12-25,2022-12-28,0,0,0,1999,0.0,0.0032380506663367233,0.14727444217171368,0.0026718776873698572,train,0
vid_0090,Test Video 90,2022-12-25 00:00:00+00:00,chan_0,Channel 0,27,2022-12-26 00:00:00+00:00,test|video|trend,2097,104,0,10,http://example.com/thumb.jpg,False,False,Test description,youtube,youtube_trending_kaggle,False,,,0,0,,,,,real,2022-12-26 00:00:00+00:00,1.0.0,114,2097,104,10,0,24.0,0.0544,98.0,6.0,98.0,6.0,98.0,6.0,98.0,16.33,0.0,2022-12-26,1,0,0.0,0.0,0.0,0.0,0.0,0,0.0,0.0,0,0.0,0.0,0.0,0.09090909090909091,0.15151515151515152,10,low_motion_slow_cuts_no_face_dark,,test|video|trend,96,93,0,1.05,0,1.1,0,1.15,2022-12-26,2022-12-27,2022-12-26,2022-12-28,2022-12-26,2022-12-29,0,0,0,2097,16.33,0.0582634765899058,0.14727444217171368,0.06002438287603036,train,0
vid_0090,Test Video 90,2022-12-25 00:00:00+00:00,chan_0,Channel 0,2,2022-12-27 00:00:00+00:00,test|video|trend,2200,110,0,11,http://example.com/thumb.jpg,False,False,Test description,youtube,youtube_trending_kaggle,False,,,0,0,,,,,real,2022-12-27 00:00:00+00:00,1.0.0,121,2200,110,11,0,48.0,0.055,103.0,7.0,103.0,7.0,103.0,7.0,103.0,17.17,0.84,2022-12-27,1,0,0.0,0.0,0.0,0.0,0.0,0,0.0,0.0,0,0.0,0.0,0.0,0.08108108108108109,0.13513513513513514,10,low_motion_slow_cuts_no_face_dark,,test|video|trend,146,143,0,1.05,0,1.1,0,1.16,2022-12-27,2022-12-28,2022-12-27,2022-12-29,2022-12-27,2022-12-30,0,0,0,2200,17.17,0.007481321471009539,0.14727444217171368,0.003427973570716234,train,0
vid_0090,Test Video 90,2022-12-25 00:00:00+00:00,chan_0,Channel 0,28,2022-12-28 00:00:00+00:00,test|video|trend,2308,115,0,11,http://example.com/thumb.jpg,False,False,Test description,youtube,youtube_trending_kaggle,False,,,0,0,,,,,real,2022-12-28 00:00:00+00:00,1.0.0,126,2308,115,11,0,72.0,0.0546,108.0,5.0,108.0,5.0,108.0,5.0,108.0,18.0,0.83,2022-12-28,1,0,0.0,0.0,0.0,0.0,0.0,0,0.0,0.0,0,0.0,0.0,0.0,0.03333333333333333,0.1,10,low_motion_slow_cuts_no_face_dark,,test|video|trend,193,187,0,1.05,0,1.1,0,1.16,2022-12-28,2022-12-29,2022-12-28,2022-12-30,2022-12-28,2022-12-31,0,0,0,2308,18.0,0.012569088108893262,0.14727444217171368,0.015122553414641646,train,0
vid_0090,Test Video 90,2022-12-25 00:00:00+00:00,chan_0,Channel 0,20,2022-12-29 00:00:00+00:00,test|video|trend,2422,121,0,12,http://example.com/thumb.jpg,False,False,Test description,youtube,youtube_trending_kaggle,False,,,0,0,,,,,real,2022-12-29 00:00:00+00:00,1.0.0,133,2422,121,12,0,96.0,0.0549,114.0,7.0,114.0,7.0,114.0,7.0,114.0,19.0,1.0,2022-12-29,1,0,0.0,0.0,0.0,0.0,0.0,0,0.0,0.0,0,0.0,0.0,0.0,0.03225806451612903,0.12903225806451613,10,low_motion_slow_cuts_no_face_dark,,test|video|trend,269,263,0,1.05,0,1.1,0,1.15,2022-12-29,2022-12-30,2022-12-29,2022-12-31,2022-12-29,2023-01-01,0,0,0,2422,19.0,0.0010825851303163023,0.14727444217171368,0.0005910300158534735,train,0
vid_0090,Test Video 90,2022-12-25 00:00:00+00:00,chan_0,Channel 0,19,2022-12-30 00:00:00+00:00,test|video|trend,2541,127,0,12,http://example.com/thumb.jpg,False,False,Test description,youtube,youtube_trending_kaggle,False,,,0,0,,,,,real,2022-12-30 00:00:00+00:00,1.0.0,139,2541,127,12,0,120.0,0.0547,119.0,6.0,119.0,6.0,119.0,6.0,119.0,19.83,0.83,2022-12-30,1,0,0.0,0.0,0.0,0.0,0.0,0,0.0,0.0,0,0.0,0.0,0.0,0.05555555555555555,0.1111111111111111,10,low_motion_slow_cuts_no_face_dark,,test|video|trend,369,358,0,1.05,0,1.1,0,1.15,2022-12-30,2022-12-31,2022-12-30,2023-01-01,2022-12-30,2023-01-02,0,0,0,2541,19.83,0.004312767474883367,0.14727444217171368,0.003957441418902483,train,0
vid_0090,Test Video 90,2022-12-25 00:00:00+00:00,chan_0,Channel 0,27,2022-12-31 00:00:00+00:00,test|video|trend,2666,133,0,13,http://example.com/thumb.jpg,False,False,Test description,youtube,youtube_trending_kaggle,False,,,0,0,,,,,real,2022-12-31 00:00:00+00:00,1.0.0,146,2666,133,13,0,144.0,0.0548,125.0,7.0,125.0,7.0,125.0,7.0,125.0,20.83,1.0,2022-12-31,1,0,0.0,0.0,0.0,0.0,0.0,0,0.0,0.0,0,0.0,0.0,0.0,0.12121212121212122,0.18181818181818182,10,low_motion_slow_cuts_no_face_dark,,test|video|trend,498,483,0,1.05,0,1.1,0,1.15,2022-12-31,2023-01-01,2022-12-31,2023-01-02,2022-12-31,2023-01-03,0,0,0,2666,20.83,0.0011271180216230617,0.14727444217171368,0.002556050200946305,train,0
vid_0090,Test Video 90,2022-12-25 00:00:00+00:00,chan_0,Channel 0,22,2023-01-01 00:00:00+00:00,test|video|trend,2797,139,0,13,http://example.com/thumb.jpg,False,False,Test description,youtube,youtube_trending_kaggle,False,,,0,0,,,,,real,2023-01-01 00:00:00+00:00,1.0.0,152,2797,139,13,0,168.0,0.0543,131.0,6.0,131.0,6.0,131.0,6.0,131.0,21.83,1.0,2023-01-01,1,0,0.0,0.0,0.0,0.0,0.0,0,0.0,0.0,0,0.0,0.0,0.0,0.03125,0.15625,10,low_motion_slow_cuts_no_face_dark,,test|video|trend,572,555,0,1.05,0,1.1,0,1.1,2023-01-01,2023-01-02,2023-01-01,2023-01-03,2023-01-01,2023-01-04,0,0,0,2797,21.83,6.047050109923811e-05,0.14727444217171368,0.00013628672837226664,train,0
vid_0090,Test Video 90,2022-12-25 00:00:00+00:00,chan_0,Channel 0,5,2023-01-02 00:00:00+00:00,test|video|trend,2934,146,0,14,http://example.com/thumb.jpg,False,False,Test description,youtube,youtube_trending_kaggle,False,,,0,0,,,,,real,2023-01-02 00:00:00+00:00,1.0.0,160,2934,146,14,0,192.0,0.0545,137.0,8.0,137.0,8.0,137.0,8.0,137.0,22.83,1.0,2023-01-02,1,0,0.0,0.0,0.0,0.0,0.0,0,0.0,0.0,0,0.0,0.0,0.0,0.03225806451612903,0.16129032258064516,10,low_motion_slow_cuts_no_face_dark,,test|video|trend,652,632,0,1.05,0,1.05,0,1.05,2023-01-02,2023-01-03,2023-01-02,2023-01-04,2023-01-02,2023-01-05,0,0,0,2934,22.83,2.0706463254448678e-05,0.14727444217171368,3.619405332307114e-05,train,0
vid_0090,Test Video 90,2022-12-25 00:00:00+00:00,chan_0,Channel 0,28,2023-01-03 00:00:00+00:00,test|video|trend,3078,153,0,15,http://example.com/thumb.jpg,False,False,Test description,youtube,youtube_trending_kaggle,False,,,0,0,,,,,real,2023-01-03 00:00:00+00:00,1.0.0,168,3078,153,15,0,216.0,0.0546,144.0,8.0,144.0,8.0,144.0,8.0,144.0,24.0,1.17,2023-01-03,1,0,0.0,0.0,0.0,0.0,0.0,0,0.0,0.0,0,0.0,0.0,0.0,0.06666666666666667,0.13333333333333333,10,low_motion_slow_cuts_no_face_dark,,test|video|trend,688,667,0,1.0,0,1.0,0,1.0,2023-01-03,2023-01-04,2023-01-03,2023-01-05,2023-01-03,2023-01-06,0,0,0,3078,24.0,6.231832654074904e-05,0.14727444217171368,0.00013988591267584649,train,0
vid_0091,Test Video 91,2022-12-31 00:00:00+00:00,chan_1,Channel 1,1,2022-12-31 00:00:00+00:00,test|video|trend,16937,846,0,84,http://example.com/thumb.jpg,False,False,Test description,youtube,youtube_trending_kaggle,False,,,0,0,,,,,real,2022-12-31 00:00:00+00:00,1.0.0,930,16937,846,84,0,0.0,0.0549,0.0,0.0,0.0,0.0,0.0,0.0,0.0,0.0,0.0,,1,0,0.0,0.0,0.0,0.0,0.0,0,0.0,0.0,0,0.0,0.0,0.0,0.24242424242424243,0.07575757575757576,10,low_motion_slow_cuts_no_face_dark,,test|video|trend,461,449,0,1.29,0,1.66,0,2.15,2022-12-31,2023-01-01,2022-12-31,2023-01-02,2022-12-31,2023-01-03,0,0,0,16937,0.0,0.005991081993052482,0.14727444217171368,0.00620056978220557,train,0
vid_0091,Test Video 91,2022-12-31 00:00:00+00:00,chan_1,Channel 1,12,2023-01-01 00:00:00+00:00,test|video|trend,21847,1092,0,109,http://example.com/thumb.jpg,False,False,Test description,youtube,youtube_trending_kaggle,False,,,0,0,,,,,real,2023-01-01 00:00:00+00:00,1.0.0,1201,21847,1092,109,0,24.0,0.055,4910.0,271.0,4910.0,271.0,4910.0,271.0,4910.0,818.33,0.0,2023-01-01,1,0,0.0,0.0,0.0,0.0,0.0,0,0.0,0.0,0,0.0,0.0,0.0,0.3333333333333333,0.5333333333333333,10,low_motion_slow_cuts_no_face_dark,,test|video|trend,567,550,0,1.29,0,1.66,0,2.15,2023-01-01,2023-01-02,2023-01-01,2023-01-03,2023-01-01,2023-01-04,0,0,0,21847,818.33,0.008131319338387481,0.14727444217171368,0.004185278398299964,train,0
vid_0091,Test Video 91,2022-12-31 00:00:00+00:00,chan_1,Channel 1,16,2023-01-02 00:00:00+00:00,test|video|trend,28181,1409,0,140,http://example.com/thumb.jpg,False,False,Test description,youtube,youtube_trending_kaggle,False,,,0,0,,,,,real,2023-01-02 00:00:00+00:00,1.0.0,1549,28181,1409,140,0,48.0,0.055,6334.0,348.0,6334.0,348.0,6334.0,348.0,6334.0,1055.67,237.34,2023-01-02,1,0,0.0,0.0,0.0,0.0,0.0,0,0.0,0.0,0,0.0,0.0,0.0,0.2916666666666667,0.5416666666666666,10,low_motion_slow_cuts_no_face_dark,,test|video|trend,656,636,0,1.29,0,1.66,0,2.15,2023-01-02,2023-01-03,2023-01-02,2023-01-04,2023-01-02,2023-01-05,0,0,0,28181,1055.67,0.009064667964932672,0.14727444217171368,0.009830655514654498,train,0
vid_0091,Test Video 91,2022-12-31 00:00:00+00:00,chan_1,Channel 1,22,2023-01-03 00:00:00+00:00,test|video|trend,36351,1817,0,181,http://example.com/thumb.jpg,False,False,Test description,youtube,youtube_trending_kaggle,False,,,0,0,,,,,real,2023-01-03 00:00:00+00:00,1.0.0,1998,36351,1817,181,0,72.0,0.055,8170.0,449.0,8170.0,449.0,8170.0,449.0,8170.0,1361.67,306.0,2023-01-03,1,0,0.0,0.0,0.0,0.0,0.0,0,0.0,0.0,0,0.0,0.0,0.0,0.375,0.5625,10,low_motion_slow_cuts_no_face_dark,,test|video|trend,689,668,0,1.29,0,1.66,0,2.15,2023-01-03,2023-01-04,2023-01-03,2023-01-05,2023-01-03,2023-01-06,0,0,0,36351,1361.67,0.01696277298909902,0.14727444217171368,0.018377038545421023,train,0
vid_0091,Test Video 91,2022-12-31 00:00:00+00:00,chan_1,Channel 1,29,2023-01-04 00:00:00+00:00,test|video|trend,46889,2344,0,234,http://example.com/thumb.jpg,False,False,Test description,youtube,youtube_trending_kaggle,False,,,0,0,,,,,real,2023-01-04 00:00:00+00:00,1.0.0,2578,46889,2344,234,0,96.0,0.055,10538.0,580.0,10538.0,580.0,10538.0,580.0,10538.0,1756.33,394.66,2023-01-04,1,0,0.0,0.0,0.0,0.0,0.0,0,0.0,0.0,0,0.0,0.0,0.0,0.3870967741935484,0.5161290322580645,10,low_motion_slow_cuts_no_face_dark,,test|video|trend,806,781,0,1.29,0,1.66,0,2.15,2023-01-04,2023-01-05,2023-01-04,2023-01-06,2023-01-04,2023-01-07,0,0,0,46889,1756.33,0.0045691034797996875,0.14727444217171368,0.005255760094421603,test,0
vid_0091,Test Video 91,2022-12-31 00:00:00+00:00,chan_1,Channel 1,11,2023-01-05 00:00:00+00:00,test|video|trend,60483,3024,0,302,http://example.com/thumb.jpg,False,False,Test description,youtube,youtube_trending_kaggle,False,,,0,0,,,,,real,2023-01-05 00:00:00+00:00,1.0.0,3326,60483,3024,302,0,120.0,0.055,13594.0,748.0,13594.0,748.0,13594.0,748.0,13594.0,2265.67,509.34,2023-01-05,1,0,0.0,0.0,0.0,0.0,0.0,0,0.0,0.0,0,0.0,0.0,0.0,0.5806451612903226,0.5806451612903226,10,low_motion_slow_cuts_no_face_dark,,test|video|trend,848,823,0,1.29,0,1.66,0,2.15,2023-01-05,2023-01-06,2023-01-05,2023-01-07,2023-01-05,2023-01-08,0,0,0,60483,2265.67,0.0007500590693209268,0.14727444217171368,0.000761519238715634,test,0
vid_0091,Test Video 91,2022-12-31 00:00:00+00:00,chan_1,Channel 1,13,2023-01-06 00:00:00+00:00,test|video|trend,78018,3900,0,390,http://example.com/thumb.jpg,False,False,Test description,youtube,youtube_trending_kaggle,False,,,0,0,,,,,real,2023-01-06 00:00:00+00:00,1.0.0,4290,78018,3900,390,0,144.0,0.055,17535.0,964.0,17535.0,964.0,17535.0,964.0,17535.0,2922.5,656.83,2023-01-06,1,0,0.0,0.0,0.0,0.0,0.0,0,0.0,0.0,0,0.0,0.0,0.0,0.59375,0.59375,10,low_motion_slow_cuts_no_face_dark,,test|video|trend,933,904,0,1.29,0,1.66,0,2.15,2023-01-06,2023-01-07,2023-01-06,2023-01-08,2023-01-06,2023-01-09,0,0,0,78018,2922.5,0.00010254899386041888,0.14727444217171368,0.0001632917139448149,test,0
vid_0091,Test Video 91,2022-12-31 00:00:00+00:00,chan_1,Channel 1,28,2023-01-07 00:00:00+00:00,test|video|trend,100637,5031,0,503,http://example.com/thumb.jpg,False,False,Test description,youtube,youtube_trending_kaggle,False,,,0,0,,,,,real,2023-01-07 00:00:00+00:00,1.0.0,5534,100637,5031,503,0,168.0,0.055,22619.0,1244.0,22619.0,1244.0,22619.0,1244.0,22619.0,3769.83,847.33,2023-01-07,1,0,0.0,0.0,0.0,0.0,0.0,0,0.0,0.0,0,0.0,0.0,0.0,0.7,0.7,10,low_motion_slow_cuts_no_face_dark,,test|video|trend,962,933,0,1.29,0,1.66,0,1.66,2023-01-07,2023-01-08,2023-01-07,2023-01-09,2023-01-07,2023-01-10,0,0,0,100637,3769.83,0.004824470956521195,0.14727444217171368,0.0041405318985502735,test,0
vid_0091,Test Video 91,2022-12-31 00:00:00+00:00,chan_1,Channel 1,19,2023-01-08 00:00:00+00:00,test|video|trend,129813,6490,0,649,http://example.com/thumb.jpg,False,False,Test description,youtube,youtube_trending_kaggle,False,,,0,0,,,,,real,2023-01-08 00:00:00+00:00,1.0.0,7139,129813,6490,649,0,192.0,0.055,29176.0,1605.0,29176.0,1605.0,29176.0,1605.0,29176.0,4862.67,1092.84,2023-01-08,1,0,0.0,0.0,0.0,0.0,0.0,0,0.0,0.0,0,0.0,0.0,0.0,0.8888888888888888,0.9166666666666666,10,low_motion_slow_cuts_no_face_dark,,test|video|trend,976,946,0,1.29,0,1.29,0,1.29,2023-01-08,2023-01-09,2023-01-08,2023-01-10,2023-01-08,2023-01-11,0,0,0,129813,4862.67,0.0021217811878082513,0.14727444217171368,0.002278915877153665,test,0
vid_0091,Test Video 91,2022-12-31 00:00:00+00:00,chan_1,Channel 1,13,2023-01-09 00:00:00+00:00,test|video|trend,167448,8372,0,837,http://example.com/thumb.jpg,False,False,Test description,youtube,youtube_trending_kaggle,False,,,0,0,,,,,real,2023-01-09 00:00:00+00:00,1.0.0,9209,167448,8372,837,0,216.0,0.055,37635.0,2070.0,37635.0,2070.0,37635.0,2070.0,37635.0,6272.5,1409.83,2023-01-09,1,0,0.0,0.0,0.0,0.0,0.0,0,0.0,0.0,0,0.0,0.0,0.0,0.71875,0.75,10,low_motion_slow_cuts_no_face_dark,,test|video|trend,989,959,0,1.0,0,1.0,0,1.0,2023-01-09,2023-01-10,2023-01-09,2023-01-11,2023-01-09,2023-01-12,0,0,0,167448,6272.5,0.044391631067890805,0.14727444217171368,0.02960203352850638,test,0
vid_0092,Test Video 92,2022-12-25 00:00:00+00:00,chan_2,Channel 2,23,2022-12-25 00:00:00+00:00,test|video|trend,12259,612,0,61,http://example.com/thumb.jpg,False,False,Test description,youtube,youtube_trending_kaggle,False,,,0,0,,,,,real,2022-12-25 00:00:00+00:00,1.0.0,673,12259,612,61,0,0.0,0.0549,0.0,0.0,0.0,0.0,0.0,0.0,0.0,0.0,0.0,,1,0,0.0,0.0,0.0,0.0,0.0,0,0.0,0.0,0,0.0,0.0,0.0,0.13333333333333333,0.06666666666666667,10,low_motion_slow_cuts_no_face_dark,,test|video|trend,54,53,0,1.4,0,1.97,0,2.76,2022-12-25,2022-12-26,2022-12-25,2022-12-27,2022-12-25,2022-12-28,0,0,0,12259,0.0,0.023457838348124288,0.14727444217171368,0.028118799555293235,train,0
vid_0092,Test Video 92,2022-12-25 00:00:00+00:00,chan_2,Channel 2,26,2022-12-26 00:00:00+00:00,test|video|trend,17201,860,0,86,http://example.com/thumb.jpg,False,False,Test description,youtube,youtube_trending_kaggle,False,,,0,0,,,,,real,2022-12-26 00:00:00+00:00,1.0.0,946,17201,860,86,0,24.0,0.055,4942.0,273.0,4942.0,273.0,4942.0,273.0,4942.0,823.67,0.0,2022-12-26,1,0,0.0,0.0,0.0,0.0,0.0,0,0.0,0.0,0,0.0,0.0,0.0,0.1346153846153846,0.4423076923076923,10,low_motion_slow_cuts_no_face_dark,,test|video|trend,97,94,0,1.4,0,1.97,0,2.76,2022-12-26,2022-12-27,2022-12-26,2022-12-28,2022-12-26,2022-12-29,0,0,0,17201,823.67,0.02234423944908007,0.14727444217171368,0.022501023376859903,train,0
vid_0092,Test Video 92,2022-12-25 00:00:00+00:00,chan_2,Channel 2,25,2022-12-27 00:00:00+00:00,test|video|trend,24137,1206,0,120,http://example.com/thumb.jpg,False,False,Test description,youtube,youtube_trending_kaggle,False,,,0,0,,,,,real,2022-12-27 00:00:00+00:00,1.0.0,1326,24137,1206,120,0,48.0,0.0549,6936.0,380.0,6936.0,380.0,6936.0,380.0,6936.0,1156.0,332.33,2022-12-27,1,0,0.0,0.0,0.0,0.0,0.0,0,0.0,0.0,0,0.0,0.0,0.0,0.3783783783783784,0.5675675675675675,10,low_motion_slow_cuts_no_face_dark,,test|video|trend,148,145,0,1.4,0,1.97,0,2.76,2022-12-27,2022-12-28,2022-12-27,2022-12-29,2022-12-27,2022-12-30,0,0,0,24137,1156.0,0.043224175803889424,0.14727444217171368,0.02398603614948376,train,0
vid_0092,Test Video 92,2022-12-25 00:00:00+00:00,chan_2,Channel 2,29,2022-12-28 00:00:00+00:00,test|video|trend,33870,1693,0,169,http://example.com/thumb.jpg,False,False,Test description,youtube,youtube_trending_kaggle,False,,,0,0,,,,,real,2022-12-28 00:00:00+00:00,1.0.0,1862,33870,1693,169,0,72.0,0.055,9733.0,536.0,9733.0,536.0,9733.0,536.0,9733.0,1622.17,466.17,2022-12-28,1,0,0.0,0.0,0.0,0.0,0.0,0,0.0,0.0,0,0.0,0.0,0.0,0.2903225806451613,0.41935483870967744,10,low_motion_slow_cuts_no_face_dark,,test|video|trend,190,184,0,1.4,0,1.97,0,2.76,2022-12-28,2022-12-29,2022-12-28,2022-12-30,2022-12-28,2022-12-31,0,0,0,33870,1622.17,0.006615745581313849,0.14727444217171368,0.008451966336138633,train,0
vid_0092,Test Video 92,2022-12-25 00:00:00+00:00,chan_2,Channel 2,3,2022-12-29 00:00:00+00:00,test|video|trend,47527,2376,0,237,http://example.com/thumb.jpg,False,False,Test description,youtube,youtube_trending_kaggle,False,,,0,0,,,,,real,2022-12-29 00:00:00+00:00,1.0.0,2613,47527,2376,237,0,96.0,0.055,13657.0,751.0,13657.0,751.0,13657.0,751.0,13657.0,2276.17,654.0,2022-12-29,1,0,0.0,0.0,0.0,0.0,0.0,0,0.0,0.0,0,0.0,0.0,0.0,0.41025641025641024,0.5128205128205128,10,low_motion_slow_cuts_no_face_dark,,test|video|trend,234,228,0,1.4,0,1.97,0,2.76,2022-12-29,2022-12-30,2022-12-29,2022-12-31,2022-12-29,2023-01-01,0,0,0,47527,2276.17,0.0021275045640474365,0.14727444217171368,0.0013566312488158038,train,0
vid_0092,Test Video 92,2022-12-25 00:00:00+00:00,chan_2,Channel 2,27,2022-12-30 00:00:00+00:00,test|video|trend,66690,3334,0,333,http://example.com/thumb.jpg,False,False,Test description,youtube,youtube_trending_kaggle,False,,,0,0,,,,,real,2022-12-30 00:00:00+00:00,1.0.0,3667,66690,3334,333,0,120.0,0.055,19163.0,1054.0,19163.0,1054.0,19163.0,1054.0,19163.0,3193.83,917.66,2022-12-30,1,0,0.0,0.0,0.0,0.0,0.0,0,0.0,0.0,0,0.0,0.0,0.0,0.6363636363636364,0.8181818181818182,10,low_motion_slow_cuts_no_face_dark,,test|video|trend,339,329,1,1.4,1,1.97,1,2.76,2022-12-30,2022-12-31,2022-12-30,2023-01-01,2022-12-30,2023-01-02,0,0,0,66690,3193.83,0.9655043311712435,0.14727444217171368,0.9625152647040104,train,1
vid_0092,Test Video 92,2022-12-25 00:00:00+00:00,chan_2,Channel 2,19,2022-12-31 00:00:00+00:00,test|video|trend,93580,4679,0,467,http://example.com/thumb.jpg,False,False,Test description,youtube,youtube_trending_kaggle,False,,,0,0,,,,,real,2022-12-31 00:00:00+00:00,1.0.0,5146,93580,4679,467,0,144.0,0.055,26890.0,1479.0,26890.0,1479.0,26890.0,1479.0,26890.0,4481.67,1287.84,2022-12-31,1,0,0.0,0.0,0.0,0.0,0.0,0,0.0,0.0,0,0.0,0.0,0.0,0.7777777777777778,0.8888888888888888,10,low_motion_slow_cuts_no_face_dark,,test|video|trend,465,453,0,1.4,0,1.97,0,2.76,2022-12-31,2023-01-01,2022-12-31,2023-01-02,2022-12-31,2023-01-03,0,0,0,93580,4481.67,0.02733748312598954,0.14727444217171368,0.028812340348793264,train,0
vid_0092,Test Video 92,2022-12-25 00:00:00+00:00,chan_2,Channel 2,8,2023-01-01 00:00:00+00:00,test|video|trend,131313,6565,0,656,http://example.com/thumb.jpg,False,False,Test description,youtube,youtube_trending_kaggle,False,,,0,0,,,,,real,2023-01-01 00:00:00+00:00,1.0.0,7221,131313,6565,656,0,168.0,0.055,37733.0,2075.0,37733.0,2075.0,37733.0,2075.0,37733.0,6288.83,1807.16,2023-01-01,1,0,0.0,0.0,0.0,0.0,0.0,0,0.0,0.0,0,0.0,0.0,0.0,0.8604651162790697,0.8837209302325582,10,low_motion_slow_cuts_no_face_dark,,test|video|trend,588,571,0,1.4,1,1.97,0,1.97,2023-01-01,2023-01-02,2023-01-01,2023-01-03,2023-01-01,2023-01-04,0,0,0,131313,6288.83,0.016795835438933,0.14727444217171368,0.015444698548079715,train,0
vid_0092,Test Video 92,2022-12-25 00:00:00+00:00,chan_2,Channel 2,7,2023-01-02 00:00:00+00:00,test|video|trend,184259,9212,0,921,http://example.com/thumb.jpg,False,False,Test description,youtube,youtube_trending_kaggle,False,,,0,0,,,,,real,2023-01-02 00:00:00+00:00,1.0.0,10133,184259,9212,921,0,192.0,0.055,52946.0,2912.0,52946.0,2912.0,52946.0,2912.0,52946.0,8824.33,2535.5,2023-01-02,1,0,0.0,0.0,0.0,0.0,0.0,0,0.0,0.0,0,0.0,0.0,0.0,0.8378378378378378,0.8648648648648649,10,low_motion_slow_cuts_no_face_dark,,test|video|trend,640,620,0,1.4,0,1.4,0,1.4,2023-01-02,2023-01-03,2023-01-02,2023-01-04,2023-01-02,2023-01-05,0,0,0,184259,8824.33,0.007756092417409723,0.14727444217171368,0.0071982083748146275,train,0
vid_0092,Test Video 92,2022-12-25 00:00:00+00:00,chan_2,Channel 2,6,2023-01-03 00:00:00+00:00,test|video|trend,258554,12927,0,1292,http://example.com/thumb.jpg,False,False,Test description,youtube,youtube_trending_kaggle,False,,,0,0,,,,,real,2023-01-03 00:00:00+00:00,1.0.0,14219,258554,12927,1292,0,216.0,0.055,74295.0,4086.0,74295.0,4086.0,74295.0,4086.0,74295.0,12382.5,3558.17,2023-01-03,1,0,0.0,0.0,0.0,0.0,0.0,0,0.0,0.0,0,0.0,0.0,0.0,0.9473684210526315,0.9473684210526315,10,low_motion_slow_cuts_no_face_dark,,test|video|trend,711,688,0,1.0,0,1.0,0,1.0,2023-01-03,2023-01-04,2023-01-03,2023-01-05,2023-01-03,2023-01-06,0,0,0,258554,12382.5,0.00023647254894898964,0.14727444217171368,0.0002411036047058685,test,0
vid_0093,Test Video 93,2022-12-27 00:00:00+00:00,chan_3,Channel 3,27,2022-12-27 00:00:00+00:00,test|video|trend,6075,303,0,30,http://example.com/thumb.jpg,False,False,Test description,youtube,youtube_trending_kaggle,False,,,0,0,,,,,real,2022-12-27 00:00:00+00:00,1.0.0,333,6075,303,30,0,0.0,0.0548,0.0,0.0,0.0,0.0,0.0,0.0,0.0,0.0,0.0,,1,0,0.0,0.0,0.0,0.0,0.0,0,0.0,0.0,0,0.0,0.0,0.0,0.21212121212121213,0.045454545454545456,10,low_motion_slow_cuts_no_face_dark,,test|video|trend,152,149,0,1.01,0,1.02,0,1.03,2022-12-27,2022-12-28,2022-12-27,2022-12-29,2022-12-27,2022-12-30,0,0,0,6075,0.0,0.06832499210238324,0.14727444217171368,0.06256111377352985,train,0
vid_0093,Test Video 93,2022-12-27 00:00:00+00:00,chan_3,Channel 3,1,2022-12-28 00:00:00+00:00,test|video|trend,6139,306,0,30,http://example.com/thumb.jpg,False,False,Test description,youtube,youtube_trending_kaggle,False,,,0,0,,,,,real,2022-12-28 00:00:00+00:00,1.0.0,336,6139,306,30,0,24.0,0.0547,64.0,3.0,64.0,3.0,64.0,3.0,64.0,10.67,0.0,2022-12-28,1,0,0.0,0.0,0.0,0.0,0.0,0,0.0,0.0,0,0.0,0.0,0.0,0.12121212121212122,0.15151515151515152,10,low_motion_slow_cuts_no_face_dark,,test|video|trend,189,183,0,1.01,0,1.02,0,1.03,2022-12-28,2022-12-29,2022-12-28,2022-12-30,2022-12-28,2022-12-31,0,0,0,6139,10.67,0.03614465851133915,0.14727444217171368,0.02337184740607335,train,0
vid_0093,Test Video 93,2022-12-27 00:00:00+00:00,chan_3,Channel 3,22,2022-12-29 00:00:00+00:00,test|video|trend,6204,310,0,31,http://example.com/thumb.jpg,False,False,Test description,youtube,youtube_trending_kaggle,False,,,0,0,,,,,real,2022-12-29 00:00:00+00:00,1.0.0,341,6204,310,31,0,48.0,0.055,65.0,5.0,65.0,5.0,65.0,5.0,65.0,10.83,0.16,2022-12-29,1,0,0.0,0.0,0.0,0.0,0.0,0,0.0,0.0,0,0.0,0.0,0.0,0.0625,0.125,10,low_motion_slow_cuts_no_face_dark,,test|video|trend,251,245,0,1.01,0,1.02,0,1.03,2022-12-29,2022-12-30,2022-12-29,2022-12-31,2022-12-29,2023-01-01,0,0,0,6204,10.83,0.0008362377910655011,0.14727444217171368,0.0007623670501604391,train,0
vid_0093,Test Video 93,2022-12-27 00:00:00+00:00,chan_3,Channel 3,12,2022-12-30 00:00:00+00:00,test|video|trend,6270,313,0,31,http://example.com/thumb.jpg,False,False,Test description,youtube,youtube_trending_kaggle,False,,,0,0,,,,,real,2022-12-30 00:00:00+00:00,1.0.0,344,6270,313,31,0,72.0,0.0549,66.0,3.0,66.0,3.0,66.0,3.0,66.0,11.0,0.17,2022-12-30,1,0,0.0,0.0,0.0,0.0,0.0,0,0.0,0.0,0,0.0,0.0,0.0,0.1,0.2,10,low_motion_slow_cuts_no_face_dark,,test|video|trend,332,322,0,1.01,0,1.02,0,1.03,2022-12-30,2022-12-31,2022-12-30,2023-01-01,2022-12-30,2023-01-02,0,0,0,6270,11.0,0.004141060412403475,0.14727444217171368,0.004232574940709284,train,0
vid_0093,Test Video 93,2022-12-27 00:00:00+00:00,chan_3,Channel 3,25,2022-12-31 00:00:00+00:00,test|video|trend,6336,316,0,31,http://example.com/thumb.jpg,False,False,Test description,youtube,youtube_trending_kaggle,False,,,0,0,,,,,real,2022-12-31 00:00:00+00:00,1.0.0,347,6336,316,31,0,96.0,0.0548,66.0,3.0,66.0,3.0,66.0,3.0,66.0,11.0,0.0,2022-12-31,1,0,0.0,0.0,0.0,0.0,0.0,0,0.0,0.0,0,0.0,0.0,0.0,0.02702702702702703,0.13513513513513514,10,low_motion_slow_cuts_no_face_dark,,test|video|trend,463,451,0,1.01,0,1.02,0,1.03,2022-12-31,2023-01-01,2022-12-31,2023-01-02,2022-12-31,2023-01-03,0,0,0,6336,11.0,0.00024014071769465223,0.14727444217171368,0.0003471429300402995,train,0
vid_0093,Test Video 93,2022-12-27 00:00:00+00:00,chan_3,Channel 3,28,2023-01-01 00:00:00+00:00,test|video|trend,6404,320,0,32,http://example.com/thumb.jpg,False,False,Test description,youtube,youtube_trending_kaggle,False,,,0,0,,,,,real,2023-01-01 00:00:00+00:00,1.0.0,352,6404,320,32,0,120.0,0.055,68.0,5.0,68.0,5.0,68.0,5.0,68.0,11.33,0.33,2023-01-01,1,0,0.0,0.0,0.0,0.0,0.0,0,0.0,0.0,0,0.0,0.0,0.0,0.1,0.06666666666666667,10,low_motion_slow_cuts_no_face_dark,,test|video|trend,547,531,0,1.01,0,1.02,0,1.03,2023-01-01,2023-01-02,2023-01-01,2023-01-03,2023-01-01,2023-01-04,0,0,0,6404,11.33,0.0026365708295526358,0.14727444217171368,0.004329316377859832,train,0
vid_0093,Test Video 93,2022-12-27 00:00:00+00:00,chan_3,Channel 3,15,2023-01-02 00:00:00+00:00,test|video|trend,6472,323,0,32,http://example.com/thumb.jpg,False,False,Test description,youtube,youtube_trending_kaggle,False,,,0,0,,,,,real,2023-01-02 00:00:00+00:00,1.0.0,355,6472,323,32,0,144.0,0.0549,68.0,3.0,68.0,3.0,68.0,3.0,68.0,11.33,0.0,2023-01-02,1,0,0.0,0.0,0.0,0.0,0.0,0,0.0,0.0,0,0.0,0.0,0.0,0.07692307692307693,0.23076923076923078,10,low_motion_slow_cuts_no_face_dark,,test|video|trend,633,613,0,1.01,0,1.02,0,1.03,2023-01-02,2023-01-03,2023-01-02,2023-01-04,2023-01-02,2023-01-05,0,0,0,6472,11.33,8.684854487868001e-05,0.14727444217171368,0.00018114088411138354,train,0
vid_0093,Test Video 93,2022-12-27 00:00:00+00:00,chan_3,Channel 3,3,2023-01-03 00:00:00+00:00,test|video|trend,6540,327,0,32,http://example.com/thumb.jpg,False,False,Test description,youtube,youtube_trending_kaggle,False,,,0,0,,,,,real,2023-01-03 00:00:00+00:00,1.0.0,359,6540,327,32,0,168.0,0.0549,68.0,4.0,68.0,4.0,68.0,4.0,68.0,11.33,0.0,2023-01-03,1,0,0.0,0.0,0.0,0.0,0.0,0,0.0,0.0,0,0.0,0.0,0.0,0.07692307692307693,0.1282051282051282,10,low_motion_slow_cuts_no_face_dark,,test|video|trend,704,682,0,1.01,0,1.02,0,1.02,2023-01-03,2023-01-04,2023-01-03,2023-01-05,2023-01-03,2023-01-06,0,0,0,6540,11.33,0.0001541576810429233,0.14727444217171368,0.00027165201035537145,test,0
vid_0093,Test Video 93,2022-12-27 00:00:00+00:00,chan_3,Channel 3,24,2023-01-04 00:00:00+00:00,test|video|trend,6610,330,0,33,http://example.com/thumb.jpg,False,False,Test description,youtube,youtube_trending_kaggle,False,,,0,0,,,,,real,2023-01-04 00:00:00+00:00,1.0.0,363,6610,330,33,0,192.0,0.0549,70.0,4.0,70.0,4.0,70.0,4.0,70.0,11.67,0.34,2023-01-04,1,0,0.0,0.0,0.0,0.0,0.0,0,0.0,0.0,0,0.0,0.0,0.0,0.08888888888888889,0.15555555555555556,10,low_motion_slow_cuts_no_face_dark,,test|video|trend,801,777,0,1.01,0,1.01,0,1.01,2023-01-04,2023-01-05,2023-01-04,2023-01-06,2023-01-04,2023-01-07,0,0,0,6610,11.67,5.4464657924398e-05,0.14727444217171368,0.00015816236092961716,test,0
vid_0093,Test Video 93,2022-12-27 00:00:00+00:00,chan_3,Channel 3,21,2023-01-05 00:00:00+00:00,test|video|trend,6680,334,0,33,http://example.com/thumb.jpg,False,False,Test description,youtube,youtube_trending_kaggle,False,,,0,0,,,,,real,2023-01-05 00:00:00+00:00,1.0.0,367,6680,334,33,0,216.0,0.0549,70.0,4.0,70.0,4.0,70.0,4.0,70.0,11.67,0.0,2023-01-05,1,0,0.0,0.0,0.0,0.0,0.0,0,0.0,0.0,0,0.0,0.0,0.0,0.07894736842105263,0.07894736842105263,10,low_motion_slow_cuts_no_face_dark,,test|video|trend,842,817,0,1.0,0,1.0,0,1.0,2023-01-05,2023-01-06,2023-01-05,2023-01-07,2023-01-05,2023-01-08,0,0,0,6680,11.67,0.00013322008864833585,0.14727444217171368,0.00012267840855507088,test,0
vid_0094,Test Video 94,2022-12-31 00:00:00+00:00,chan_4,Channel 4,18,2022-12-31 00:00:00+00:00,test|video|trend,19435,971,0,97,http://example.com/thumb.jpg,False,False,Test description,youtube,youtube_trending_kaggle,False,,,0,0,,,,,real,2022-12-31 00:00:00+00:00,1.0.0,1068,19435,971,97,0,0.0,0.055,0.0,0.0,0.0,0.0,0.0,0.0,0.0,0.0,0.0,,1,0,0.0,0.0,0.0,0.0,0.0,0,0.0,0.0,0,0.0,0.0,0.0,0.13793103448275862,0.05172413793103448,10,low_motion_slow_cuts_no_face_dark,,test|video|trend,494,480,1,1.49,1,2.22,1,3.3,2022-12-31,2023-01-01,2022-12-31,2023-01-02,2022-12-31,2023-01-03,0,0,1,19435,0.0,0.7956065771767051,0.14727444217171368,0.7943736723734056,train,1
vid_0094,Test Video 94,2022-12-31 00:00:00+00:00,chan_4,Channel 4,6,2023-01-01 00:00:00+00:00,test|video|trend,28947,1447,0,144,http://example.com/thumb.jpg,False,False,Test description,youtube,youtube_trending_kaggle,False,,,0,0,,,,,real,2023-01-01 00:00:00+00:00,1.0.0,1591,28947,1447,144,0,24.0,0.055,9512.0,523.0,9512.0,523.0,9512.0,523.0,9512.0,1585.33,0.0,2023-01-01,1,0,0.0,0.0,0.0,0.0,0.0,0,0.0,0.0,0,0.0,0.0,0.0,0.3157894736842105,0.5526315789473685,10,low_motion_slow_cuts_no_face_dark,,test|video|trend,513,498,1,1.49,1,2.22,1,3.3,2023-01-01,2023-01-02,2023-01-01,2023-01-03,2023-01-01,2023-01-04,0,0,1,28947,1585.33,0.9803971619720476,0.14727444217171368,0.9825617689782585,train,1
vid_0094,Test Video 94,2022-12-31 00:00:00+00:00,chan_4,Channel 4,11,2023-01-02 00:00:00+00:00,test|video|trend,43115,2155,0,215,http://example.com/thumb.jpg,False,False,Test description,youtube,youtube_trending_kaggle,False,,,0,0,,,,,real,2023-01-02 00:00:00+00:00,1.0.0,2370,43115,2155,215,0,48.0,0.055,14168.0,779.0,14168.0,779.0,14168.0,779.0,14168.0,2361.33,776.0,2023-01-02,1,0,0.0,0.0,0.0,0.0,0.0,0,0.0,0.0,0,0.0,0.0,0.0,0.3870967741935484,0.6129032258064516,10,low_motion_slow_cuts_no_face_dark,,test|video|trend,681,660,1,1.49,1,2.22,1,3.3,2023-01-02,2023-01-03,2023-01-02,2023-01-04,2023-01-02,2023-01-05,0,0,1,43115,2361.33,0.9862326006834992,0.14727444217171368,0.9820014872972413,train,1
vid_0094,Test Video 94,2022-12-31 00:00:00+00:00,chan_4,Channel 4,19,2023-01-03 00:00:00+00:00,test|video|trend,64218,3210,0,321,http://example.com/thumb.jpg,False,False,Test description,youtube,youtube_trending_kaggle,False,,,0,0,,,,,real,2023-01-03 00:00:00+00:00,1.0.0,3531,64218,3210,321,0,72.0,0.055,21103.0,1161.0,21103.0,1161.0,21103.0,1161.0,21103.0,3517.17,1155.84,2023-01-03,1,0,0.0,0.0,0.0,0.0,0.0,0,0.0,0.0,0,0.0,0.0,0.0,0.6388888888888888,0.75,10,low_motion_slow_cuts_no_face_dark,,test|video|trend,708,686,1,1.49,1,2.22,1,3.3,2023-01-03,2023-01-04,2023-01-03,2023-01-05,2023-01-03,2023-01-06,0,0,1,64218,3517.17,0.9822689555036657,0.14727444217171368,0.9842821026136955,test,1
vid_0094,Test Video 94,2022-12-31 00:00:00+00:00,chan_4,Channel 4,6,2023-01-04 00:00:00+00:00,test|video|trend,95650,4782,0,478,http://example.com/thumb.jpg,False,False,Test description,youtube,youtube_trending_kaggle,False,,,0,0,,,,,real,2023-01-04 00:00:00+00:00,1.0.0,5260,95650,4782,478,0,96.0,0.055,31432.0,1729.0,31432.0,1729.0,31432.0,1729.0,31432.0,5238.67,1721.5,2023-01-04,1,0,0.0,0.0,0.0,0.0,0.0,0,0.0,0.0,0,0.0,0.0,0.0,0.7631578947368421,0.8157894736842105,10,low_motion_slow_cuts_no_face_dark,,test|video|trend,811,786,1,1.49,1,2.22,1,3.3,2023-01-04,2023-01-05,2023-01-04,2023-01-06,2023-01-04,2023-01-07,0,0,1,95650,5238.67,0.6854446700448519,0.14727444217171368,0.7350178171549587,test,1
vid_0094,Test Video 94,2022-12-31 00:00:00+00:00,chan_4,Channel 4,7,2023-01-05 00:00:00+00:00,test|video|trend,142466,7123,0,712,http://example.com/thumb.jpg,False,False,Test description,youtube,youtube_trending_kaggle,False,,,0,0,,,,,real,2023-01-05 00:00:00+00:00,1.0.0,7835,142466,7123,712,0,120.0,0.055,46816.0,2575.0,46816.0,2575.0,46816.0,2575.0,46816.0,7802.67,2564.0,2023-01-05,1,0,0.0,0.0,0.0,0.0,0.0,0,0.0,0.0,0,0.0,0.0,0.0,0.7837837837837838,0.8378378378378378,10,low_motion_slow_cuts_no_face_dark,,test|video|trend,838,813,1,1.49,1,2.22,1,3.3,2023-01-05,2023-01-06,2023-01-05,2023-01-07,2023-01-05,2023-01-08,0,0,1,142466,7802.67,0.3037221395223644,0.14727444217171368,0.31742486187861396,test,1
vid_0094,Test Video 94,2022-12-31 00:00:00+00:00,chan_4,Channel 4,21,2023-01-06 00:00:00+00:00,test|video|trend,212196,10609,0,1060,http://example.com/thumb.jpg,False,False,Test description,youtube,youtube_trending_kaggle,False,,,0,0,,,,,real,2023-01-06 00:00:00+00:00,1.0.0,11669,212196,10609,1060,0,144.0,0.055,69730.0,3834.0,69730.0,3834.0,69730.0,3834.0,69730.0,11621.67,3819.0,2023-01-06,1,0,0.0,0.0,0.0,0.0,0.0,0,0.0,0.0,0,0.0,0.0,0.0,0.8947368421052632,0.9736842105263158,10,low_motion_slow_cuts_no_face_dark,,test|video|trend,904,876,1,1.49,1,2.22,1,3.3,2023-01-06,2023-01-07,2023-01-06,2023-01-08,2023-01-06,2023-01-09,0,0,1,212196,11621.67,0.9096609949163559,0.14727444217171368,0.8936121555426546,test,1
vid_0094,Test Video 94,2022-12-31 00:00:00+00:00,chan_4,Channel 4,29,2023-01-07 00:00:00+00:00,test|video|trend,316055,15802,0,1580,http://example.com/thumb.jpg,False,False,Test description,youtube,youtube_trending_kaggle,False,,,0,0,,,,,real,2023-01-07 00:00:00+00:00,1.0.0,17382,316055,15802,1580,0,168.0,0.055,103859.0,5713.0,103859.0,5713.0,103859.0,5713.0,103859.0,17309.83,5688.16,2023-01-07,1,0,0.0,0.0,0.0,0.0,0.0,0,0.0,0.0,0,0.0,0.0,0.0,0.9032258064516129,0.967741935483871,10,low_motion_slow_cuts_no_face_dark,,test|video|trend,955,926,1,1.49,1,2.22,0,2.22,2023-01-07,2023-01-08,2023-01-07,2023-01-09,2023-01-07,2023-01-10,0,0,0,316055,17309.83,0.07408691650705677,0.14727444217171368,0.07993116960607129,test,0
vid_0094,Test Video 94,2022-12-31 00:00:00+00:00,chan_4,Channel 4,8,2023-01-08 00:00:00+00:00,test|video|trend,470747,23537,0,2353,http://example.com/thumb.jpg,False,False,Test description,youtube,youtube_trending_kaggle,False,,,0,0,,,,,real,2023-01-08 00:00:00+00:00,1.0.0,25890,470747,23537,2353,0,192.0,0.055,154692.0,8508.0,154692.0,8508.0,154692.0,8508.0,154692.0,25782.0,8472.17,2023-01-08,1,0,0.0,0.0,0.0,0.0,0.0,0,0.0,0.0,0,0.0,0.0,0.0,0.9534883720930233,0.9767441860465116,10,low_motion_slow_cuts_no_face_dark,,test|video|trend,979,949,1,1.49,0,1.49,0,1.49,2023-01-08,2023-01-09,2023-01-08,2023-01-10,2023-01-08,2023-01-11,0,0,0,470747,25782.0,0.006808080242211765,0.14727444217171368,0.006023642691354063,test,0
vid_0094,Test Video 94,2022-12-31 00:00:00+00:00,chan_4,Channel 4,13,2023-01-09 00:00:00+00:00,test|video|trend,701154,35057,0,3505,http://example.com/thumb.jpg,False,False,Test description,youtube,youtube_trending_kaggle,False,,,0,0,,,,,real,2023-01-09 00:00:00+00:00,1.0.0,38562,701154,35057,3505,0,216.0,0.055,230407.0,12672.0,230407.0,12672.0,230407.0,12672.0,230407.0,38401.17,12619.17,2023-01-09,1,0,0.0,0.0,0.0,0.0,0.0,0,0.0,0.0,0,0.0,0.0,0.0,0.96875,0.96875,10,low_motion_slow_cuts_no_face_dark,,test|video|trend,999,969,0,1.0,0,1.0,0,1.0,2023-01-09,2023-01-10,2023-01-09,2023-01-11,2023-01-09,2023-01-12,0,0,0,701154,38401.17,0.006808080242211765,0.14727444217171368,0.006023642691354063,test,0
vid_0095,Test Video 95,2022-12-27 00:00:00+00:00,chan_5,Channel 5,26,2022-12-27 00:00:00+00:00,test|video|trend,47181,2359,0,235,http://example.com/thumb.jpg,False,False,Test description,youtube,youtube_trending_kaggle,False,,,0,0,,,,,real,2022-12-27 00:00:00+00:00,1.0.0,2594,47181,2359,235,0,0.0,0.055,0.0,0.0,0.0,0.0,0.0,0.0,0.0,0.0,0.0,,1,0,0.0,0.0,0.0,0.0,0.0,0,0.0,0.0,0,0.0,0.0,0.0,0.5,0.08653846153846154,10,low_motion_slow_cuts_no_face_dark,,test|video|trend,158,154,1,1.47,1,2.17,1,3.19,2022-12-27,2022-12-28,2022-12-27,2022-12-29,2022-12-27,2022-12-30,0,0,1,47181,0.0,0.8625111322890345,0.14727444217171368,0.8305689919036804,train,1
vid_0095,Test Video 95,2022-12-27 00:00:00+00:00,chan_5,Channel 5,21,2022-12-28 00:00:00+00:00,test|video|trend,69483,3474,0,347,http://example.com/thumb.jpg,False,False,Test description,youtube,youtube_trending_kaggle,False,,,0,0,,,,,real,2022-12-28 00:00:00+00:00,1.0.0,3821,69483,3474,347,0,24.0,0.055,22302.0,1227.0,22302.0,1227.0,22302.0,1227.0,22302.0,3717.0,0.0,2022-12-28,1,0,0.0,0.0,0.0,0.0,0.0,0,0.0,0.0,0,0.0,0.0,0.0,0.5,0.7105263157894737,10,low_motion_slow_cuts_no_face_dark,,test|video|trend,186,180,1,1.47,1,2.17,1,3.19,2022-12-28,2022-12-29,2022-12-28,2022-12-30,2022-12-28,2022-12-31,0,0,1,69483,3717.0,0.8622572978233524,0.14727444217171368,0.867365090617907,train,1
vid_0095,Test Video 95,2022-12-27 00:00:00+00:00,chan_5,Channel 5,13,2022-12-29 00:00:00+00:00,test|video|trend,102327,5116,0,511,http://example.com/thumb.jpg,False,False,Test description,youtube,youtube_trending_kaggle,False,,,0,0,,,,,real,2022-12-29 00:00:00+00:00,1.0.0,5627,102327,5116,511,0,48.0,0.055,32844.0,1806.0,32844.0,1806.0,32844.0,1806.0,32844.0,5474.0,1757.0,2022-12-29,1,0,0.0,0.0,0.0,0.0,0.0,0,0.0,0.0,0,0.0,0.0,0.0,0.65625,0.6875,10,low_motion_slow_cuts_no_face_dark,,test|video|trend,244,238,1,1.47,1,2.17,1,3.19,2022-12-29,2022-12-30,2022-12-29,2022-12-31,2022-12-29,2023-01-01,0,0,1,102327,5474.0,0.9725416795801585,0.14727444217171368,0.9741805315968026,train,1
vid_0095,Test Video 95,2022-12-27 00:00:00+00:00,chan_5,Channel 5,20,2022-12-30 00:00:00+00:00,test|video|trend,150697,7534,0,753,http://example.com/thumb.jpg,False,False,Test description,youtube,youtube_trending_kaggle,False,,,0,0,,,,,real,2022-12-30 00:00:00+00:00,1.0.0,8287,150697,7534,753,0,72.0,0.055,48370.0,2660.0,48370.0,2660.0,48370.0,2660.0,48370.0,8061.67,2587.67,2022-12-30,1,0,0.0,0.0,0.0,0.0,0.0,0,0.0,0.0,0,0.0,0.0,0.0,0.8709677419354839,0.8709677419354839,10,low_motion_slow_cuts_no_face_dark,,test|video|trend,330,320,1,1.47,1,2.17,1,3.19,2022-12-30,2022-12-31,2022-12-30,2023-01-01,2022-12-30,2023-01-02,0,0,1,150697,8061.67,0.944184567968071,0.14727444217171368,0.9404206333414961,train,1
vid_0095,Test Video 95,2022-12-27 00:00:00+00:00,chan_5,Channel 5,26,2022-12-31 00:00:00+00:00,test|video|trend,221930,11096,0,1109,http://example.com/thumb.jpg,False,False,Test description,youtube,youtube_trending_kaggle,False,,,0,0,,,,,real,2022-12-31 00:00:00+00:00,1.0.0,12205,221930,11096,1109,0,96.0,0.055,71233.0,3918.0,71233.0,3918.0,71233.0,3918.0,71233.0,11872.17,3810.5,2022-12-31,1,0,0.0,0.0,0.0,0.0,0.0,0,0.0,0.0,0,0.0,0.0,0.0,0.8461538461538461,0.8846153846153846,10,low_motion_slow_cuts_no_face_dark,,test|video|trend,491,477,1,1.47,1,2.17,1,3.19,2022-12-31,2023-01-01,2022-12-31,2023-01-02,2022-12-31,2023-01-03,0,0,1,221930,11872.17,0.9374036829063382,0.14727444217171368,0.9323150679049794,train,1
vid_0095,Test Video 95,2022-12-27 00:00:00+00:00,chan_5,Channel 5,26,2023-01-01 00:00:00+00:00,test|video|trend,326836,16341,0,1634,http://example.com/thumb.jpg,False,False,Test description,youtube,youtube_trending_kaggle,False,,,0,0,,,,,real,2023-01-01 00:00:00+00:00,1.0.0,17975,326836,16341,1634,0,120.0,0.055,104906.0,5770.0,104906.0,5770.0,104906.0,5770.0,104906.0,17484.33,5612.16,2023-01-01,1,0,0.0,0.0,0.0,0.0,0.0,0,0.0,0.0,0,0.0,0.0,0.0,0.9038461538461539,0.9230769230769231,10,low_motion_slow_cuts_no_face_dark,,test|video|trend,544,529,1,1.47,1,2.17,1,3.19,2023-01-01,2023-01-02,2023-01-01,2023-01-03,2023-01-01,2023-01-04,0,0,1,326836,17484.33,0.8547433843884347,0.14727444217171368,0.8620194884687192,train,1
vid_0095,Test Video 95,2022-12-27 00:00:00+00:00,chan_5,Channel 5,26,2023-01-02 00:00:00+00:00,test|video|trend,481329,24066,0,2406,http://example.com/thumb.jpg,False,False,Test description,youtube,youtube_trending_kaggle,False,,,0,0,,,,,real,2023-01-02 00:00:00+00:00,1.0.0,26472,481329,24066,2406,0,144.0,0.055,154493.0,8497.0,154493.0,8497.0,154493.0,8497.0,154493.0,25748.83,8264.5,2023-01-02,1,0,0.0,0.0,0.0,0.0,0.0,0,0.0,0.0,0,0.0,0.0,0.0,0.9615384615384616,0.9615384615384616,10,low_motion_slow_cuts_no_face_dark,,test|video|trend,666,646,1,1.47,1,2.17,1,3.19,2023-01-02,2023-01-03,2023-01-02,2023-01-04,2023-01-02,2023-01-05,0,0,1,481329,25748.83,0.8990648055679084,0.14727444217171368,0.8907507548133412,train,1
vid_0095,Test Video 95,2022-12-27 00:00:00+00:00,chan_5,Channel 5,28,2023-01-03 00:00:00+00:00,test|video|trend,708851,35442,0,3544,http://example.com/thumb.jpg,False,False,Test description,youtube,youtube_trending_kaggle,False,,,0,0,,,,,real,2023-01-03 00:00:00+00:00,1.0.0,38986,708851,35442,3544,0,168.0,0.055,227522.0,12514.0,227522.0,12514.0,227522.0,12514.0,227522.0,37920.33,12171.5,2023-01-03,1,0,0.0,0.0,0.0,0.0,0.0,0,0.0,0.0,0,0.0,0.0,0.0,0.9333333333333333,1.0,10,low_motion_slow_cuts_no_face_dark,,test|video|trend,696,675,1,1.47,1,2.17,0,2.17,2023-01-03,2023-01-04,2023-01-03,2023-01-05,2023-01-03,2023-01-06,0,0,0,708851,37920.33,0.05436356606191928,0.14727444217171368,0.05473065390677723,train,0
vid_0095,Test Video 95,2022-12-27 00:00:00+00:00,chan_5,Channel 5,6,2023-01-04 00:00:00+00:00,test|video|trend,1043920,52196,0,5219,http://example.com/thumb.jpg,False,False,Test description,youtube,youtube_trending_kaggle,False,,,0,0,,,,,real,2023-01-04 00:00:00+00:00,1.0.0,57415,1043920,52196,5219,0,192.0,0.055,335069.0,18429.0,335069.0,18429.0,335069.0,18429.0,335069.0,55844.83,17924.5,2023-01-04,1,0,0.0,0.0,0.0,0.0,0.0,0,0.0,0.0,0,0.0,0.0,0.0,1.0,1.0,10,low_motion_slow_cuts_no_face_dark,,test|video|trend,795,771,0,1.47,0,1.47,0,1.47,2023-01-04,2023-01-05,2023-01-04,2023-01-06,2023-01-04,2023-01-07,0,0,0,1043920,55844.83,0.006808080242211765,0.14727444217171368,0.006023642691354063,test,0
vid_0095,Test Video 95,2022-12-27 00:00:00+00:00,chan_5,Channel 5,4,2023-01-05 00:00:00+00:00,test|video|trend,1537375,76868,0,7686,http://example.com/thumb.jpg,False,False,Test description,youtube,youtube_trending_kaggle,False,,,0,0,,,,,real,2023-01-05 00:00:00+00:00,1.0.0,84554,1537375,76868,7686,0,216.0,0.055,493455.0,27139.0,493455.0,27139.0,493455.0,27139.0,493455.0,82242.5,26397.67,2023-01-05,1,0,0.0,0.0,0.0,0.0,0.0,0,0.0,0.0,0,0.0,0.0,0.0,1.0,1.0,10,low_motion_slow_cuts_no_face_dark,,test|video|trend,884,857,0,1.0,0,1.0,0,1.0,2023-01-05,2023-01-06,2023-01-05,2023-01-07,2023-01-05,2023-01-08,0,0,0,1537375,82242.5,0.006808080242211765,0.14727444217171368,0.006023642691354063,test,0
vid_0096,Test Video 96,2022-12-27 00:00:00+00:00,chan_6,Channel 6,25,2022-12-27 00:00:00+00:00,test|video|trend,37239,1861,0,186,http://example.com/thumb.jpg,False,False,Test description,youtube,youtube_trending_kaggle,False,,,0,0,,,,,real,2022-12-27 00:00:00+00:00,1.0.0,2047,37239,1861,186,0,0.0,0.055,0.0,0.0,0.0,0.0,0.0,0.0,0.0,0.0,0.0,,1,0,0.0,0.0,0.0,0.0,0.0,0,0.0,0.0,0,0.0,0.0,0.0,0.4864864864864865,0.06756756756756757,10,low_motion_slow_cuts_no_face_dark,,test|video|trend,160,156,0,1.04,0,1.08,0,1.13,2022-12-27,2022-12-28,2022-12-27,2022-12-29,2022-12-27,2022-12-30,0,0,0,37239,0.0,0.07755980633805418,0.14727444217171368,0.08759726370568803,train,0
vid_0096,Test Video 96,2022-12-27 00:00:00+00:00,chan_6,Channel 6,19,2022-12-28 00:00:00+00:00,test|video|trend,38776,1938,0,193,http://example.com/thumb.jpg,False,False,Test description,youtube,youtube_trending_kaggle,False,,,0,0,,,,,real,2022-12-28 00:00:00+00:00,1.0.0,2131,38776,1938,193,0,24.0,0.055,1537.0,84.0,1537.0,84.0,1537.0,84.0,1537.0,256.17,0.0,2022-12-28,1,0,0.0,0.0,0.0,0.0,0.0,0,0.0,0.0,0,0.0,0.0,0.0,0.3333333333333333,0.19444444444444445,10,low_motion_slow_cuts_no_face_dark,,test|video|trend,185,179,0,1.04,0,1.08,0,1.13,2022-12-28,2022-12-29,2022-12-28,2022-12-30,2022-12-28,2022-12-31,0,0,0,38776,256.17,0.0007915167391886012,0.14727444217171368,0.0013348516306609436,train,0
vid_0096,Test Video 96,2022-12-27 00:00:00+00:00,chan_6,Channel 6,15,2022-12-29 00:00:00+00:00,test|video|trend,40377,2018,0,201,http://example.com/thumb.jpg,False,False,Test description,youtube,youtube_trending_kaggle,False,,,0,0,,,,,real,2022-12-29 00:00:00+00:00,1.0.0,2219,40377,2018,201,0,48.0,0.055,1601.0,88.0,1601.0,88.0,1601.0,88.0,1601.0,266.83,10.66,2022-12-29,1,0,0.0,0.0,0.0,0.0,0.0,0,0.0,0.0,0,0.0,0.0,0.0,0.46153846153846156,0.4230769230769231,10,low_motion_slow_cuts_no_face_dark,,test|video|trend,247,241,0,1.04,0,1.08,0,1.13,2022-12-29,2022-12-30,2022-12-29,2022-12-31,2022-12-29,2023-01-01,0,0,0,40377,266.83,0.00011828454088641852,0.14727444217171368,4.6211327744040676e-05,train,0
vid_0096,Test Video 96,2022-12-27 00:00:00+00:00,chan_6,Channel 6,6,2022-12-30 00:00:00+00:00,test|video|trend,42044,2102,0,210,http://example.com/thumb.jpg,False,False,Test description,youtube,youtube_trending_kaggle,False,,,0,0,,,,,real,2022-12-30 00:00:00+00:00,1.0.0,2312,42044,2102,210,0,72.0,0.055,1667.0,93.0,1667.0,93.0,1667.0,93.0,1667.0,277.83,11.0,2022-12-30,1,0,0.0,0.0,0.0,0.0,0.0,0,0.0,0.0,0,0.0,0.0,0.0,0.42105263157894735,0.2631578947368421,10,low_motion_slow_cuts_no_face_dark,,test|video|trend,326,316,0,1.04,0,1.08,0,1.13,2022-12-30,2022-12-31,2022-12-30,2023-01-01,2022-12-30,2023-01-02,0,0,0,42044,277.83,5.417045443193507e-05,0.14727444217171368,3.589447532673207e-05,train,0
vid_0096,Test Video 96,2022-12-27 00:00:00+00:00,chan_6,Channel 6,9,2022-12-31 00:00:00+00:00,test|video|trend,43779,2188,0,218,http://example.com/thumb.jpg,False,False,Test description,youtube,youtube_trending_kaggle,False,,,0,0,,,,,real,2022-12-31 00:00:00+00:00,1.0.0,2406,43779,2188,218,0,96.0,0.055,1735.0,94.0,1735.0,94.0,1735.0,94.0,1735.0,289.17,11.34,2022-12-31,1,0,0.0,0.0,0.0,0.0,0.0,0,0.0,0.0,0,0.0,0.0,0.0,0.6666666666666666,0.36363636363636365,10,low_motion_slow_cuts_no_face_dark,,test|video|trend,481,467,0,1.04,0,1.08,0,1.13,2022-12-31,2023-01-01,2022-12-31,2023-01-02,2022-12-31,2023-01-03,0,0,0,43779,289.17,9.670988647810095e-05,0.14727444217171368,8.825608962161795e-05,train,0
vid_0096,Test Video 96,2022-12-27 00:00:00+00:00,chan_6,Channel 6,13,2023-01-01 00:00:00+00:00,test|video|trend,45587,2279,0,227,http://example.com/thumb.jpg,False,False,Test description,youtube,youtube_trending_kaggle,False,,,0,0,,,,,real,2023-01-01 00:00:00+00:00,1.0.0,2506,45587,2279,227,0,120.0,0.055,1808.0,100.0,1808.0,100.0,1808.0,100.0,1808.0,301.33,12.16,2023-01-01,1,0,0.0,0.0,0.0,0.0,0.0,0,0.0,0.0,0,0.0,0.0,0.0,0.4375,0.28125,10,low_motion_slow_cuts_no_face_dark,,test|video|trend,526,511,0,1.04,0,1.08,0,1.13,2023-01-01,2023-01-02,2023-01-01,2023-01-03,2023-01-01,2023-01-04,0,0,0,45587,301.33,2.739430227910394e-05,0.14727444217171368,4.0128034520640706e-05,train,0
vid_0096,Test Video 96,2022-12-27 00:00:00+00:00,chan_6,Channel 6,7,2023-01-02 00:00:00+00:00,test|video|trend,47469,2373,0,237,http://example.com/thumb.jpg,False,False,Test description,youtube,youtube_trending_kaggle,False,,,0,0,,,,,real,2023-01-02 00:00:00+00:00,1.0.0,2610,47469,2373,237,0,144.0,0.055,1882.0,104.0,1882.0,104.0,1882.0,104.0,1882.0,313.67,12.34,2023-01-02,1,0,0.0,0.0,0.0,0.0,0.0,0,0.0,0.0,0,0.0,0.0,0.0,0.5135135135135135,0.35135135135135137,10,low_motion_slow_cuts_no_face_dark,,test|video|trend,607,589,0,1.04,0,1.08,0,1.13,2023-01-02,2023-01-03,2023-01-02,2023-01-04,2023-01-02,2023-01-05,0,0,0,47469,313.67,3.7791603148410913e-05,0.14727444217171368,7.233146572722099e-05,train,0
vid_0096,Test Video 96,2022-12-27 00:00:00+00:00,chan_6,Channel 6,11,2023-01-03 00:00:00+00:00,test|video|trend,49428,2471,0,247,http://example.com/thumb.jpg,False,False,Test description,youtube,youtube_trending_kaggle,False,,,0,0,,,,,real,2023-01-03 00:00:00+00:00,1.0.0,2718,49428,2471,247,0,168.0,0.055,1959.0,108.0,1959.0,108.0,1959.0,108.0,1959.0,326.5,12.83,2023-01-03,1,0,0.0,0.0,0.0,0.0,0.0,0,0.0,0.0,0,0.0,0.0,0.0,0.45161290322580644,0.1935483870967742,10,low_motion_slow_cuts_no_face_dark,,test|video|trend,692,671,0,1.04,0,1.08,0,1.08,2023-01-03,2023-01-04,2023-01-03,2023-01-05,2023-01-03,2023-01-06,0,0,0,49428,326.5,0.00013312687952769523,0.14727444217171368,0.00013862891080390556,train,0
vid_0096,Test Video 96,2022-12-27 00:00:00+00:00,chan_6,Channel 6,1,2023-01-04 00:00:00+00:00,test|video|trend,51469,2573,0,257,http://example.com/thumb.jpg,False,False,Test description,youtube,youtube_trending_kaggle,False,,,0,0,,,,,real,2023-01-04 00:00:00+00:00,1.0.0,2830,51469,2573,257,0,192.0,0.055,2041.0,112.0,2041.0,112.0,2041.0,112.0,2041.0,340.17,13.67,2023-01-04,1,0,0.0,0.0,0.0,0.0,0.0,0,0.0,0.0,0,0.0,0.0,0.0,0.6666666666666666,0.42424242424242425,10,low_motion_slow_cuts_no_face_dark,,test|video|trend,792,768,0,1.04,0,1.04,0,1.04,2023-01-04,2023-01-05,2023-01-04,2023-01-06,2023-01-04,2023-01-07,0,0,0,51469,340.17,0.00023224749911812388,0.14727444217171368,7.81228115486653e-05,test,0
vid_0096,Test Video 96,2022-12-27 00:00:00+00:00,chan_6,Channel 6,18,2023-01-05 00:00:00+00:00,test|video|trend,53594,2679,0,267,http://example.com/thumb.jpg,False,False,Test description,youtube,youtube_trending_kaggle,False,,,0,0,,,,,real,2023-01-05 00:00:00+00:00,1.0.0,2946,53594,2679,267,0,216.0,0.055,2125.0,116.0,2125.0,116.0,2125.0,116.0,2125.0,354.17,14.0,2023-01-05,1,0,0.0,0.0,0.0,0.0,0.0,0,0.0,0.0,0,0.0,0.0,0.0,0.5172413793103449,0.20689655172413793,10,low_motion_slow_cuts_no_face_dark,,test|video|trend,881,854,0,1.0,0,1.0,0,1.0,2023-01-05,2023-01-06,2023-01-05,2023-01-07,2023-01-05,2023-01-08,0,0,0,53594,354.17,0.00012530542851774414,0.14727444217171368,7.236452841383538e-05,test,0
vid_0097,Test Video 97,2022-12-29 00:00:00+00:00,chan_7,Channel 7,8,2022-12-29 00:00:00+00:00,test|video|trend,3777,188,0,18,http://example.com/thumb.jpg,False,False,Test description,youtube,youtube_trending_kaggle,False,,,0,0,,,,,real,2022-12-29 00:00:00+00:00,1.0.0,206,3777,188,18,0,0.0,0.0545,0.0,0.0,0.0,0.0,0.0,0.0,0.0,0.0,0.0,,1,0,0.0,0.0,0.0,0.0,0.0,0,0.0,0.0,0,0.0,0.0,0.0,0.11627906976744186,0.05813953488372093,10,low_motion_slow_cuts_no_face_dark,,test|video|trend,248,242,0,1.38,0,1.91,1,2.64,2022-12-29,2022-12-30,2022-12-29,2022-12-31,2022-12-29,2023-01-01,0,0,0,3777,0.0,0.6304807263467984,0.14727444217171368,0.6348705524137201,train,1
vid_0097,Test Video 97,2022-12-29 00:00:00+00:00,chan_7,Channel 7,1,2022-12-30 00:00:00+00:00,test|video|trend,5222,261,0,26,http://example.com/thumb.jpg,False,False,Test description,youtube,youtube_trending_kaggle,False,,,0,0,,,,,real,2022-12-30 00:00:00+00:00,1.0.0,287,5222,261,26,0,24.0,0.055,1445.0,81.0,1445.0,81.0,1445.0,81.0,1445.0,240.83,0.0,2022-12-30,1,0,0.0,0.0,0.0,0.0,0.0,0,0.0,0.0,0,0.0,0.0,0.0,0.06060606060606061,0.3333333333333333,10,low_motion_slow_cuts_no_face_dark,,test|video|trend,391,379,0,1.38,0,1.91,0,2.64,2022-12-30,2022-12-31,2022-12-30,2023-01-01,2022-12-30,2023-01-02,0,0,0,5222,240.83,0.040323982994204706,0.14727444217171368,0.023863361043232986,train,0
vid_0097,Test Video 97,2022-12-29 00:00:00+00:00,chan_7,Channel 7,6,2022-12-31 00:00:00+00:00,test|video|trend,7220,361,0,36,http://example.com/thumb.jpg,False,False,Test description,youtube,youtube_trending_kaggle,False,,,0,0,,,,,real,2022-12-31 00:00:00+00:00,1.0.0,397,7220,361,36,0,48.0,0.055,1998.0,110.0,1998.0,110.0,1998.0,110.0,1998.0,333.0,92.17,2022-12-31,1,0,0.0,0.0,0.0,0.0,0.0,0,0.0,0.0,0,0.0,0.0,0.0,0.07894736842105263,0.2894736842105263,10,low_motion_slow_cuts_no_face_dark,,test|video|trend,460,448,0,1.38,0,1.91,0,2.64,2022-12-31,2023-01-01,2022-12-31,2023-01-02,2022-12-31,2023-01-03,0,0,0,7220,333.0,0.08765240716690874,0.14727444217171368,0.05925793936502823,train,0
vid_0097,Test Video 97,2022-12-29 00:00:00+00:00,chan_7,Channel 7,25,2023-01-01 00:00:00+00:00,test|video|trend,9983,499,0,49,http://example.com/thumb.jpg,False,False,Test description,youtube,youtube_trending_kaggle,False,,,0,0,,,,,real,2023-01-01 00:00:00+00:00,1.0.0,548,9983,499,49,0,72.0,0.0549,2763.0,151.0,2763.0,151.0,2763.0,151.0,2763.0,460.5,127.5,2023-01-01,1,0,0.0,0.0,0.0,0.0,0.0,0,0.0,0.0,0,0.0,0.0,0.0,0.08108108108108109,0.35135135135135137,10,low_motion_slow_cuts_no_face_dark,,test|video|trend,503,488,0,1.38,0,1.91,0,2.64,2023-01-01,2023-01-02,2023-01-01,2023-01-03,2023-01-01,2023-01-04,0,0,0,9983,460.5,0.04916877066654192,0.14727444217171368,0.03490926069491293,train,0
vid_0097,Test Video 97,2022-12-29 00:00:00+00:00,chan_7,Channel 7,25,2023-01-02 00:00:00+00:00,test|video|trend,13803,690,0,69,http://example.com/thumb.jpg,False,False,Test description,youtube,youtube_trending_kaggle,False,,,0,0,,,,,real,2023-01-02 00:00:00+00:00,1.0.0,759,13803,690,69,0,96.0,0.055,3820.0,211.0,3820.0,211.0,3820.0,211.0,3820.0,636.67,176.17,2023-01-02,1,0,0.0,0.0,0.0,0.0,0.0,0,0.0,0.0,0,0.0,0.0,0.0,0.16216216216216217,0.5135135135135135,10,low_motion_slow_cuts_no_face_dark,,test|video|trend,620,601,0,1.38,0,1.91,0,2.64,2023-01-02,2023-01-03,2023-01-02,2023-01-04,2023-01-02,2023-01-05,0,0,0,13803,636.67,0.054863379260136985,0.14727444217171368,0.06378140001082194,train,0
vid_0097,Test Video 97,2022-12-29 00:00:00+00:00,chan_7,Channel 7,17,2023-01-03 00:00:00+00:00,test|video|trend,19085,954,0,95,http://example.com/thumb.jpg,False,False,Test description,youtube,youtube_trending_kaggle,False,,,0,0,,,,,real,2023-01-03 00:00:00+00:00,1.0.0,1049,19085,954,95,0,120.0,0.055,5282.0,290.0,5282.0,290.0,5282.0,290.0,5282.0,880.33,243.66,2023-01-03,1,0,0.0,0.0,0.0,0.0,0.0,0,0.0,0.0,0,0.0,0.0,0.0,0.2,0.42857142857142855,10,low_motion_slow_cuts_no_face_dark,,test|video|trend,703,681,0,1.38,0,1.91,0,2.64,2023-01-03,2023-01-04,2023-01-03,2023-01-05,2023-01-03,2023-01-06,0,0,0,19085,880.33,0.18145018817145933,0.14727444217171368,0.26884120262369493,test,0
vid_0097,Test Video 97,2022-12-29 00:00:00+00:00,chan_7,Channel 7,5,2023-01-04 00:00:00+00:00,test|video|trend,26388,1319,0,131,http://example.com/thumb.jpg,False,False,Test description,youtube,youtube_trending_kaggle,False,,,0,0,,,,,real,2023-01-04 00:00:00+00:00,1.0.0,1450,26388,1319,131,0,144.0,0.0549,7303.0,401.0,7303.0,401.0,7303.0,401.0,7303.0,1217.17,336.84,2023-01-04,1,0,0.0,0.0,0.0,0.0,0.0,0,0.0,0.0,0,0.0,0.0,0.0,0.25806451612903225,0.45161290322580644,10,low_motion_slow_cuts_no_face_dark,,test|video|trend,791,767,0,1.38,0,1.91,0,2.64,2023-01-04,2023-01-05,2023-01-04,2023-01-06,2023-01-04,2023-01-07,0,0,0,26388,1217.17,0.002079877681843276,0.14727444217171368,0.006452327046887153,test,0
vid_0097,Test Video 97,2022-12-29 00:00:00+00:00,chan_7,Channel 7,4,2023-01-05 00:00:00+00:00,test|video|trend,36485,1824,0,182,http://example.com/thumb.jpg,False,False,Test description,youtube,youtube_trending_kaggle,False,,,0,0,,,,,real,2023-01-05 00:00:00+00:00,1.0.0,2006,36485,1824,182,0,168.0,0.055,10097.0,556.0,10097.0,556.0,10097.0,556.0,10097.0,1682.83,465.66,2023-01-05,1,0,0.0,0.0,0.0,0.0,0.0,0,0.0,0.0,0,0.0,0.0,0.0,0.39473684210526316,0.47368421052631576,10,low_motion_slow_cuts_no_face_dark,,test|video|trend,869,843,0,1.38,0,1.91,0,1.91,2023-01-05,2023-01-06,2023-01-05,2023-01-07,2023-01-05,2023-01-08,0,0,0,36485,1682.83,0.0033932315270690087,0.14727444217171368,0.0035147047916361932,test,0
vid_0097,Test Video 97,2022-12-29 00:00:00+00:00,chan_7,Channel 7,29,2023-01-06 00:00:00+00:00,test|video|trend,50446,2522,0,252,http://example.com/thumb.jpg,False,False,Test description,youtube,youtube_trending_kaggle,False,,,0,0,,,,,real,2023-01-06 00:00:00+00:00,1.0.0,2774,50446,2522,252,0,192.0,0.055,13961.0,768.0,13961.0,768.0,13961.0,768.0,13961.0,2326.83,644.0,2023-01-06,1,0,0.0,0.0,0.0,0.0,0.0,0,0.0,0.0,0,0.0,0.0,0.0,0.41935483870967744,0.5806451612903226,10,low_motion_slow_cuts_no_face_dark,,test|video|trend,907,879,0,1.38,0,1.38,0,1.38,2023-01-06,2023-01-07,2023-01-06,2023-01-08,2023-01-06,2023-01-09,0,0,0,50446,2326.83,0.0010493951045160088,0.14727444217171368,0.001279325180439173,test,0
vid_0097,Test Video 97,2022-12-29 00:00:00+00:00,chan_7,Channel 7,27,2023-01-07 00:00:00+00:00,test|video|trend,69748,3487,0,348,http://example.com/thumb.jpg,False,False,Test description,youtube,youtube_trending_kaggle,False,,,0,0,,,,,real,2023-01-07 00:00:00+00:00,1.0.0,3835,69748,3487,348,0,216.0,0.055,19302.0,1061.0,19302.0,1061.0,19302.0,1061.0,19302.0,3217.0,890.17,2023-01-07,1,0,0.0,0.0,0.0,0.0,0.0,0,0.0,0.0,0,0.0,0.0,0.0,0.7272727272727273,0.8484848484848485,10,low_motion_slow_cuts_no_face_dark,,test|video|trend,943,914,0,1.0,0,1.0,0,1.0,2023-01-07,2023-01-08,2023-01-07,2023-01-09,2023-01-07,2023-01-10,0,0,0,69748,3217.0,0.008154857902638262,0.14727444217171368,0.004429592258977278,test,0
vid_0098,Test Video 98,2022-12-23 00:00:00+00:00,chan_8,Channel 8,9,2022-12-23 00:00:00+00:00,test|video|trend,15439,771,0,77,http://example.com/thumb.jpg,False,False,Test description,youtube,youtube_trending_kaggle,False,,,0,0,,,,,real,2022-12-23 00:00:00+00:00,1.0.0,848,15439,771,77,0,0.0,0.0549,0.0,0.0,0.0,0.0,0.0,0.0,0.0,0.0,0.0,,1,0,0.0,0.0,0.0,0.0,0.0,0,0.0,0.0,0,0.0,0.0,0.0,0.30303030303030304,0.06060606060606061,10,low_motion_slow_cuts_no_face_dark,,test|video|trend,6,6,0,1.02,0,1.04,0,1.05,2022-12-23,2022-12-24,2022-12-23,2022-12-25,2022-12-23,2022-12-26,0,0,0,15439,0.0,0.017989488082170057,0.14727444217171368,0.017177287446482645,train,0
vid_0098,Test Video 98,2022-12-23 00:00:00+00:00,chan_8,Channel 8,12,2022-12-24 00:00:00+00:00,test|video|trend,15715,785,0,78,http://example.com/thumb.jpg,False,False,Test description,youtube,youtube_trending_kaggle,False,,,0,0,,,,,real,2022-12-24 00:00:00+00:00,1.0.0,863,15715,785,78,0,24.0,0.0549,276.0,15.0,276.0,15.0,276.0,15.0,276.0,46.0,0.0,2022-12-24,1,0,0.0,0.0,0.0,0.0,0.0,0,0.0,0.0,0,0.0,0.0,0.0,0.23333333333333334,0.23333333333333334,10,low_motion_slow_cuts_no_face_dark,,test|video|trend,33,32,0,1.02,0,1.04,0,1.05,2022-12-24,2022-12-25,2022-12-24,2022-12-26,2022-12-24,2022-12-27,0,0,0,15715,46.0,0.0003754397873347476,0.14727444217171368,0.00039373890586849526,train,0
vid_0098,Test Video 98,2022-12-23 00:00:00+00:00,chan_8,Channel 8,11,2022-12-25 00:00:00+00:00,test|video|trend,15996,799,0,79,http://example.com/thumb.jpg,False,False,Test description,youtube,youtube_trending_kaggle,False,,,0,0,,,,,real,2022-12-25 00:00:00+00:00,1.0.0,878,15996,799,79,0,48.0,0.0549,281.0,15.0,281.0,15.0,281.0,15.0,281.0,46.83,0.83,2022-12-25,1,0,0.0,0.0,0.0,0.0,0.0,0,0.0,0.0,0,0.0,0.0,0.0,0.16129032258064516,0.12903225806451613,10,low_motion_slow_cuts_no_face_dark,,test|video|trend,60,59,0,1.02,0,1.04,0,1.05,2022-12-25,2022-12-26,2022-12-25,2022-12-27,2022-12-25,2022-12-28,0,0,0,15996,46.83,0.0001517585584658755,0.14727444217171368,6.563288511156947e-05,train,0
vid_0098,Test Video 98,2022-12-23 00:00:00+00:00,chan_8,Channel 8,25,2022-12-26 00:00:00+00:00,test|video|trend,16282,814,0,81,http://example.com/thumb.jpg,False,False,Test description,youtube,youtube_trending_kaggle,False,,,0,0,,,,,real,2022-12-26 00:00:00+00:00,1.0.0,895,16282,814,81,0,72.0,0.055,286.0,17.0,286.0,17.0,286.0,17.0,286.0,47.67,0.84,2022-12-26,1,0,0.0,0.0,0.0,0.0,0.0,0,0.0,0.0,0,0.0,0.0,0.0,0.21621621621621623,0.16216216216216217,10,low_motion_slow_cuts_no_face_dark,,test|video|trend,67,65,0,1.02,0,1.04,0,1.05,2022-12-26,2022-12-27,2022-12-26,2022-12-28,2022-12-26,2022-12-29,0,0,0,16282,47.67,0.0003830042232022222,0.14727444217171368,0.00030800929636064033,train,0
vid_0098,Test Video 98,2022-12-23 00:00:00+00:00,chan_8,Channel 8,14,2022-12-27 00:00:00+00:00,test|video|trend,16574,828,0,82,http://example.com/thumb.jpg,False,False,Test description,youtube,youtube_trending_kaggle,False,,,0,0,,,,,real,2022-12-27 00:00:00+00:00,1.0.0,910,16574,828,82,0,96.0,0.0549,292.0,15.0,292.0,15.0,292.0,15.0,292.0,48.67,1.0,2022-12-27,1,0,0.0,0.0,0.0,0.0,0.0,0,0.0,0.0,0,0.0,0.0,0.0,0.2222222222222222,0.16666666666666666,10,low_motion_slow_cuts_no_face_dark,,test|video|trend,162,158,0,1.02,0,1.04,0,1.05,2022-12-27,2022-12-28,2022-12-27,2022-12-29,2022-12-27,2022-12-30,0,0,0,16574,48.67,0.00019207856064480886,0.14727444217171368,9.311703606263868e-05,train,0
vid_0098,Test Video 98,2022-12-23 00:00:00+00:00,chan_8,Channel 8,13,2022-12-28 00:00:00+00:00,test|video|trend,16870,843,0,84,http://example.com/thumb.jpg,False,False,Test description,youtube,youtube_trending_kaggle,False,,,0,0,,,,,real,2022-12-28 00:00:00+00:00,1.0.0,927,16870,843,84,0,120.0,0.0549,296.0,17.0,296.0,17.0,296.0,17.0,296.0,49.33,0.66,2022-12-28,1,0,0.0,0.0,0.0,0.0,0.0,0,0.0,0.0,0,0.0,0.0,0.0,0.21875,0.15625,10,low_motion_slow_cuts_no_face_dark,,test|video|trend,184,178,0,1.02,0,1.04,0,1.05,2022-12-28,2022-12-29,2022-12-28,2022-12-30,2022-12-28,2022-12-31,0,0,0,16870,49.33,0.0003948011721574202,0.14727444217171368,0.00012661709811594843,train,0
vid_0098,Test Video 98,2022-12-23 00:00:00+00:00,chan_8,Channel 8,25,2022-12-29 00:00:00+00:00,test|video|trend,17172,858,0,85,http://example.com/thumb.jpg,False,False,Test description,youtube,youtube_trending_kaggle,False,,,0,0,,,,,real,2022-12-29 00:00:00+00:00,1.0.0,943,17172,858,85,0,144.0,0.0549,302.0,16.0,302.0,16.0,302.0,16.0,302.0,50.33,1.0,2022-12-29,1,0,0.0,0.0,0.0,0.0,0.0,0,0.0,0.0,0,0.0,0.0,0.0,0.2702702702702703,0.1891891891891892,10,low_motion_slow_cuts_no_face_dark,,test|video|trend,249,243,0,1.02,0,1.04,0,1.05,2022-12-29,2022-12-30,2022-12-29,2022-12-31,2022-12-29,2023-01-01,0,0,0,17172,50.33,2.159254200619296e-05,0.14727444217171368,1.5002663247104417e-05,train,0
vid_0098,Test Video 98,2022-12-23 00:00:00+00:00,chan_8,Channel 8,7,2022-12-30 00:00:00+00:00,test|video|trend,17480,874,0,87,http://example.com/thumb.jpg,False,False,Test description,youtube,youtube_trending_kaggle,False,,,0,0,,,,,real,2022-12-30 00:00:00+00:00,1.0.0,961,17480,874,87,0,168.0,0.055,308.0,18.0,308.0,18.0,308.0,18.0,308.0,51.33,1.0,2022-12-30,1,0,0.0,0.0,0.0,0.0,0.0,0,0.0,0.0,0,0.0,0.0,0.0,0.1891891891891892,0.21621621621621623,10,low_motion_slow_cuts_no_face_dark,,test|video|trend,368,357,0,1.02,0,1.04,0,1.04,2022-12-30,2022-12-31,2022-12-30,2023-01-01,2022-12-30,2023-01-02,0,0,0,17480,51.33,3.196152184009346e-05,0.14727444217171368,6.671030879392632e-05,train,0
vid_0098,Test Video 98,2022-12-23 00:00:00+00:00,chan_8,Channel 8,12,2022-12-31 00:00:00+00:00,test|video|trend,17792,889,0,88,http://example.com/thumb.jpg,False,False,Test description,youtube,youtube_trending_kaggle,False,,,0,0,,,,,real,2022-12-31 00:00:00+00:00,1.0.0,977,17792,889,88,0,192.0,0.0549,312.0,16.0,312.0,16.0,312.0,16.0,312.0,52.0,0.67,2022-12-31,1,0,0.0,0.0,0.0,0.0,0.0,0,0.0,0.0,0,0.0,0.0,0.0,0.26666666666666666,0.26666666666666666,10,low_motion_slow_cuts_no_face_dark,,test|video|trend,475,462,0,1.02,0,1.02,0,1.02,2022-12-31,2023-01-01,2022-12-31,2023-01-02,2022-12-31,2023-01-03,0,0,0,17792,52.0,1.2974332140294245e-05,0.14727444217171368,8.813531918999693e-06,train,0
vid_0098,Test Video 98,2022-12-23 00:00:00+00:00,chan_8,Channel 8,18,2023-01-01 00:00:00+00:00,test|video|trend,18111,905,0,90,http://example.com/thumb.jpg,False,False,Test description,youtube,youtube_trending_kaggle,False,,,0,0,,,,,real,2023-01-01 00:00:00+00:00,1.0.0,995,18111,905,90,0,216.0,0.0549,319.0,18.0,319.0,18.0,319.0,18.0,319.0,53.17,1.17,2023-01-01,1,0,0.0,0.0,0.0,0.0,0.0,0,0.0,0.0,0,0.0,0.0,0.0,0.10344827586206896,0.10344827586206896,10,low_motion_slow_cuts_no_face_dark,,test|video|trend,598,580,0,1.0,0,1.0,0,1.0,2023-01-01,2023-01-02,2023-01-01,2023-01-03,2023-01-01,2023-01-04,0,0,0,18111,53.17,5.2208244086041756e-05,0.14727444217171368,3.780771063406035e-05,train,0
vid_0099,Test Video 99,2022-12-23 00:00:00+00:00,chan_9,Channel 9,24,2022-12-23 00:00:00+00:00,test|video|trend,22693,1134,0,113,http://example.com/thumb.jpg,False,False,Test description,youtube,youtube_trending_kaggle,False,,,0,0,,,,,real,2022-12-23 00:00:00+00:00,1.0.0,1247,22693,1134,113,0,0.0,0.055,0.0,0.0,0.0,0.0,0.0,0.0,0.0,0.0,0.0,,1,0,0.0,0.0,0.0,0.0,0.0,0,0.0,0.0,0,0.0,0.0,0.0,0.3111111111111111,0.07777777777777778,10,low_motion_slow_cuts_no_face_dark,,test|video|trend,8,8,0,1.24,0,1.55,0,1.93,2022-12-23,2022-12-24,2022-12-23,2022-12-25,2022-12-23,2022-12-26,0,0,0,22693,0.0,0.10768455868198794,0.14727444217171368,0.13132457244122867,train,0
vid_0099,Test Video 99,2022-12-23 00:00:00+00:00,chan_9,Channel 9,24,2022-12-24 00:00:00+00:00,test|video|trend,28237,1411,0,141,http://example.com/thumb.jpg,False,False,Test description,youtube,youtube_trending_kaggle,False,,,0,0,,,,,real,2022-12-24 00:00:00+00:00,1.0.0,1552,28237,1411,141,0,24.0,0.055,5544.0,305.0,5544.0,305.0,5544.0,305.0,5544.0,924.0,0.0,2022-12-24,1,0,0.0,0.0,0.0,0.0,0.0,0,0.0,0.0,0,0.0,0.0,0.0,0.3333333333333333,0.5111111111111111,10,low_motion_slow_cuts_no_face_dark,,test|video|trend,30,29,0,1.24,0,1.55,0,1.93,2022-12-24,2022-12-25,2022-12-24,2022-12-26,2022-12-24,2022-12-27,0,0,0,28237,924.0,0.03182235611535781,0.14727444217171368,0.03468188228462697,train,0
vid_0099,Test Video 99,2022-12-23 00:00:00+00:00,chan_9,Channel 9,6,2022-12-25 00:00:00+00:00,test|video|trend,35136,1756,0,175,http://example.com/thumb.jpg,False,False,Test description,youtube,youtube_trending_kaggle,False,,,0,0,,,,,real,2022-12-25 00:00:00+00:00,1.0.0,1931,35136,1756,175,0,48.0,0.055,6899.0,379.0,6899.0,379.0,6899.0,379.0,6899.0,1149.83,225.83,2022-12-25,1,0,0.0,0.0,0.0,0.0,0.0,0,0.0,0.0,0,0.0,0.0,0.0,0.3684210526315789,0.5,10,low_motion_slow_cuts_no_face_dark,,test|video|trend,56,55,0,1.24,0,1.55,0,1.93,2022-12-25,2022-12-26,2022-12-25,2022-12-27,2022-12-25,2022-12-28,0,0,0,35136,1149.83,5.9524416181266324e-05,0.14727444217171368,0.00012280373614899557,train,0
vid_0099,Test Video 99,2022-12-23 00:00:00+00:00,chan_9,Channel 9,11,2022-12-26 00:00:00+00:00,test|video|trend,43721,2186,0,218,http://example.com/thumb.jpg,False,False,Test description,youtube,youtube_trending_kaggle,False,,,0,0,,,,,real,2022-12-26 00:00:00+00:00,1.0.0,2404,43721,2186,218,0,72.0,0.055,8585.0,473.0,8585.0,473.0,8585.0,473.0,8585.0,1430.83,281.0,2022-12-26,1,0,0.0,0.0,0.0,0.0,0.0,0,0.0,0.0,0,0.0,0.0,0.0,0.41935483870967744,0.4838709677419355,10,low_motion_slow_cuts_no_face_dark,,test|video|trend,76,74,0,1.24,0,1.55,0,1.93,2022-12-26,2022-12-27,2022-12-26,2022-12-28,2022-12-26,2022-12-29,0,0,0,43721,1430.83,0.00012159621600008492,0.14727444217171368,0.00020726005576074158,train,0
vid_0099,Test Video 99,2022-12-23 00:00:00+00:00,chan_9,Channel 9,4,2022-12-27 00:00:00+00:00,test|video|trend,54404,2720,0,272,http://example.com/thumb.jpg,False,False,Test description,youtube,youtube_trending_kaggle,False,,,0,0,,,,,real,2022-12-27 00:00:00+00:00,1.0.0,2992,54404,2720,272,0,96.0,0.055,10683.0,588.0,10683.0,588.0,10683.0,588.0,10683.0,1780.5,349.67,2022-12-27,1,0,0.0,0.0,0.0,0.0,0.0,0,0.0,0.0,0,0.0,0.0,0.0,0.47368421052631576,0.5263157894736842,10,low_motion_slow_cuts_no_face_dark,,test|video|trend,161,157,0,1.24,0,1.55,0,1.93,2022-12-27,2022-12-28,2022-12-27,2022-12-29,2022-12-27,2022-12-30,0,0,0,54404,1780.5,4.8969860123069284e-05,0.14727444217171368,2.659793037543568e-05,train,0
vid_0099,Test Video 99,2022-12-23 00:00:00+00:00,chan_9,Channel 9,19,2022-12-28 00:00:00+00:00,test|video|trend,67696,3384,0,338,http://example.com/thumb.jpg,False,False,Test description,youtube,youtube_trending_kaggle,False,,,0,0,,,,,real,2022-12-28 00:00:00+00:00,1.0.0,3722,67696,3384,338,0,120.0,0.055,13292.0,730.0,13292.0,730.0,13292.0,730.0,13292.0,2215.33,434.83,2022-12-28,1,0,0.0,0.0,0.0,0.0,0.0,0,0.0,0.0,0,0.0,0.0,0.0,0.6666666666666666,0.5555555555555556,10,low_motion_slow_cuts_no_face_dark,,test|video|trend,221,215,0,1.24,0,1.55,0,1.93,2022-12-28,2022-12-29,2022-12-28,2022-12-30,2022-12-28,2022-12-31,0,0,0,67696,2215.33,3.128166623267897e-05,0.14727444217171368,3.684180320955343e-05,train,0
vid_0099,Test Video 99,2022-12-23 00:00:00+00:00,chan_9,Channel 9,22,2022-12-29 00:00:00+00:00,test|video|trend,84237,4211,0,421,http://example.com/thumb.jpg,False,False,Test description,youtube,youtube_trending_kaggle,False,,,0,0,,,,,real,2022-12-29 00:00:00+00:00,1.0.0,4632,84237,4211,421,0,144.0,0.055,16541.0,910.0,16541.0,910.0,16541.0,910.0,16541.0,2756.83,541.5,2022-12-29,1,0,0.0,0.0,0.0,0.0,0.0,0,0.0,0.0,0,0.0,0.0,0.0,0.71875,0.71875,10,low_motion_slow_cuts_no_face_dark,,test|video|trend,287,281,0,1.24,0,1.55,0,1.93,2022-12-29,2022-12-30,2022-12-29,2022-12-31,2022-12-29,2023-01-01,0,0,0,84237,2756.83,5.0265037664202954e-05,0.14727444217171368,3.0087848889403387e-05,train,0
vid_0099,Test Video 99,2022-12-23 00:00:00+00:00,chan_9,Channel 9,19,2022-12-30 00:00:00+00:00,test|video|trend,104818,5240,0,524,http://example.com/thumb.jpg,False,False,Test description,youtube,youtube_trending_kaggle,False,,,0,0,,,,,real,2022-12-30 00:00:00+00:00,1.0.0,5764,104818,5240,524,0,168.0,0.055,20581.0,1132.0,20581.0,1132.0,20581.0,1132.0,20581.0,3430.17,673.34,2022-12-30,1,0,0.0,0.0,0.0,0.0,0.0,0,0.0,0.0,0,0.0,0.0,0.0,0.8055555555555556,0.6666666666666666,10,low_motion_slow_cuts_no_face_dark,,test|video|trend,329,319,0,1.24,0,1.55,0,1.55,2022-12-30,2022-12-31,2022-12-30,2023-01-01,2022-12-30,2023-01-02,0,0,0,104818,3430.17,9.300622770881868e-05,0.14727444217171368,9.844061635594846e-05,train,0
vid_0099,Test Video 99,2022-12-23 00:00:00+00:00,chan_9,Channel 9,3,2022-12-31 00:00:00+00:00,test|video|trend,130428,6521,0,652,http://example.com/thumb.jpg,False,False,Test description,youtube,youtube_trending_kaggle,False,,,0,0,,,,,real,2022-12-31 00:00:00+00:00,1.0.0,7173,130428,6521,652,0,192.0,0.055,25610.0,1409.0,25610.0,1409.0,25610.0,1409.0,25610.0,4268.33,838.16,2022-12-31,1,0,0.0,0.0,0.0,0.0,0.0,0,0.0,0.0,0,0.0,0.0,0.0,0.6923076923076923,0.6153846153846154,10,low_motion_slow_cuts_no_face_dark,,test|video|trend,467,455,0,1.24,0,1.24,0,1.24,2022-12-31,2023-01-01,2022-12-31,2023-01-02,2022-12-31,2023-01-03,0,0,0,130428,4268.33,0.0032301090186289748,0.14727444217171368,0.0023054115003415796,train,0
vid_0099,Test Video 99,2022-12-23 00:00:00+00:00,chan_9,Channel 9,8,2023-01-01 00:00:00+00:00,test|video|trend,162296,8114,0,811,http://example.com/thumb.jpg,False,False,Test description,youtube,youtube_trending_kaggle,False,,,0,0,,,,,real,2023-01-01 00:00:00+00:00,1.0.0,8925,162296,8114,811,0,216.0,0.055,31868.0,1752.0,31868.0,1752.0,31868.0,1752.0,31868.0,5311.33,1043.0,2023-01-01,1,0,0.0,0.0,0.0,0.0,0.0,0,0.0,0.0,0,0.0,0.0,0.0,0.8837209302325582,0.8372093023255814,10,low_motion_slow_cuts_no_face_dark,,test|video|trend,559,543,0,1.0,0,1.0,0,1.0,2023-01-01,2023-01-02,2023-01-01,2023-01-03,2023-01-01,2023-01-04,0,0,0,162296,5311.33,0.0009730248338406673,0.14727444217171368,0.0009921102375785153,train,0
vid_0100,Test Video 100,2022-12-31 00:00:00+00:00,chan_0,Channel 0,16,2022-12-31 00:00:00+00:00,test|video|trend,5903,295,0,29,http://example.com/thumb.jpg,False,False,Test description,youtube,youtube_trending_kaggle,False,,,0,0,,,,,real,2022-12-31 00:00:00+00:00,1.0.0,324,5903,295,29,0,0.0,0.0549,0.0,0.0,0.0,0.0,0.0,0.0,0.0,0.0,0.0,,1,0,0.0,0.0,0.0,0.0,0.0,0,0.0,0.0,0,0.0,0.0,0.0,0.16666666666666666,0.10416666666666667,10,low_motion_slow_cuts_no_face_dark,,test|video|trend,457,445,1,1.47,1,2.17,1,3.21,2022-12-31,2023-01-01,2022-12-31,2023-01-02,2022-12-31,2023-01-03,0,0,1,5903,0.0,0.8625388405567714,0.14727444217171368,0.8671430253126391,train,1
vid_0100,Test Video 100,2022-12-31 00:00:00+00:00,chan_0,Channel 0,3,2023-01-01 00:00:00+00:00,test|video|trend,8704,435,0,43,http://example.com/thumb.jpg,False,False,Test description,youtube,youtube_trending_kaggle,False,,,0,0,,,,,real,2023-01-01 00:00:00+00:00,1.0.0,478,8704,435,43,0,24.0,0.0549,2801.0,154.0,2801.0,154.0,2801.0,154.0,2801.0,466.83,0.0,2023-01-01,1,0,0.0,0.0,0.0,0.0,0.0,0,0.0,0.0,0,0.0,0.0,0.0,0.1282051282051282,0.3076923076923077,10,low_motion_slow_cuts_no_face_dark,,test|video|trend,594,577,0,1.47,1,2.17,1,3.21,2023-01-01,2023-01-02,2023-01-01,2023-01-03,2023-01-01,2023-01-04,0,0,1,8704,466.83,0.8500593072648678,0.14727444217171368,0.8474387060951093,train,1
vid_0100,Test Video 100,2022-12-31 00:00:00+00:00,chan_0,Channel 0,9,2023-01-02 00:00:00+00:00,test|video|trend,12835,641,0,64,http://example.com/thumb.jpg,False,False,Test description,youtube,youtube_trending_kaggle,False,,,0,0,,,,,real,2023-01-02 00:00:00+00:00,1.0.0,705,12835,641,64,0,48.0,0.0549,4131.0,227.0,4131.0,227.0,4131.0,227.0,4131.0,688.5,221.67,2023-01-02,1,0,0.0,0.0,0.0,0.0,0.0,0,0.0,0.0,0,0.0,0.0,0.0,0.24242424242424243,0.5454545454545454,10,low_motion_slow_cuts_no_face_dark,,test|video|trend,629,609,1,1.47,1,2.17,1,3.21,2023-01-02,2023-01-03,2023-01-02,2023-01-04,2023-01-02,2023-01-05,0,0,1,12835,688.5,0.8936073499146935,0.14727444217171368,0.9053054239653079,train,1
vid_0100,Test Video 100,2022-12-31 00:00:00+00:00,chan_0,Channel 0,26,2023-01-03 00:00:00+00:00,test|video|trend,18927,946,0,94,http://example.com/thumb.jpg,False,False,Test description,youtube,youtube_trending_kaggle,False,,,0,0,,,,,real,2023-01-03 00:00:00+00:00,1.0.0,1040,18927,946,94,0,72.0,0.0549,6092.0,335.0,6092.0,335.0,6092.0,335.0,6092.0,1015.33,326.83,2023-01-03,1,0,0.0,0.0,0.0,0.0,0.0,0,0.0,0.0,0,0.0,0.0,0.0,0.15384615384615385,0.4807692307692308,10,low_motion_slow_cuts_no_face_dark,,test|video|trend,693,672,1,1.47,1,2.17,1,3.21,2023-01-03,2023-01-04,2023-01-03,2023-01-05,2023-01-03,2023-01-06,0,0,1,18927,1015.33,0.9149779900283682,0.14727444217171368,0.9291258125212659,train,1
vid_0100,Test Video 100,2022-12-31 00:00:00+00:00,chan_0,Channel 0,21,2023-01-04 00:00:00+00:00,test|video|trend,27910,1395,0,139,http://example.com/thumb.jpg,False,False,Test description,youtube,youtube_trending_kaggle,False,,,0,0,,,,,real,2023-01-04 00:00:00+00:00,1.0.0,1534,27910,1395,139,0,96.0,0.055,8983.0,494.0,8983.0,494.0,8983.0,494.0,8983.0,1497.17,481.84,2023-01-04,1,0,0.0,0.0,0.0,0.0,0.0,0,0.0,0.0,0,0.0,0.0,0.0,0.15789473684210525,0.34210526315789475,10,low_motion_slow_cuts_no_face_dark,,test|video|trend,783,760,1,1.47,1,2.17,1,3.21,2023-01-04,2023-01-05,2023-01-04,2023-01-06,2023-01-04,2023-01-07,0,0,1,27910,1497.17,0.021504347321698123,0.14727444217171368,0.022647678775922806,test,1
vid_0100,Test Video 100,2022-12-31 00:00:00+00:00,chan_0,Channel 0,6,2023-01-05 00:00:00+00:00,test|video|trend,41156,2057,0,205,http://example.com/thumb.jpg,False,False,Test description,youtube,youtube_trending_kaggle,False,,,0,0,,,,,real,2023-01-05 00:00:00+00:00,1.0.0,2262,41156,2057,205,0,120.0,0.055,13246.0,728.0,13246.0,728.0,13246.0,728.0,13246.0,2207.67,710.5,2023-01-05,1,0,0.0,0.0,0.0,0.0,0.0,0,0.0,0.0,0,0.0,0.0,0.0,0.39473684210526316,0.6578947368421053,10,low_motion_slow_cuts_no_face_dark,,test|video|trend,890,863,0,1.47,1,2.17,1,3.21,2023-01-05,2023-01-06,2023-01-05,2023-01-07,2023-01-05,2023-01-08,0,0,1,41156,2207.67,0.7427747045711955,0.14727444217171368,0.6912724388913931,test,1
vid_0100,Test Video 100,2022-12-31 00:00:00+00:00,chan_0,Channel 0,4,2023-01-06 00:00:00+00:00,test|video|trend,60689,3034,0,303,http://example.com/thumb.jpg,False,False,Test description,youtube,youtube_trending_kaggle,False,,,0,0,,,,,real,2023-01-06 00:00:00+00:00,1.0.0,3337,60689,3034,303,0,144.0,0.055,19533.0,1075.0,19533.0,1075.0,19533.0,1075.0,19533.0,3255.5,1047.83,2023-01-06,1,0,0.0,0.0,0.0,0.0,0.0,0,0.0,0.0,0,0.0,0.0,0.0,0.5526315789473685,0.631578947368421,10,low_motion_slow_cuts_no_face_dark,,test|video|trend,899,871,1,1.47,1,2.17,1,3.21,2023-01-06,2023-01-07,2023-01-06,2023-01-08,2023-01-06,2023-01-09,0,0,1,60689,3255.5,0.34060903490602273,0.14727444217171368,0.43653245104250177,test,1
vid_0100,Test Video 100,2022-12-31 00:00:00+00:00,chan_0,Channel 0,3,2023-01-07 00:00:00+00:00,test|video|trend,89493,4474,0,447,http://example.com/thumb.jpg,False,False,Test description,youtube,youtube_trending_kaggle,False,,,0,0,,,,,real,2023-01-07 00:00:00+00:00,1.0.0,4921,89493,4474,447,0,168.0,0.055,28804.0,1584.0,28804.0,1584.0,28804.0,1584.0,28804.0,4800.67,1545.17,2023-01-07,1,0,0.0,0.0,0.0,0.0,0.0,0,0.0,0.0,0,0.0,0.0,0.0,0.6153846153846154,0.6666666666666666,10,low_motion_slow_cuts_no_face_dark,,test|video|trend,959,930,0,1.47,1,2.17,0,2.17,2023-01-07,2023-01-08,2023-01-07,2023-01-09,2023-01-07,2023-01-10,0,0,0,89493,4800.67,0.05259677039297572,0.14727444217171368,0.07147274191785054,test,0
vid_0100,Test Video 100,2022-12-31 00:00:00+00:00,chan_0,Channel 0,18,2023-01-08 00:00:00+00:00,test|video|trend,131966,6598,0,659,http://example.com/thumb.jpg,False,False,Test description,youtube,youtube_trending_kaggle,False,,,0,0,,,,,real,2023-01-08 00:00:00+00:00,1.0.0,7257,131966,6598,659,0,192.0,0.055,42473.0,2336.0,42473.0,2336.0,42473.0,2336.0,42473.0,7078.83,2278.16,2023-01-08,1,0,0.0,0.0,0.0,0.0,0.0,0,0.0,0.0,0,0.0,0.0,0.0,0.5862068965517241,0.7586206896551724,10,low_motion_slow_cuts_no_face_dark,,test|video|trend,969,939,0,1.47,0,1.47,0,1.47,2023-01-08,2023-01-09,2023-01-08,2023-01-10,2023-01-08,2023-01-11,0,0,0,131966,7078.83,0.14389181110944665,0.14727444217171368,0.20010220670703133,test,0
vid_0100,Test Video 100,2022-12-31 00:00:00+00:00,chan_0,Channel 0,14,2023-01-09 00:00:00+00:00,test|video|trend,194597,9729,0,972,http://example.com/thumb.jpg,False,False,Test description,youtube,youtube_trending_kaggle,False,,,0,0,,,,,real,2023-01-09 00:00:00+00:00,1.0.0,10701,194597,9729,972,0,216.0,0.055,62631.0,3444.0,62631.0,3444.0,62631.0,3444.0,62631.0,10438.5,3359.67,2023-01-09,1,0,0.0,0.0,0.0,0.0,0.0,0,0.0,0.0,0,0.0,0.0,0.0,0.8611111111111112,0.9166666666666666,10,low_motion_slow_cuts_no_face_dark,,test|video|trend,1000,970,0,1.0,0,1.0,0,1.0,2023-01-09,2023-01-10,2023-01-09,2023-01-11,2023-01-09,2023-01-12,0,0,0,194597,10438.5,0.007756092417409723,0.14727444217171368,0.0063581241645697135,test,0
