post_id,title,published_at,author_id,channelTitle,category,collected_at,hashtags,views,likes,dislikes,comments,thumbnail_link,comments_disabled,ratings_disabled,caption,platform,dataset_source,is_synthetic
vid_0001,Test Video 1,2022-12-24 00:00:00+00:00,chan_1,Channel 1,15,2022-12-24 00:00:00+00:00,test|video|trend,38609,1930,0,193,http://example.com/thumb.jpg,False,False,Test description,youtube,youtube_trending_kaggle,False
vid_0001,Test Video 1,2022-12-24 00:00:00+00:00,chan_1,Channel 1,19,2022-12-25 00:00:00+00:00,test|video|trend,47123,2356,0,235,http://example.com/thumb.jpg,False,False,Test description,youtube,youtube_trending_kaggle,False
vid_0001,Test Video 1,2022-12-24 00:00:00+00:00,chan_1,Channel 1,4,2022-12-26 00:00:00+00:00,test|video|trend,57514,2875,0,287,http://example.com/thumb.jpg,False,False,Test description,youtube,youtube_trending_kaggle,False
vid_0001,Test Video 1,2022-12-24 00:00:00+00:00,chan_1,Channel 1,25,2022-12-27 00:00:00+00:00,test|video|trend,70198,3509,0,350,http://example.com/thumb.jpg,False,False,Test description,youtube,youtube_trending_kaggle,False
vid_0001,Test Video 1,2022-12-24 00:00:00+00:00,chan_1,Channel 1,7,2022-12-28 00:00:00+00:00,test|video|trend,85678,4283,0,428,http://example.com/thumb.jpg,False,False,Test description,youtube,youtube_trending_kaggle,False
vid_0001,Test Video 1,2022-12-24 00:00:00+00:00,chan_1,Channel 1,6,2022-12-29 00:00:00+00:00,test|video|trend,104572,5228,0,522,http://example.com/thumb.jpg,False,False,Test description,youtube,youtube_trending_kaggle,False
vid_0001,Test Video 1,2022-12-24 00:00:00+00:00,chan_1,Channel 1,23,2022-12-30 00:00:00+00:00,test|video|trend,127633,6381,0,638,http://example.com/thumb.jpg,False,False,Test description,youtube,youtube_trending_kaggle,False
vid_0001,Test Video 1,2022-12-24 00:00:00+00:00,chan_1,Channel 1,9,2022-12-31 00:00:00+00:00,test|video|trend,155779,7788,0,778,http://example.com/thumb.jpg,False,False,Test description,youtube,youtube_trending_kaggle,False
vid_0001,Test Video 1,2022-12-24 00:00:00+00:00,chan_1,Channel 1,7,2023-01-01 00:00:00+00:00,test|video|trend,190132,9506,0,950,http://example.com/thumb.jpg,False,False,Test description,youtube,youtube_trending_kaggle,False
vid_0001,Test Video 1,2022-12-24 00:00:00+00:00,chan_1,Channel 1,4,2023-01-02 00:00:00+00:00,test|video|trend,232060,11603,0,1160,http://example.com/thumb.jpg,False,False,Test description,youtube,youtube_trending_kaggle,False
vid_0002,Test Video 2,2022-12-28 00:00:00+00:00,chan_2,Channel 2,25,2022-12-28 00:00:00+00:00,test|video|trend,41746,2087,0,208,http://example.com/thumb.jpg,False,False,Test description,youtube,youtube_trending_kaggle,False
vid_0002,Test Video 2,2022-12-28 00:00:00+00:00,chan_2,Channel 2,21,2022-12-29 00:00:00+00:00,test|video|trend,53962,2698,0,269,http://example.com/thumb.jpg,False,False,Test description,youtube,youtube_trending_kaggle,False
vid_0002,Test Video 2,2022-12-28 00:00:00+00:00,chan_2,Channel 2,6,2022-12-30 00:00:00+00:00,test|video|trend,69755,3487,0,348,http://example.com/thumb.jpg,False,False,Test description,youtube,youtube_trending_kaggle,False
vid_0002,Test Video 2,2022-12-28 00:00:00+00:00,chan_2,Channel 2,21,2022-12-31 00:00:00+00:00,test|video|trend,90169,4508,0,450,http://example.com/thumb.jpg,False,False,Test description,youtube,youtube_trending_kaggle,False
vid_0002,Test Video 2,2022-12-28 00:00:00+00:00,chan_2,Channel 2,12,2023-01-01 00:00:00+00:00,test|video|trend,116556,5827,0,582,http://example.com/thumb.jpg,False,False,Test description,youtube,youtube_trending_kaggle,False
vid_0002,Test Video 2,2022-12-28 00:00:00+00:00,chan_2,Channel 2,11,2023-01-02 00:00:00+00:00,test|video|trend,150667,7533,0,753,http://example.com/thumb.jpg,False,False,Test description,youtube,youtube_trending_kaggle,False
vid_0002,Test Video 2,2022-12-28 00:00:00+00:00,chan_2,Channel 2,14,2023-01-03 00:00:00+00:00,test|video|trend,194760,9738,0,973,http://example.com/thumb.jpg,False,False,Test description,youtube,youtube_trending_kaggle,False
vid_0002,Test Video 2,2022-12-28 00:00:00+00:00,chan_2,Channel 2,21,2023-01-04 00:00:00+00:00,test|video|trend,251756,12587,0,1258,http://example.com/thumb.jpg,False,False,Test description,youtube,youtube_trending_kaggle,False
vid_0002,Test Video 2,2022-12-28 00:00:00+00:00,chan_2,Channel 2,13,2023-01-05 00:00:00+00:00,test|video|trend,325433,16271,0,1627,http://example.com/thumb.jpg,False,False,Test description,youtube,youtube_trending_kaggle,False
vid_0002,Test Video 2,2022-12-28 00:00:00+00:00,chan_2,Channel 2,17,2023-01-06 00:00:00+00:00,test|video|trend,420671,21033,0,2103,http://example.com/thumb.jpg,False,False,Test description,youtube,youtube_trending_kaggle,False
vid_0003,Test Video 3,2022-12-29 00:00:00+00:00,chan_3,Channel 3,12,2022-12-29 00:00:00+00:00,test|video|trend,6692,334,0,33,http://example.com/thumb.jpg,False,False,Test description,youtube,youtube_trending_kaggle,False
vid_0003,Test Video 3,2022-12-29 00:00:00+00:00,chan_3,Channel 3,13,2022-12-30 00:00:00+00:00,test|video|trend,7411,370,0,37,http://example.com/thumb.jpg,False,False,Test description,youtube,youtube_trending_kaggle,False
vid_0003,Test Video 3,2022-12-29 00:00:00+00:00,chan_3,Channel 3,23,2022-12-31 00:00:00+00:00,test|video|trend,8207,410,0,41,http://example.com/thumb.jpg,False,False,Test description,youtube,youtube_trending_kaggle,False
vid_0003,Test Video 3,2022-12-29 00:00:00+00:00,chan_3,Channel 3,24,2023-01-01 00:00:00+00:00,test|video|trend,9089,454,0,45,http://example.com/thumb.jpg,False,False,Test description,youtube,youtube_trending_kaggle,False
vid_0003,Test Video 3,2022-12-29 00:00:00+00:00,chan_3,Channel 3,10,2023-01-02 00:00:00+00:00,test|video|trend,10065,503,0,50,http://example.com/thumb.jpg,False,False,Test description,youtube,youtube_trending_kaggle,False
vid_0003,Test Video 3,2022-12-29 00:00:00+00:00,chan_3,Channel 3,6,2023-01-03 00:00:00+00:00,test|video|trend,11147,557,0,55,http://example.com/thumb.jpg,False,False,Test description,youtube,youtube_trending_kaggle,False
vid_0003,Test Video 3,2022-12-29 00:00:00+00:00,chan_3,Channel 3,8,2023-01-04 00:00:00+00:00,test|video|trend,12345,617,0,61,http://example.com/thumb.jpg,False,False,Test description,youtube,youtube_trending_kaggle,False
vid_0003,Test Video 3,2022-12-29 00:00:00+00:00,chan_3,Channel 3,15,2023-01-05 00:00:00+00:00,test|video|trend,13671,683,0,68,http://example.com/thumb.jpg,False,False,Test description,youtube,youtube_trending_kaggle,False
vid_0003,Test Video 3,2022-12-29 00:00:00+00:00,chan_3,Channel 3,24,2023-01-06 00:00:00+00:00,test|video|trend,15140,757,0,75,http://example.com/thumb.jpg,False,False,Test description,youtube,youtube_trending_kaggle,False
vid_0003,Test Video 3,2022-12-29 00:00:00+00:00,chan_3,Channel 3,5,2023-01-07 00:00:00+00:00,test|video|trend,16767,838,0,83,http://example.com/thumb.jpg,False,False,Test description,youtube,youtube_trending_kaggle,False
vid_0004,Test Video 4,2022-12-23 00:00:00+00:00,chan_4,Channel 4,22,2022-12-23 00:00:00+00:00,test|video|trend,9630,481,0,48,http://example.com/thumb.jpg,False,False,Test description,youtube,youtube_trending_kaggle,False
vid_0004,Test Video 4,2022-12-23 00:00:00+00:00,chan_4,Channel 4,6,2022-12-24 00:00:00+00:00,test|video|trend,11695,584,0,58,http://example.com/thumb.jpg,False,False,Test description,youtube,youtube_trending_kaggle,False
vid_0004,Test Video 4,2022-12-23 00:00:00+00:00,chan_4,Channel 4,20,2022-12-25 00:00:00+00:00,test|video|trend,14203,710,0,71,http://example.com/thumb.jpg,False,False,Test description,youtube,youtube_trending_kaggle,False
vid_0004,Test Video 4,2022-12-23 00:00:00+00:00,chan_4,Channel 4,22,2022-12-26 00:00:00+00:00,test|video|trend,17250,862,0,86,http://example.com/thumb.jpg,False,False,Test description,youtube,youtube_trending_kaggle,False
vid_0004,Test Video 4,2022-12-23 00:00:00+00:00,chan_4,Channel 4,10,2022-12-27 00:00:00+00:00,test|video|trend,20950,1047,0,104,http://example.com/thumb.jpg,False,False,Test description,youtube,youtube_trending_kaggle,False
vid_0004,Test Video 4,2022-12-23 00:00:00+00:00,chan_4,Channel 4,9,2022-12-28 00:00:00+00:00,test|video|trend,25443,1272,0,127,http://example.com/thumb.jpg,False,False,Test description,youtube,youtube_trending_kaggle,False
vid_0004,Test Video 4,2022-12-23 00:00:00+00:00,chan_4,Channel 4,21,2022-12-29 00:00:00+00:00,test|video|trend,30901,1545,0,154,http://example.com/thumb.jpg,False,False,Test description,youtube,youtube_trending_kaggle,False
vid_0004,Test Video 4,2022-12-23 00:00:00+00:00,chan_4,Channel 4,23,2022-12-30 00:00:00+00:00,test|video|trend,37528,1876,0,187,http://example.com/thumb.jpg,False,False,Test description,youtube,youtube_trending_kaggle,False
vid_0004,Test Video 4,2022-12-23 00:00:00+00:00,chan_4,Channel 4,1,2022-12-31 00:00:00+00:00,test|video|trend,45578,2278,0,227,http://example.com/thumb.jpg,False,False,Test description,youtube,youtube_trending_kaggle,False
vid_0004,Test Video 4,2022-12-23 00:00:00+00:00,chan_4,Channel 4,24,2023-01-01 00:00:00+00:00,test|video|trend,55353,2767,0,276,http://example.com/thumb.jpg,False,False,Test description,youtube,youtube_trending_kaggle,False
vid_0005,Test Video 5,2022-12-29 00:00:00+00:00,chan_5,Channel 5,13,2022-12-29 00:00:00+00:00,test|video|trend,26206,1310,0,131,http://example.com/thumb.jpg,False,False,Test description,youtube,youtube_trending_kaggle,False
vid_0005,Test Video 5,2022-12-29 00:00:00+00:00,chan_5,Channel 5,13,2022-12-30 00:00:00+00:00,test|video|trend,33257,1662,0,166,http://example.com/thumb.jpg,False,False,Test description,youtube,youtube_trending_kaggle,False
vid_0005,Test Video 5,2022-12-29 00:00:00+00:00,chan_5,Channel 5,22,2022-12-31 00:00:00+00:00,test|video|trend,42205,2110,0,211,http://example.com/thumb.jpg,False,False,Test description,youtube,youtube_trending_kaggle,False
vid_0005,Test Video 5,2022-12-29 00:00:00+00:00,chan_5,Channel 5,8,2023-01-01 00:00:00+00:00,test|video|trend,53561,2678,0,267,http://example.com/thumb.jpg,False,False,Test description,youtube,youtube_trending_kaggle,False
vid_0005,Test Video 5,2022-12-29 00:00:00+00:00,chan_5,Channel 5,2,2023-01-02 00:00:00+00:00,test|video|trend,67973,3398,0,339,http://example.com/thumb.jpg,False,False,Test description,youtube,youtube_trending_kaggle,False
vid_0005,Test Video 5,2022-12-29 00:00:00+00:00,chan_5,Channel 5,2,2023-01-03 00:00:00+00:00,test|video|trend,86263,4313,0,431,http://example.com/thumb.jpg,False,False,Test description,youtube,youtube_trending_kaggle,False
vid_0005,Test Video 5,2022-12-29 00:00:00+00:00,chan_5,Channel 5,11,2023-01-04 00:00:00+00:00,test|video|trend,109473,5473,0,547,http://example.com/thumb.jpg,False,False,Test description,youtube,youtube_trending_kaggle,False
vid_0005,Test Video 5,2022-12-29 00:00:00+00:00,chan_5,Channel 5,26,2023-01-05 00:00:00+00:00,test|video|trend,138929,6946,0,694,http://example.com/thumb.jpg,False,False,Test description,youtube,youtube_trending_kaggle,False
vid_0005,Test Video 5,2022-12-29 00:00:00+00:00,chan_5,Channel 5,3,2023-01-06 00:00:00+00:00,test|video|trend,176311,8815,0,881,http://example.com/thumb.jpg,False,False,Test description,youtube,youtube_trending_kaggle,False
vid_0005,Test Video 5,2022-12-29 00:00:00+00:00,chan_5,Channel 5,18,2023-01-07 00:00:00+00:00,test|video|trend,223750,11187,0,1118,http://example.com/thumb.jpg,False,False,Test description,youtube,youtube_trending_kaggle,False
vid_0006,Test Video 6,2022-12-30 00:00:00+00:00,chan_6,Channel 6,26,2022-12-30 00:00:00+00:00,test|video|trend,29406,1470,0,147,http://example.com/thumb.jpg,False,False,Test description,youtube,youtube_trending_kaggle,False
vid_0006,Test Video 6,2022-12-30 00:00:00+00:00,chan_6,Channel 6,1,2022-12-31 00:00:00+00:00,test|video|trend,33086,1654,0,165,http://example.com/thumb.jpg,False,False,Test description,youtube,youtube_trending_kaggle,False
vid_0006,Test Video 6,2022-12-30 00:00:00+00:00,chan_6,Channel 6,27,2023-01-01 00:00:00+00:00,test|video|trend,37227,1861,0,186,http://example.com/thumb.jpg,False,False,Test description,youtube,youtube_trending_kaggle,False
vid_0006,Test Video 6,2022-12-30 00:00:00+00:00,chan_6,Channel 6,3,2023-01-02 00:00:00+00:00,test|video|trend,41886,2094,0,209,http://example.com/thumb.jpg,False,False,Test description,youtube,youtube_trending_kaggle,False
vid_0006,Test Video 6,2022-12-30 00:00:00+00:00,chan_6,Channel 6,8,2023-01-03 00:00:00+00:00,test|video|trend,47128,2356,0,235,http://example.com/thumb.jpg,False,False,Test description,youtube,youtube_trending_kaggle,False
vid_0006,Test Video 6,2022-12-30 00:00:00+00:00,chan_6,Channel 6,27,2023-01-04 00:00:00+00:00,test|video|trend,53026,2651,0,265,http://example.com/thumb.jpg,False,False,Test description,youtube,youtube_trending_kaggle,False
vid_0006,Test Video 6,2022-12-30 00:00:00+00:00,chan_6,Channel 6,1,2023-01-05 00:00:00+00:00,test|video|trend,59663,2983,0,298,http://example.com/thumb.jpg,False,False,Test description,youtube,youtube_trending_kaggle,False
vid_0006,Test Video 6,2022-12-30 00:00:00+00:00,chan_6,Channel 6,2,2023-01-06 00:00:00+00:00,test|video|trend,67130,3356,0,335,http://example.com/thumb.jpg,False,False,Test description,youtube,youtube_trending_kaggle,False
vid_0006,Test Video 6,2022-12-30 00:00:00+00:00,chan_6,Channel 6,21,2023-01-07 00:00:00+00:00,test|video|trend,75532,3776,0,377,http://example.com/thumb.jpg,False,False,Test description,youtube,youtube_trending_kaggle,False
vid_0006,Test Video 6,2022-12-30 00:00:00+00:00,chan_6,Channel 6,5,2023-01-08 00:00:00+00:00,test|video|trend,84985,4249,0,424,http://example.com/thumb.jpg,False,False,Test description,youtube,youtube_trending_kaggle,False
vid_0007,Test Video 7,2022-12-31 00:00:00+00:00,chan_7,Channel 7,4,2022-12-31 00:00:00+00:00,test|video|trend,26707,1335,0,133,http://example.com/thumb.jpg,False,False,Test description,youtube,youtube_trending_kaggle,False
vid_0007,Test Video 7,2022-12-31 00:00:00+00:00,chan_7,Channel 7,15,2023-01-01 00:00:00+00:00,test|video|trend,35033,1751,0,175,http://example.com/thumb.jpg,False,False,Test description,youtube,youtube_trending_kaggle,False
vid_0007,Test Video 7,2022-12-31 00:00:00+00:00,chan_7,Channel 7,17,2023-01-02 00:00:00+00:00,test|video|trend,45956,2297,0,229,http://example.com/thumb.jpg,False,False,Test description,youtube,youtube_trending_kaggle,False
vid_0007,Test Video 7,2022-12-31 00:00:00+00:00,chan_7,Channel 7,20,2023-01-03 00:00:00+00:00,test|video|trend,60284,3014,0,301,http://example.com/thumb.jpg,False,False,Test description,youtube,youtube_trending_kaggle,False
vid_0007,Test Video 7,2022-12-31 00:00:00+00:00,chan_7,Channel 7,12,2023-01-04 00:00:00+00:00,test|video|trend,79079,3953,0,395,http://example.com/thumb.jpg,False,False,Test description,youtube,youtube_trending_kaggle,False
vid_0007,Test Video 7,2022-12-31 00:00:00+00:00,chan_7,Channel 7,28,2023-01-05 00:00:00+00:00,test|video|trend,103734,5186,0,518,http://example.com/thumb.jpg,False,False,Test description,youtube,youtube_trending_kaggle,False
vid_0007,Test Video 7,2022-12-31 00:00:00+00:00,chan_7,Channel 7,24,2023-01-06 00:00:00+00:00,test|video|trend,136075,6803,0,680,http://example.com/thumb.jpg,False,False,Test description,youtube,youtube_trending_kaggle,False
vid_0007,Test Video 7,2022-12-31 00:00:00+00:00,chan_7,Channel 7,11,2023-01-07 00:00:00+00:00,test|video|trend,178500,8925,0,892,http://example.com/thumb.jpg,False,False,Test description,youtube,youtube_trending_kaggle,False
vid_0007,Test Video 7,2022-12-31 00:00:00+00:00,chan_7,Channel 7,7,2023-01-08 00:00:00+00:00,test|video|trend,234152,11707,0,1170,http://example.com/thumb.jpg,False,False,Test description,youtube,youtube_trending_kaggle,False
vid_0007,Test Video 7,2022-12-31 00:00:00+00:00,chan_7,Channel 7,29,2023-01-09 00:00:00+00:00,test|video|trend,307155,15357,0,1535,http://example.com/thumb.jpg,False,False,Test description,youtube,youtube_trending_kaggle,False
vid_0008,Test Video 8,2022-12-27 00:00:00+00:00,chan_8,Channel 8,13,2022-12-27 00:00:00+00:00,test|video|trend,8079,403,0,40,http://example.com/thumb.jpg,False,False,Test description,youtube,youtube_trending_kaggle,False
vid_0008,Test Video 8,2022-12-27 00:00:00+00:00,chan_8,Channel 8,5,2022-12-28 00:00:00+00:00,test|video|trend,10319,515,0,51,http://example.com/thumb.jpg,False,False,Test description,youtube,youtube_trending_kaggle,False
vid_0008,Test Video 8,2022-12-27 00:00:00+00:00,chan_8,Channel 8,19,2022-12-29 00:00:00+00:00,test|video|trend,13180,659,0,65,http://example.com/thumb.jpg,False,False,Test description,youtube,youtube_trending_kaggle,False
vid_0008,Test Video 8,2022-12-27 00:00:00+00:00,chan_8,Channel 8,23,2022-12-30 00:00:00+00:00,test|video|trend,16835,841,0,84,http://example.com/thumb.jpg,False,False,Test description,youtube,youtube_trending_kaggle,False
vid_0008,Test Video 8,2022-12-27 00:00:00+00:00,chan_8,Channel 8,26,2022-12-31 00:00:00+00:00,test|video|trend,21503,1075,0,107,http://example.com/thumb.jpg,False,False,Test description,youtube,youtube_trending_kaggle,False
vid_0008,Test Video 8,2022-12-27 00:00:00+00:00,chan_8,Channel 8,18,2023-01-01 00:00:00+00:00,test|video|trend,27465,1373,0,137,http://example.com/thumb.jpg,False,False,Test description,youtube,youtube_trending_kaggle,False
vid_0008,Test Video 8,2022-12-27 00:00:00+00:00,chan_8,Channel 8,18,2023-01-02 00:00:00+00:00,test|video|trend,35081,1754,0,175,http://example.com/thumb.jpg,False,False,Test description,youtube,youtube_trending_kaggle,False
vid_0008,Test Video 8,2022-12-27 00:00:00+00:00,chan_8,Channel 8,8,2023-01-03 00:00:00+00:00,test|video|trend,44808,2240,0,224,http://example.com/thumb.jpg,False,False,Test description,youtube,youtube_trending_kaggle,False
vid_0008,Test Video 8,2022-12-27 00:00:00+00:00,chan_8,Channel 8,8,2023-01-04 00:00:00+00:00,test|video|trend,57233,2861,0,286,http://example.com/thumb.jpg,False,False,Test description,youtube,youtube_trending_kaggle,False
vid_0008,Test Video 8,2022-12-27 00:00:00+00:00,chan_8,Channel 8,3,2023-01-05 00:00:00+00:00,test|video|trend,73103,3655,0,365,http://example.com/thumb.jpg,False,False,Test description,youtube,youtube_trending_kaggle,False
vid_0009,Test Video 9,2022-12-31 00:00:00+00:00,chan_9,Channel 9,5,2022-12-31 00:00:00+00:00,test|video|trend,46999,2349,0,234,http://example.com/thumb.jpg,False,False,Test description,youtube,youtube_trending_kaggle,False
vid_0009,Test Video 9,2022-12-31 00:00:00+00:00,chan_9,Channel 9,29,2023-01-01 00:00:00+00:00,test|video|trend,59848,2992,0,299,http://example.com/thumb.jpg,False,False,Test description,youtube,youtube_trending_kaggle,False
vid_0009,Test Video 9,2022-12-31 00:00:00+00:00,chan_9,Channel 9,24,2023-01-02 00:00:00+00:00,test|video|trend,76210,3810,0,381,http://example.com/thumb.jpg,False,False,Test description,youtube,youtube_trending_kaggle,False
vid_0009,Test Video 9,2022-12-31 00:00:00+00:00,chan_9,Channel 9,1,2023-01-03 00:00:00+00:00,test|video|trend,97046,4852,0,485,http://example.com/thumb.jpg,False,False,Test description,youtube,youtube_trending_kaggle,False
vid_0009,Test Video 9,2022-12-31 00:00:00+00:00,chan_9,Channel 9,9,2023-01-04 00:00:00+00:00,test|video|trend,123577,6178,0,617,http://example.com/thumb.jpg,False,False,Test description,youtube,youtube_trending_kaggle,False
vid_0009,Test Video 9,2022-12-31 00:00:00+00:00,chan_9,Channel 9,24,2023-01-05 00:00:00+00:00,test|video|trend,157363,7868,0,786,http://example.com/thumb.jpg,False,False,Test description,youtube,youtube_trending_kaggle,False
vid_0009,Test Video 9,2022-12-31 00:00:00+00:00,chan_9,Channel 9,2,2023-01-06 00:00:00+00:00,test|video|trend,200385,10019,0,1001,http://example.com/thumb.jpg,False,False,Test description,youtube,youtube_trending_kaggle,False
vid_0009,Test Video 9,2022-12-31 00:00:00+00:00,chan_9,Channel 9,13,2023-01-07 00:00:00+00:00,test|video|trend,255170,12758,0,1275,http://example.com/thumb.jpg,False,False,Test description,youtube,youtube_trending_kaggle,False
vid_0009,Test Video 9,2022-12-31 00:00:00+00:00,chan_9,Channel 9,28,2023-01-08 00:00:00+00:00,test|video|trend,324932,16246,0,1624,http://example.com/thumb.jpg,False,False,Test description,youtube,youtube_trending_kaggle,False
vid_0009,Test Video 9,2022-12-31 00:00:00+00:00,chan_9,Channel 9,16,2023-01-09 00:00:00+00:00,test|video|trend,413767,20688,0,2068,http://example.com/thumb.jpg,False,False,Test description,youtube,youtube_trending_kaggle,False
vid_0010,Test Video 10,2022-12-26 00:00:00+00:00,chan_0,Channel 0,17,2022-12-26 00:00:00+00:00,test|video|trend,28985,1449,0,144,http://example.com/thumb.jpg,False,False,Test description,youtube,youtube_trending_kaggle,False
vid_0010,Test Video 10,2022-12-26 00:00:00+00:00,chan_0,Channel 0,11,2022-12-27 00:00:00+00:00,test|video|trend,36444,1822,0,182,http://example.com/thumb.jpg,False,False,Test description,youtube,youtube_trending_kaggle,False
vid_0010,Test Video 10,2022-12-26 00:00:00+00:00,chan_0,Channel 0,6,2022-12-28 00:00:00+00:00,test|video|trend,45822,2291,0,229,http://example.com/thumb.jpg,False,False,Test description,youtube,youtube_trending_kaggle,False
vid_0010,Test Video 10,2022-12-26 00:00:00+00:00,chan_0,Channel 0,18,2022-12-29 00:00:00+00:00,test|video|trend,57614,2880,0,288,http://example.com/thumb.jpg,False,False,Test description,youtube,youtube_trending_kaggle,False
vid_0010,Test Video 10,2022-12-26 00:00:00+00:00,chan_0,Channel 0,24,2022-12-30 00:00:00+00:00,test|video|trend,72441,3622,0,362,http://example.com/thumb.jpg,False,False,Test description,youtube,youtube_trending_kaggle,False
vid_0010,Test Video 10,2022-12-26 00:00:00+00:00,chan_0,Channel 0,7,2022-12-31 00:00:00+00:00,test|video|trend,91083,4554,0,455,http://example.com/thumb.jpg,False,False,Test description,youtube,youtube_trending_kaggle,False
vid_0010,Test Video 10,2022-12-26 00:00:00+00:00,chan_0,Channel 0,4,2023-01-01 00:00:00+00:00,test|video|trend,114522,5726,0,572,http://example.com/thumb.jpg,False,False,Test description,youtube,youtube_trending_kaggle,False
vid_0010,Test Video 10,2022-12-26 00:00:00+00:00,chan_0,Channel 0,4,2023-01-02 00:00:00+00:00,test|video|trend,143993,7199,0,719,http://example.com/thumb.jpg,False,False,Test description,youtube,youtube_trending_kaggle,False
vid_0010,Test Video 10,2022-12-26 00:00:00+00:00,chan_0,Channel 0,27,2023-01-03 00:00:00+00:00,test|video|trend,181049,9052,0,905,http://example.com/thumb.jpg,False,False,Test description,youtube,youtube_trending_kaggle,False
vid_0010,Test Video 10,2022-12-26 00:00:00+00:00,chan_0,Channel 0,10,2023-01-04 00:00:00+00:00,test|video|trend,227640,11382,0,1138,http://example.com/thumb.jpg,False,False,Test description,youtube,youtube_trending_kaggle,False
vid_0011,Test Video 11,2022-12-26 00:00:00+00:00,chan_1,Channel 1,19,2022-12-26 00:00:00+00:00,test|video|trend,24925,1246,0,124,http://example.com/thumb.jpg,False,False,Test description,youtube,youtube_trending_kaggle,False
vid_0011,Test Video 11,2022-12-26 00:00:00+00:00,chan_1,Channel 1,29,2022-12-27 00:00:00+00:00,test|video|trend,34706,1735,0,173,http://example.com/thumb.jpg,False,False,Test description,youtube,youtube_trending_kaggle,False
vid_0011,Test Video 11,2022-12-26 00:00:00+00:00,chan_1,Channel 1,19,2022-12-28 00:00:00+00:00,test|video|trend,48326,2416,0,241,http://example.com/thumb.jpg,False,False,Test description,youtube,youtube_trending_kaggle,False
vid_0011,Test Video 11,2022-12-26 00:00:00+00:00,chan_1,Channel 1,27,2022-12-29 00:00:00+00:00,test|video|trend,67291,3364,0,336,http://example.com/thumb.jpg,False,False,Test description,youtube,youtube_trending_kaggle,False
vid_0011,Test Video 11,2022-12-26 00:00:00+00:00,chan_1,Channel 1,10,2022-12-30 00:00:00+00:00,test|video|trend,93699,4684,0,468,http://example.com/thumb.jpg,False,False,Test description,youtube,youtube_trending_kaggle,False
vid_0011,Test Video 11,2022-12-26 00:00:00+00:00,chan_1,Channel 1,22,2022-12-31 00:00:00+00:00,test|video|trend,130470,6523,0,652,http://example.com/thumb.jpg,False,False,Test description,youtube,youtube_trending_kaggle,False
vid_0011,Test Video 11,2022-12-26 00:00:00+00:00,chan_1,Channel 1,2,2023-01-01 00:00:00+00:00,test|video|trend,181672,9083,0,908,http://example.com/thumb.jpg,False,False,Test description,youtube,youtube_trending_kaggle,False
vid_0011,Test Video 11,2022-12-26 00:00:00+00:00,chan_1,Channel 1,13,2023-01-02 00:00:00+00:00,test|video|trend,252967,12648,0,1264,http://example.com/thumb.jpg,False,False,Test description,youtube,youtube_trending_kaggle,False
vid_0011,Test Video 11,2022-12-26 00:00:00+00:00,chan_1,Channel 1,14,2023-01-03 00:00:00+00:00,test|video|trend,352241,17612,0,1761,http://example.com/thumb.jpg,False,False,Test description,youtube,youtube_trending_kaggle,False
vid_0011,Test Video 11,2022-12-26 00:00:00+00:00,chan_1,Channel 1,3,2023-01-04 00:00:00+00:00,test|video|trend,490474,24523,0,2452,http://example.com/thumb.jpg,False,False,Test description,youtube,youtube_trending_kaggle,False
vid_0012,Test Video 12,2022-12-28 00:00:00+00:00,chan_2,Channel 2,19,2022-12-28 00:00:00+00:00,test|video|trend,22122,1106,0,110,http://example.com/thumb.jpg,False,False,Test description,youtube,youtube_trending_kaggle,False
vid_0012,Test Video 12,2022-12-28 00:00:00+00:00,chan_2,Channel 2,27,2022-12-29 00:00:00+00:00,test|video|trend,30985,1549,0,154,http://example.com/thumb.jpg,False,False,Test description,youtube,youtube_trending_kaggle,False
vid_0012,Test Video 12,2022-12-28 00:00:00+00:00,chan_2,Channel 2,6,2022-12-30 00:00:00+00:00,test|video|trend,43399,2169,0,216,http://example.com/thumb.jpg,False,False,Test description,youtube,youtube_trending_kaggle,False
vid_0012,Test Video 12,2022-12-28 00:00:00+00:00,chan_2,Channel 2,7,2022-12-31 00:00:00+00:00,test|video|trend,60787,3039,0,303,http://example.com/thumb.jpg,False,False,Test description,youtube,youtube_trending_kaggle,False
vid_0012,Test Video 12,2022-12-28 00:00:00+00:00,chan_2,Channel 2,10,2023-01-01 00:00:00+00:00,test|video|trend,85141,4257,0,425,http://example.com/thumb.jpg,False,False,Test description,youtube,youtube_trending_kaggle,False
vid_0012,Test Video 12,2022-12-28 00:00:00+00:00,chan_2,Channel 2,2,2023-01-02 00:00:00+00:00,test|video|trend,119253,5962,0,596,http://example.com/thumb.jpg,False,False,Test description,youtube,youtube_trending_kaggle,False
vid_0012,Test Video 12,2022-12-28 00:00:00+00:00,chan_2,Channel 2,22,2023-01-03 00:00:00+00:00,test|video|trend,167031,8351,0,835,http://example.com/thumb.jpg,False,False,Test description,youtube,youtube_trending_kaggle,False
vid_0012,Test Video 12,2022-12-28 00:00:00+00:00,chan_2,Channel 2,26,2023-01-04 00:00:00+00:00,test|video|trend,233952,11697,0,1169,http://example.com/thumb.jpg,False,False,Test description,youtube,youtube_trending_kaggle,False
vid_0012,Test Video 12,2022-12-28 00:00:00+00:00,chan_2,Channel 2,3,2023-01-05 00:00:00+00:00,test|video|trend,327685,16384,0,1638,http://example.com/thumb.jpg,False,False,Test description,youtube,youtube_trending_kaggle,False
vid_0012,Test Video 12,2022-12-28 00:00:00+00:00,chan_2,Channel 2,15,2023-01-06 00:00:00+00:00,test|video|trend,458971,22948,0,2294,http://example.com/thumb.jpg,False,False,Test description,youtube,youtube_trending_kaggle,False
vid_0013,Test Video 13,2022-12-27 00:00:00+00:00,chan_3,Channel 3,4,2022-12-27 00:00:00+00:00,test|video|trend,29254,1462,0,146,http://example.com/thumb.jpg,False,False,Test description,youtube,youtube_trending_kaggle,False
vid_0013,Test Video 13,2022-12-27 00:00:00+00:00,chan_3,Channel 3,26,2022-12-28 00:00:00+00:00,test|video|trend,43519,2175,0,217,http://example.com/thumb.jpg,False,False,Test description,youtube,youtube_trending_kaggle,False
vid_0013,Test Video 13,2022-12-27 00:00:00+00:00,chan_3,Channel 3,8,2022-12-29 00:00:00+00:00,test|video|trend,64741,3237,0,323,http://example.com/thumb.jpg,False,False,Test description,youtube,youtube_trending_kaggle,False
vid_0013,Test Video 13,2022-12-27 00:00:00+00:00,chan_3,Channel 3,5,2022-12-30 00:00:00+00:00,test|video|trend,96312,4815,0,481,http://example.com/thumb.jpg,False,False,Test description,youtube,youtube_trending_kaggle,False
vid_0013,Test Video 13,2022-12-27 00:00:00+00:00,chan_3,Channel 3,18,2022-12-31 00:00:00+00:00,test|video|trend,143279,7163,0,716,http://example.com/thumb.jpg,False,False,Test description,youtube,youtube_trending_kaggle,False
vid_0013,Test Video 13,2022-12-27 00:00:00+00:00,chan_3,Channel 3,9,2023-01-01 00:00:00+00:00,test|video|trend,213148,10657,0,1065,http://example.com/thumb.jpg,False,False,Test description,youtube,youtube_trending_kaggle,False
vid_0013,Test Video 13,2022-12-27 00:00:00+00:00,chan_3,Channel 3,17,2023-01-02 00:00:00+00:00,test|video|trend,317089,15854,0,1585,http://example.com/thumb.jpg,False,False,Test description,youtube,youtube_trending_kaggle,False
vid_0013,Test Video 13,2022-12-27 00:00:00+00:00,chan_3,Channel 3,10,2023-01-03 00:00:00+00:00,test|video|trend,471716,23585,0,2358,http://example.com/thumb.jpg,False,False,Test description,youtube,youtube_trending_kaggle,False
vid_0013,Test Video 13,2022-12-27 00:00:00+00:00,chan_3,Channel 3,22,2023-01-04 00:00:00+00:00,test|video|trend,701747,35087,0,3508,http://example.com/thumb.jpg,False,False,Test description,youtube,youtube_trending_kaggle,False
vid_0013,Test Video 13,2022-12-27 00:00:00+00:00,chan_3,Channel 3,18,2023-01-05 00:00:00+00:00,test|video|trend,1043951,52197,0,5219,http://example.com/thumb.jpg,False,False,Test description,youtube,youtube_trending_kaggle,False
vid_0014,Test Video 14,2022-12-28 00:00:00+00:00,chan_4,Channel 4,13,2022-12-28 00:00:00+00:00,test|video|trend,11756,587,0,58,http://example.com/thumb.jpg,False,False,Test description,youtube,youtube_trending_kaggle,False
vid_0014,Test Video 14,2022-12-28 00:00:00+00:00,chan_4,Channel 4,4,2022-12-29 00:00:00+00:00,test|video|trend,15752,787,0,78,http://example.com/thumb.jpg,False,False,Test description,youtube,youtube_trending_kaggle,False
vid_0014,Test Video 14,2022-12-28 00:00:00+00:00,chan_4,Channel 4,24,2022-12-30 00:00:00+00:00,test|video|trend,21108,1055,0,105,http://example.com/thumb.jpg,False,False,Test description,youtube,youtube_trending_kaggle,False
vid_0014,Test Video 14,2022-12-28 00:00:00+00:00,chan_4,Channel 4,26,2022-12-31 00:00:00+00:00,test|video|trend,28285,1414,0,141,http://example.com/thumb.jpg,False,False,Test description,youtube,youtube_trending_kaggle,False
vid_0014,Test Video 14,2022-12-28 00:00:00+00:00,chan_4,Channel 4,23,2023-01-01 00:00:00+00:00,test|video|trend,37901,1895,0,189,http://example.com/thumb.jpg,False,False,Test description,youtube,youtube_trending_kaggle,False
vid_0014,Test Video 14,2022-12-28 00:00:00+00:00,chan_4,Channel 4,21,2023-01-02 00:00:00+00:00,test|video|trend,50787,2539,0,253,http://example.com/thumb.jpg,False,False,Test description,youtube,youtube_trending_kaggle,False
vid_0014,Test Video 14,2022-12-28 00:00:00+00:00,chan_4,Channel 4,27,2023-01-03 00:00:00+00:00,test|video|trend,68054,3402,0,340,http://example.com/thumb.jpg,False,False,Test description,youtube,youtube_trending_kaggle,False
vid_0014,Test Video 14,2022-12-28 00:00:00+00:00,chan_4,Channel 4,19,2023-01-04 00:00:00+00:00,test|video|trend,91192,4559,0,455,http://example.com/thumb.jpg,False,False,Test description,youtube,youtube_trending_kaggle,False
vid_0014,Test Video 14,2022-12-28 00:00:00+00:00,chan_4,Channel 4,4,2023-01-05 00:00:00+00:00,test|video|trend,122196,6109,0,610,http://example.com/thumb.jpg,False,False,Test description,youtube,youtube_trending_kaggle,False
vid_0014,Test Video 14,2022-12-28 00:00:00+00:00,chan_4,Channel 4,4,2023-01-06 00:00:00+00:00,test|video|trend,163741,8187,0,818,http://example.com/thumb.jpg,False,False,Test description,youtube,youtube_trending_kaggle,False
vid_0015,Test Video 15,2022-12-29 00:00:00+00:00,chan_5,Channel 5,18,2022-12-29 00:00:00+00:00,test|video|trend,34885,1744,0,174,http://example.com/thumb.jpg,False,False,Test description,youtube,youtube_trending_kaggle,False
vid_0015,Test Video 15,2022-12-29 00:00:00+00:00,chan_5,Channel 5,6,2022-12-30 00:00:00+00:00,test|video|trend,48921,2446,0,244,http://example.com/thumb.jpg,False,False,Test description,youtube,youtube_trending_kaggle,False
vid_0015,Test Video 15,2022-12-29 00:00:00+00:00,chan_5,Channel 5,25,2022-12-31 00:00:00+00:00,test|video|trend,68604,3430,0,343,http://example.com/thumb.jpg,False,False,Test description,youtube,youtube_trending_kaggle,False
vid_0015,Test Video 15,2022-12-29 00:00:00+00:00,chan_5,Channel 5,1,2023-01-01 00:00:00+00:00,test|video|trend,96208,4810,0,481,http://example.com/thumb.jpg,False,False,Test description,youtube,youtube_trending_kaggle,False
vid_0015,Test Video 15,2022-12-29 00:00:00+00:00,chan_5,Channel 5,3,2023-01-02 00:00:00+00:00,test|video|trend,134917,6745,0,674,http://example.com/thumb.jpg,False,False,Test description,youtube,youtube_trending_kaggle,False
vid_0015,Test Video 15,2022-12-29 00:00:00+00:00,chan_5,Channel 5,7,2023-01-03 00:00:00+00:00,test|video|trend,189202,9460,0,946,http://example.com/thumb.jpg,False,False,Test description,youtube,youtube_trending_kaggle,False
vid_0015,Test Video 15,2022-12-29 00:00:00+00:00,chan_5,Channel 5,5,2023-01-04 00:00:00+00:00,test|video|trend,265328,13266,0,1326,http://example.com/thumb.jpg,False,False,Test description,youtube,youtube_trending_kaggle,False
vid_0015,Test Video 15,2022-12-29 00:00:00+00:00,chan_5,Channel 5,26,2023-01-05 00:00:00+00:00,test|video|trend,372084,18604,0,1860,http://example.com/thumb.jpg,False,False,Test description,youtube,youtube_trending_kaggle,False
vid_0015,Test Video 15,2022-12-29 00:00:00+00:00,chan_5,Channel 5,23,2023-01-06 00:00:00+00:00,test|video|trend,521793,26089,0,2608,http://example.com/thumb.jpg,False,False,Test description,youtube,youtube_trending_kaggle,False
vid_0015,Test Video 15,2022-12-29 00:00:00+00:00,chan_5,Channel 5,28,2023-01-07 00:00:00+00:00,test|video|trend,731739,36586,0,3658,http://example.com/thumb.jpg,False,False,Test description,youtube,youtube_trending_kaggle,False
vid_0016,Test Video 16,2022-12-25 00:00:00+00:00,chan_6,Channel 6,23,2022-12-25 00:00:00+00:00,test|video|trend,41698,2084,0,208,http://example.com/thumb.jpg,False,False,Test description,youtube,youtube_trending_kaggle,False
vid_0016,Test Video 16,2022-12-25 00:00:00+00:00,chan_6,Channel 6,2,2022-12-26 00:00:00+00:00,test|video|trend,56227,2811,0,281,http://example.com/thumb.jpg,False,False,Test description,youtube,youtube_trending_kaggle,False
vid_0016,Test Video 16,2022-12-25 00:00:00+00:00,chan_6,Channel 6,3,2022-12-27 00:00:00+00:00,test|video|trend,75818,3790,0,379,http://example.com/thumb.jpg,False,False,Test description,youtube,youtube_trending_kaggle,False
vid_0016,Test Video 16,2022-12-25 00:00:00+00:00,chan_6,Channel 6,21,2022-12-28 00:00:00+00:00,test|video|trend,102236,5111,0,511,http://example.com/thumb.jpg,False,False,Test description,youtube,youtube_trending_kaggle,False
vid_0016,Test Video 16,2022-12-25 00:00:00+00:00,chan_6,Channel 6,23,2022-12-29 00:00:00+00:00,test|video|trend,137858,6892,0,689,http://example.com/thumb.jpg,False,False,Test description,youtube,youtube_trending_kaggle,False
vid_0016,Test Video 16,2022-12-25 00:00:00+00:00,chan_6,Channel 6,28,2022-12-30 00:00:00+00:00,test|video|trend,185893,9294,0,929,http://example.com/thumb.jpg,False,False,Test description,youtube,youtube_trending_kaggle,False
vid_0016,Test Video 16,2022-12-25 00:00:00+00:00,chan_6,Channel 6,26,2022-12-31 00:00:00+00:00,test|video|trend,250665,12533,0,1253,http://example.com/thumb.jpg,False,False,Test description,youtube,youtube_trending_kaggle,False
vid_0016,Test Video 16,2022-12-25 00:00:00+00:00,chan_6,Channel 6,4,2023-01-01 00:00:00+00:00,test|video|trend,338006,16900,0,1690,http://example.com/thumb.jpg,False,False,Test description,youtube,youtube_trending_kaggle,False
vid_0016,Test Video 16,2022-12-25 00:00:00+00:00,chan_6,Channel 6,7,2023-01-02 00:00:00+00:00,test|video|trend,455779,22788,0,2278,http://example.com/thumb.jpg,False,False,Test description,youtube,youtube_trending_kaggle,False
vid_0016,Test Video 16,2022-12-25 00:00:00+00:00,chan_6,Channel 6,26,2023-01-03 00:00:00+00:00,test|video|trend,614588,30729,0,3072,http://example.com/thumb.jpg,False,False,Test description,youtube,youtube_trending_kaggle,False
vid_0017,Test Video 17,2022-12-31 00:00:00+00:00,chan_7,Channel 7,26,2022-12-31 00:00:00+00:00,test|video|trend,31872,1593,0,159,http://example.com/thumb.jpg,False,False,Test description,youtube,youtube_trending_kaggle,False
vid_0017,Test Video 17,2022-12-31 00:00:00+00:00,chan_7,Channel 7,25,2023-01-01 00:00:00+00:00,test|video|trend,37987,1899,0,189,http://example.com/thumb.jpg,False,False,Test description,youtube,youtube_trending_kaggle,False
vid_0017,Test Video 17,2022-12-31 00:00:00+00:00,chan_7,Channel 7,20,2023-01-02 00:00:00+00:00,test|video|trend,45277,2263,0,226,http://example.com/thumb.jpg,False,False,Test description,youtube,youtube_trending_kaggle,False
vid_0017,Test Video 17,2022-12-31 00:00:00+00:00,chan_7,Channel 7,27,2023-01-03 00:00:00+00:00,test|video|trend,53965,2698,0,269,http://example.com/thumb.jpg,False,False,Test description,youtube,youtube_trending_kaggle,False
vid_0017,Test Video 17,2022-12-31 00:00:00+00:00,chan_7,Channel 7,13,2023-01-04 00:00:00+00:00,test|video|trend,64321,3216,0,321,http://example.com/thumb.jpg,False,False,Test description,youtube,youtube_trending_kaggle,False
vid_0017,Test Video 17,2022-12-31 00:00:00+00:00,chan_7,Channel 7,22,2023-01-05 00:00:00+00:00,test|video|trend,76663,3833,0,383,http://example.com/thumb.jpg,False,False,Test description,youtube,youtube_trending_kaggle,False
vid_0017,Test Video 17,2022-12-31 00:00:00+00:00,chan_7,Channel 7,5,2023-01-06 00:00:00+00:00,test|video|trend,91374,4568,0,456,http://example.com/thumb.jpg,False,False,Test description,youtube,youtube_trending_kaggle,False
vid_0017,Test Video 17,2022-12-31 00:00:00+00:00,chan_7,Channel 7,27,2023-01-07 00:00:00+00:00,test|video|trend,108908,5445,0,544,http://example.com/thumb.jpg,False,False,Test description,youtube,youtube_trending_kaggle,False
vid_0017,Test Video 17,2022-12-31 00:00:00+00:00,chan_7,Channel 7,29,2023-01-08 00:00:00+00:00,test|video|trend,129807,6490,0,649,http://example.com/thumb.jpg,False,False,Test description,youtube,youtube_trending_kaggle,False
vid_0017,Test Video 17,2022-12-31 00:00:00+00:00,chan_7,Channel 7,5,2023-01-09 00:00:00+00:00,test|video|trend,154716,7735,0,773,http://example.com/thumb.jpg,False,False,Test description,youtube,youtube_trending_kaggle,False
vid_0018,Test Video 18,2022-12-24 00:00:00+00:00,chan_8,Channel 8,2,2022-12-24 00:00:00+00:00,test|video|trend,7796,389,0,38,http://example.com/thumb.jpg,False,False,Test description,youtube,youtube_trending_kaggle,False
vid_0018,Test Video 18,2022-12-24 00:00:00+00:00,chan_8,Channel 8,6,2022-12-25 00:00:00+00:00,test|video|trend,9426,471,0,47,http://example.com/thumb.jpg,False,False,Test description,youtube,youtube_trending_kaggle,False
vid_0018,Test Video 18,2022-12-24 00:00:00+00:00,chan_8,Channel 8,14,2022-12-26 00:00:00+00:00,test|video|trend,11397,569,0,56,http://example.com/thumb.jpg,False,False,Test description,youtube,youtube_trending_kaggle,False
vid_0018,Test Video 18,2022-12-24 00:00:00+00:00,chan_8,Channel 8,28,2022-12-27 00:00:00+00:00,test|video|trend,13780,689,0,68,http://example.com/thumb.jpg,False,False,Test description,youtube,youtube_trending_kaggle,False
vid_0018,Test Video 18,2022-12-24 00:00:00+00:00,chan_8,Channel 8,25,2022-12-28 00:00:00+00:00,test|video|trend,16661,833,0,83,http://example.com/thumb.jpg,False,False,Test description,youtube,youtube_trending_kaggle,False
vid_0018,Test Video 18,2022-12-24 00:00:00+00:00,chan_8,Channel 8,25,2022-12-29 00:00:00+00:00,test|video|trend,20145,1007,0,100,http://example.com/thumb.jpg,False,False,Test description,youtube,youtube_trending_kaggle,False
vid_0018,Test Video 18,2022-12-24 00:00:00+00:00,chan_8,Channel 8,17,2022-12-30 00:00:00+00:00,test|video|trend,24357,1217,0,121,http://example.com/thumb.jpg,False,False,Test description,youtube,youtube_trending_kaggle,False
vid_0018,Test Video 18,2022-12-24 00:00:00+00:00,chan_8,Channel 8,9,2022-12-31 00:00:00+00:00,test|video|trend,29450,1472,0,147,http://example.com/thumb.jpg,False,False,Test description,youtube,youtube_trending_kaggle,False
vid_0018,Test Video 18,2022-12-24 00:00:00+00:00,chan_8,Channel 8,4,2023-01-01 00:00:00+00:00,test|video|trend,35608,1780,0,178,http://example.com/thumb.jpg,False,False,Test description,youtube,youtube_trending_kaggle,False
vid_0018,Test Video 18,2022-12-24 00:00:00+00:00,chan_8,Channel 8,20,2023-01-02 00:00:00+00:00,test|video|trend,43054,2152,0,215,http://example.com/thumb.jpg,False,False,Test description,youtube,youtube_trending_kaggle,False
vid_0019,Test Video 19,2022-12-27 00:00:00+00:00,chan_9,Channel 9,6,2022-12-27 00:00:00+00:00,test|video|trend,44563,2228,0,222,http://example.com/thumb.jpg,False,False,Test description,youtube,youtube_trending_kaggle,False
vid_0019,Test Video 19,2022-12-27 00:00:00+00:00,chan_9,Channel 9,4,2022-12-28 00:00:00+00:00,test|video|trend,45194,2259,0,225,http://example.com/thumb.jpg,False,False,Test description,youtube,youtube_trending_kaggle,False
vid_0019,Test Video 19,2022-12-27 00:00:00+00:00,chan_9,Channel 9,7,2022-12-29 00:00:00+00:00,test|video|trend,45834,2291,0,229,http://example.com/thumb.jpg,False,False,Test description,youtube,youtube_trending_kaggle,False
vid_0019,Test Video 19,2022-12-27 00:00:00+00:00,chan_9,Channel 9,1,2022-12-30 00:00:00+00:00,test|video|trend,46484,2324,0,232,http://example.com/thumb.jpg,False,False,Test description,youtube,youtube_trending_kaggle,False
vid_0019,Test Video 19,2022-12-27 00:00:00+00:00,chan_9,Channel 9,24,2022-12-31 00:00:00+00:00,test|video|trend,47143,2357,0,235,http://example.com/thumb.jpg,False,False,Test description,youtube,youtube_trending_kaggle,False
vid_0019,Test Video 19,2022-12-27 00:00:00+00:00,chan_9,Channel 9,10,2023-01-01 00:00:00+00:00,test|video|trend,47811,2390,0,239,http://example.com/thumb.jpg,False,False,Test description,youtube,youtube_trending_kaggle,False
vid_0019,Test Video 19,2022-12-27 00:00:00+00:00,chan_9,Channel 9,20,2023-01-02 00:00:00+00:00,test|video|trend,48488,2424,0,242,http://example.com/thumb.jpg,False,False,Test description,youtube,youtube_trending_kaggle,False
vid_0019,Test Video 19,2022-12-27 00:00:00+00:00,chan_9,Channel 9,20,2023-01-03 00:00:00+00:00,test|video|trend,49175,2458,0,245,http://example.com/thumb.jpg,False,False,Test description,youtube,youtube_trending_kaggle,False
vid_0019,Test Video 19,2022-12-27 00:00:00+00:00,chan_9,Channel 9,14,2023-01-04 00:00:00+00:00,test|video|trend,49872,2493,0,249,http://example.com/thumb.jpg,False,False,Test description,youtube,youtube_trending_kaggle,False
vid_0019,Test Video 19,2022-12-27 00:00:00+00:00,chan_9,Channel 9,19,2023-01-05 00:00:00+00:00,test|video|trend,50579,2528,0,252,http://example.com/thumb.jpg,False,False,Test description,youtube,youtube_trending_kaggle,False
vid_0020,Test Video 20,2022-12-23 00:00:00+00:00,chan_0,Channel 0,26,2022-12-23 00:00:00+00:00,test|video|trend,10059,502,0,50,http://example.com/thumb.jpg,False,False,Test description,youtube,youtube_trending_kaggle,False
vid_0020,Test Video 20,2022-12-23 00:00:00+00:00,chan_0,Channel 0,9,2022-12-24 00:00:00+00:00,test|video|trend,11182,559,0,55,http://example.com/thumb.jpg,False,False,Test description,youtube,youtube_trending_kaggle,False
vid_0020,Test Video 20,2022-12-23 00:00:00+00:00,chan_0,Channel 0,10,2022-12-25 00:00:00+00:00,test|video|trend,12432,621,0,62,http://example.com/thumb.jpg,False,False,Test description,youtube,youtube_trending_kaggle,False
vid_0020,Test Video 20,2022-12-23 00:00:00+00:00,chan_0,Channel 0,12,2022-12-26 00:00:00+00:00,test|video|trend,13821,691,0,69,http://example.com/thumb.jpg,False,False,Test description,youtube,youtube_trending_kaggle,False
vid_0020,Test Video 20,2022-12-23 00:00:00+00:00,chan_0,Channel 0,4,2022-12-27 00:00:00+00:00,test|video|trend,15365,768,0,76,http://example.com/thumb.jpg,False,False,Test description,youtube,youtube_trending_kaggle,False
vid_0020,Test Video 20,2022-12-23 00:00:00+00:00,chan_0,Channel 0,1,2022-12-28 00:00:00+00:00,test|video|trend,17082,854,0,85,http://example.com/thumb.jpg,False,False,Test description,youtube,youtube_trending_kaggle,False
vid_0020,Test Video 20,2022-12-23 00:00:00+00:00,chan_0,Channel 0,3,2022-12-29 00:00:00+00:00,test|video|trend,18991,949,0,94,http://example.com/thumb.jpg,False,False,Test description,youtube,youtube_trending_kaggle,False
vid_0020,Test Video 20,2022-12-23 00:00:00+00:00,chan_0,Channel 0,27,2022-12-30 00:00:00+00:00,test|video|trend,21113,1055,0,105,http://example.com/thumb.jpg,False,False,Test description,youtube,youtube_trending_kaggle,False
vid_0020,Test Video 20,2022-12-23 00:00:00+00:00,chan_0,Channel 0,22,2022-12-31 00:00:00+00:00,test|video|trend,23472,1173,0,117,http://example.com/thumb.jpg,False,False,Test description,youtube,youtube_trending_kaggle,False
vid_0020,Test Video 20,2022-12-23 00:00:00+00:00,chan_0,Channel 0,9,2023-01-01 00:00:00+00:00,test|video|trend,26094,1304,0,130,http://example.com/thumb.jpg,False,False,Test description,youtube,youtube_trending_kaggle,False
vid_0021,Test Video 21,2022-12-28 00:00:00+00:00,chan_1,Channel 1,6,2022-12-28 00:00:00+00:00,test|video|trend,8734,436,0,43,http://example.com/thumb.jpg,False,False,Test description,youtube,youtube_trending_kaggle,False
vid_0021,Test Video 21,2022-12-28 00:00:00+00:00,chan_1,Channel 1,6,2022-12-29 00:00:00+00:00,test|video|trend,11096,554,0,55,http://example.com/thumb.jpg,False,False,Test description,youtube,youtube_trending_kaggle,False
vid_0021,Test Video 21,2022-12-28 00:00:00+00:00,chan_1,Channel 1,29,2022-12-30 00:00:00+00:00,test|video|trend,14098,704,0,70,http://example.com/thumb.jpg,False,False,Test description,youtube,youtube_trending_kaggle,False
vid_0021,Test Video 21,2022-12-28 00:00:00+00:00,chan_1,Channel 1,10,2022-12-31 00:00:00+00:00,test|video|trend,17911,895,0,89,http://example.com/thumb.jpg,False,False,Test description,youtube,youtube_trending_kaggle,False
vid_0021,Test Video 21,2022-12-28 00:00:00+00:00,chan_1,Channel 1,9,2023-01-01 00:00:00+00:00,test|video|trend,22756,1137,0,113,http://example.com/thumb.jpg,False,False,Test description,youtube,youtube_trending_kaggle,False
vid_0021,Test Video 21,2022-12-28 00:00:00+00:00,chan_1,Channel 1,28,2023-01-02 00:00:00+00:00,test|video|trend,28911,1445,0,144,http://example.com/thumb.jpg,False,False,Test description,youtube,youtube_trending_kaggle,False
vid_0021,Test Video 21,2022-12-28 00:00:00+00:00,chan_1,Channel 1,23,2023-01-03 00:00:00+00:00,test|video|trend,36732,1836,0,183,http://example.com/thumb.jpg,False,False,Test description,youtube,youtube_trending_kaggle,False
vid_0021,Test Video 21,2022-12-28 00:00:00+00:00,chan_1,Channel 1,3,2023-01-04 00:00:00+00:00,test|video|trend,46668,2333,0,233,http://example.com/thumb.jpg,False,False,Test description,youtube,youtube_trending_kaggle,False
vid_0021,Test Video 21,2022-12-28 00:00:00+00:00,chan_1,Channel 1,11,2023-01-05 00:00:00+00:00,test|video|trend,59291,2964,0,296,http://example.com/thumb.jpg,False,False,Test description,youtube,youtube_trending_kaggle,False
vid_0021,Test Video 21,2022-12-28 00:00:00+00:00,chan_1,Channel 1,16,2023-01-06 00:00:00+00:00,test|video|trend,75329,3766,0,376,http://example.com/thumb.jpg,False,False,Test description,youtube,youtube_trending_kaggle,False
vid_0022,Test Video 22,2022-12-28 00:00:00+00:00,chan_2,Channel 2,12,2022-12-28 00:00:00+00:00,test|video|trend,32521,1626,0,162,http://example.com/thumb.jpg,False,False,Test description,youtube,youtube_trending_kaggle,False
vid_0022,Test Video 22,2022-12-28 00:00:00+00:00,chan_2,Channel 2,14,2022-12-29 00:00:00+00:00,test|video|trend,41324,2066,0,206,http://example.com/thumb.jpg,False,False,Test description,youtube,youtube_trending_kaggle,False
vid_0022,Test Video 22,2022-12-28 00:00:00+00:00,chan_2,Channel 2,2,2022-12-30 00:00:00+00:00,test|video|trend,52511,2625,0,262,http://example.com/thumb.jpg,False,False,Test description,youtube,youtube_trending_kaggle,False
vid_0022,Test Video 22,2022-12-28 00:00:00+00:00,chan_2,Channel 2,10,2022-12-31 00:00:00+00:00,test|video|trend,66727,3336,0,333,http://example.com/thumb.jpg,False,False,Test description,youtube,youtube_trending_kaggle,False
vid_0022,Test Video 22,2022-12-28 00:00:00+00:00,chan_2,Channel 2,24,2023-01-01 00:00:00+00:00,test|video|trend,84791,4239,0,423,http://example.com/thumb.jpg,False,False,Test description,youtube,youtube_trending_kaggle,False
vid_0022,Test Video 22,2022-12-28 00:00:00+00:00,chan_2,Channel 2,29,2023-01-02 00:00:00+00:00,test|video|trend,107744,5387,0,538,http://example.com/thumb.jpg,False,False,Test description,youtube,youtube_trending_kaggle,False
vid_0022,Test Video 22,2022-12-28 00:00:00+00:00,chan_2,Channel 2,2,2023-01-03 00:00:00+00:00,test|video|trend,136912,6845,0,684,http://example.com/thumb.jpg,False,False,Test description,youtube,youtube_trending_kaggle,False
vid_0022,Test Video 22,2022-12-28 00:00:00+00:00,chan_2,Channel 2,2,2023-01-04 00:00:00+00:00,test|video|trend,173976,8698,0,869,http://example.com/thumb.jpg,False,False,Test description,youtube,youtube_trending_kaggle,False
vid_0022,Test Video 22,2022-12-28 00:00:00+00:00,chan_2,Channel 2,11,2023-01-05 00:00:00+00:00,test|video|trend,221073,11053,0,1105,http://example.com/thumb.jpg,False,False,Test description,youtube,youtube_trending_kaggle,False
vid_0022,Test Video 22,2022-12-28 00:00:00+00:00,chan_2,Channel 2,27,2023-01-06 00:00:00+00:00,test|video|trend,280919,14045,0,1404,http://example.com/thumb.jpg,False,False,Test description,youtube,youtube_trending_kaggle,False
vid_0023,Test Video 23,2022-12-26 00:00:00+00:00,chan_3,Channel 3,15,2022-12-26 00:00:00+00:00,test|video|trend,33396,1669,0,166,http://example.com/thumb.jpg,False,False,Test description,youtube,youtube_trending_kaggle,False
vid_0023,Test Video 23,2022-12-26 00:00:00+00:00,chan_3,Channel 3,22,2022-12-27 00:00:00+00:00,test|video|trend,35501,1775,0,177,http://example.com/thumb.jpg,False,False,Test description,youtube,youtube_trending_kaggle,False
vid_0023,Test Video 23,2022-12-26 00:00:00+00:00,chan_3,Channel 3,9,2022-12-28 00:00:00+00:00,test|video|trend,37739,1886,0,188,http://example.com/thumb.jpg,False,False,Test description,youtube,youtube_trending_kaggle,False
vid_0023,Test Video 23,2022-12-26 00:00:00+00:00,chan_3,Channel 3,14,2022-12-29 00:00:00+00:00,test|video|trend,40118,2005,0,200,http://example.com/thumb.jpg,False,False,Test description,youtube,youtube_trending_kaggle,False
vid_0023,Test Video 23,2022-12-26 00:00:00+00:00,chan_3,Channel 3,21,2022-12-30 00:00:00+00:00,test|video|trend,42647,2132,0,213,http://example.com/thumb.jpg,False,False,Test description,youtube,youtube_trending_kaggle,False
vid_0023,Test Video 23,2022-12-26 00:00:00+00:00,chan_3,Channel 3,3,2022-12-31 00:00:00+00:00,test|video|trend,45336,2266,0,226,http://example.com/thumb.jpg,False,False,Test description,youtube,youtube_trending_kaggle,False
vid_0023,Test Video 23,2022-12-26 00:00:00+00:00,chan_3,Channel 3,3,2023-01-01 00:00:00+00:00,test|video|trend,48194,2409,0,240,http://example.com/thumb.jpg,False,False,Test description,youtube,youtube_trending_kaggle,False
vid_0023,Test Video 23,2022-12-26 00:00:00+00:00,chan_3,Channel 3,22,2023-01-02 00:00:00+00:00,test|video|trend,51232,2561,0,256,http://example.com/thumb.jpg,False,False,Test description,youtube,youtube_trending_kaggle,False
vid_0023,Test Video 23,2022-12-26 00:00:00+00:00,chan_3,Channel 3,2,2023-01-03 00:00:00+00:00,test|video|trend,54462,2723,0,272,http://example.com/thumb.jpg,False,False,Test description,youtube,youtube_trending_kaggle,False
vid_0023,Test Video 23,2022-12-26 00:00:00+00:00,chan_3,Channel 3,23,2023-01-04 00:00:00+00:00,test|video|trend,57896,2894,0,289,http://example.com/thumb.jpg,False,False,Test description,youtube,youtube_trending_kaggle,False
vid_0024,Test Video 24,2022-12-24 00:00:00+00:00,chan_4,Channel 4,4,2022-12-24 00:00:00+00:00,test|video|trend,26805,1340,0,134,http://example.com/thumb.jpg,False,False,Test description,youtube,youtube_trending_kaggle,False
vid_0024,Test Video 24,2022-12-24 00:00:00+00:00,chan_4,Channel 4,6,2022-12-25 00:00:00+00:00,test|video|trend,29600,1480,0,148,http://example.com/thumb.jpg,False,False,Test description,youtube,youtube_trending_kaggle,False
vid_0024,Test Video 24,2022-12-24 00:00:00+00:00,chan_4,Channel 4,5,2022-12-26 00:00:00+00:00,test|video|trend,32688,1634,0,163,http://example.com/thumb.jpg,False,False,Test description,youtube,youtube_trending_kaggle,False
vid_0024,Test Video 24,2022-12-24 00:00:00+00:00,chan_4,Channel 4,5,2022-12-27 00:00:00+00:00,test|video|trend,36097,1804,0,180,http://example.com/thumb.jpg,False,False,Test description,youtube,youtube_trending_kaggle,False
vid_0024,Test Video 24,2022-12-24 00:00:00+00:00,chan_4,Channel 4,20,2022-12-28 00:00:00+00:00,test|video|trend,39862,1993,0,199,http://example.com/thumb.jpg,False,False,Test description,youtube,youtube_trending_kaggle,False
vid_0024,Test Video 24,2022-12-24 00:00:00+00:00,chan_4,Channel 4,10,2022-12-29 00:00:00+00:00,test|video|trend,44020,2201,0,220,http://example.com/thumb.jpg,False,False,Test description,youtube,youtube_trending_kaggle,False
vid_0024,Test Video 24,2022-12-24 00:00:00+00:00,chan_4,Channel 4,2,2022-12-30 00:00:00+00:00,test|video|trend,48611,2430,0,243,http://example.com/thumb.jpg,False,False,Test description,youtube,youtube_trending_kaggle,False
vid_0024,Test Video 24,2022-12-24 00:00:00+00:00,chan_4,Channel 4,8,2022-12-31 00:00:00+00:00,test|video|trend,53681,2684,0,268,http://example.com/thumb.jpg,False,False,Test description,youtube,youtube_trending_kaggle,False
vid_0024,Test Video 24,2022-12-24 00:00:00+00:00,chan_4,Channel 4,13,2023-01-01 00:00:00+00:00,test|video|trend,59280,2964,0,296,http://example.com/thumb.jpg,False,False,Test description,youtube,youtube_trending_kaggle,False
vid_0024,Test Video 24,2022-12-24 00:00:00+00:00,chan_4,Channel 4,16,2023-01-02 00:00:00+00:00,test|video|trend,65463,3273,0,327,http://example.com/thumb.jpg,False,False,Test description,youtube,youtube_trending_kaggle,False
vid_0025,Test Video 25,2022-12-25 00:00:00+00:00,chan_5,Channel 5,7,2022-12-25 00:00:00+00:00,test|video|trend,17995,899,0,89,http://example.com/thumb.jpg,False,False,Test description,youtube,youtube_trending_kaggle,False
vid_0025,Test Video 25,2022-12-25 00:00:00+00:00,chan_5,Channel 5,17,2022-12-26 00:00:00+00:00,test|video|trend,24497,1224,0,122,http://example.com/thumb.jpg,False,False,Test description,youtube,youtube_trending_kaggle,False
vid_0025,Test Video 25,2022-12-25 00:00:00+00:00,chan_5,Channel 5,21,2022-12-27 00:00:00+00:00,test|video|trend,33349,1667,0,166,http://example.com/thumb.jpg,False,False,Test description,youtube,youtube_trending_kaggle,False
vid_0025,Test Video 25,2022-12-25 00:00:00+00:00,chan_5,Channel 5,16,2022-12-28 00:00:00+00:00,test|video|trend,45399,2269,0,226,http://example.com/thumb.jpg,False,False,Test description,youtube,youtube_trending_kaggle,False
vid_0025,Test Video 25,2022-12-25 00:00:00+00:00,chan_5,Channel 5,14,2022-12-29 00:00:00+00:00,test|video|trend,61804,3090,0,309,http://example.com/thumb.jpg,False,False,Test description,youtube,youtube_trending_kaggle,False
vid_0025,Test Video 25,2022-12-25 00:00:00+00:00,chan_5,Channel 5,19,2022-12-30 00:00:00+00:00,test|video|trend,84136,4206,0,420,http://example.com/thumb.jpg,False,False,Test description,youtube,youtube_trending_kaggle,False
vid_0025,Test Video 25,2022-12-25 00:00:00+00:00,chan_5,Channel 5,21,2022-12-31 00:00:00+00:00,test|video|trend,114538,5726,0,572,http://example.com/thumb.jpg,False,False,Test description,youtube,youtube_trending_kaggle,False
vid_0025,Test Video 25,2022-12-25 00:00:00+00:00,chan_5,Channel 5,3,2023-01-01 00:00:00+00:00,test|video|trend,155925,7796,0,779,http://example.com/thumb.jpg,False,False,Test description,youtube,youtube_trending_kaggle,False
vid_0025,Test Video 25,2022-12-25 00:00:00+00:00,chan_5,Channel 5,3,2023-01-02 00:00:00+00:00,test|video|trend,212267,10613,0,1061,http://example.com/thumb.jpg,False,False,Test description,youtube,youtube_trending_kaggle,False
vid_0025,Test Video 25,2022-12-25 00:00:00+00:00,chan_5,Channel 5,5,2023-01-03 00:00:00+00:00,test|video|trend,288967,14448,0,1444,http://example.com/thumb.jpg,False,False,Test description,youtube,youtube_trending_kaggle,False
vid_0026,Test Video 26,2022-12-25 00:00:00+00:00,chan_6,Channel 6,24,2022-12-25 00:00:00+00:00,test|video|trend,18619,930,0,93,http://example.com/thumb.jpg,False,False,Test description,youtube,youtube_trending_kaggle,False
vid_0026,Test Video 26,2022-12-25 00:00:00+00:00,chan_6,Channel 6,2,2022-12-26 00:00:00+00:00,test|video|trend,27865,1393,0,139,http://example.com/thumb.jpg,False,False,Test description,youtube,youtube_trending_kaggle,False
vid_0026,Test Video 26,2022-12-25 00:00:00+00:00,chan_6,Channel 6,17,2022-12-27 00:00:00+00:00,test|video|trend,41704,2085,0,208,http://example.com/thumb.jpg,False,False,Test description,youtube,youtube_trending_kaggle,False
vid_0026,Test Video 26,2022-12-25 00:00:00+00:00,chan_6,Channel 6,19,2022-12-28 00:00:00+00:00,test|video|trend,62415,3120,0,312,http://example.com/thumb.jpg,False,False,Test description,youtube,youtube_trending_kaggle,False
vid_0026,Test Video 26,2022-12-25 00:00:00+00:00,chan_6,Channel 6,21,2022-12-29 00:00:00+00:00,test|video|trend,93412,4670,0,467,http://example.com/thumb.jpg,False,False,Test description,youtube,youtube_trending_kaggle,False
vid_0026,Test Video 26,2022-12-25 00:00:00+00:00,chan_6,Channel 6,25,2022-12-30 00:00:00+00:00,test|video|trend,139803,6990,0,699,http://example.com/thumb.jpg,False,False,Test description,youtube,youtube_trending_kaggle,False
vid_0026,Test Video 26,2022-12-25 00:00:00+00:00,chan_6,Channel 6,18,2022-12-31 00:00:00+00:00,test|video|trend,209232,10461,0,1046,http://example.com/thumb.jpg,False,False,Test description,youtube,youtube_trending_kaggle,False
vid_0026,Test Video 26,2022-12-25 00:00:00+00:00,chan_6,Channel 6,11,2023-01-01 00:00:00+00:00,test|video|trend,313141,15657,0,1565,http://example.com/thumb.jpg,False,False,Test description,youtube,youtube_trending_kaggle,False
vid_0026,Test Video 26,2022-12-25 00:00:00+00:00,chan_6,Channel 6,22,2023-01-02 00:00:00+00:00,test|video|trend,468654,23432,0,2343,http://example.com/thumb.jpg,False,False,Test description,youtube,youtube_trending_kaggle,False
vid_0026,Test Video 26,2022-12-25 00:00:00+00:00,chan_6,Channel 6,25,2023-01-03 00:00:00+00:00,test|video|trend,701399,35069,0,3506,http://example.com/thumb.jpg,False,False,Test description,youtube,youtube_trending_kaggle,False
vid_0027,Test Video 27,2022-12-29 00:00:00+00:00,chan_7,Channel 7,25,2022-12-29 00:00:00+00:00,test|video|trend,11843,592,0,59,http://example.com/thumb.jpg,False,False,Test description,youtube,youtube_trending_kaggle,False
vid_0027,Test Video 27,2022-12-29 00:00:00+00:00,chan_7,Channel 7,21,2022-12-30 00:00:00+00:00,test|video|trend,13267,663,0,66,http://example.com/thumb.jpg,False,False,Test description,youtube,youtube_trending_kaggle,False
vid_0027,Test Video 27,2022-12-29 00:00:00+00:00,chan_7,Channel 7,14,2022-12-31 00:00:00+00:00,test|video|trend,14863,743,0,74,http://example.com/thumb.jpg,False,False,Test description,youtube,youtube_trending_kaggle,False
vid_0027,Test Video 27,2022-12-29 00:00:00+00:00,chan_7,Channel 7,10,2023-01-01 00:00:00+00:00,test|video|trend,16651,832,0,83,http://example.com/thumb.jpg,False,False,Test description,youtube,youtube_trending_kaggle,False
vid_0027,Test Video 27,2022-12-29 00:00:00+00:00,chan_7,Channel 7,20,2023-01-02 00:00:00+00:00,test|video|trend,18654,932,0,93,http://example.com/thumb.jpg,False,False,Test description,youtube,youtube_trending_kaggle,False
vid_0027,Test Video 27,2022-12-29 00:00:00+00:00,chan_7,Channel 7,26,2023-01-03 00:00:00+00:00,test|video|trend,20898,1044,0,104,http://example.com/thumb.jpg,False,False,Test description,youtube,youtube_trending_kaggle,False
vid_0027,Test Video 27,2022-12-29 00:00:00+00:00,chan_7,Channel 7,22,2023-01-04 00:00:00+00:00,test|video|trend,23412,1170,0,117,http://example.com/thumb.jpg,False,False,Test description,youtube,youtube_trending_kaggle,False
vid_0027,Test Video 27,2022-12-29 00:00:00+00:00,chan_7,Channel 7,16,2023-01-05 00:00:00+00:00,test|video|trend,26228,1311,0,131,http://example.com/thumb.jpg,False,False,Test description,youtube,youtube_trending_kaggle,False
vid_0027,Test Video 27,2022-12-29 00:00:00+00:00,chan_7,Channel 7,29,2023-01-06 00:00:00+00:00,test|video|trend,29383,1469,0,146,http://example.com/thumb.jpg,False,False,Test description,youtube,youtube_trending_kaggle,False
vid_0027,Test Video 27,2022-12-29 00:00:00+00:00,chan_7,Channel 7,16,2023-01-07 00:00:00+00:00,test|video|trend,32917,1645,0,164,http://example.com/thumb.jpg,False,False,Test description,youtube,youtube_trending_kaggle,False
vid_0028,Test Video 28,2022-12-23 00:00:00+00:00,chan_8,Channel 8,26,2022-12-23 00:00:00+00:00,test|video|trend,23508,1175,0,117,http://example.com/thumb.jpg,False,False,Test description,youtube,youtube_trending_kaggle,False
vid_0028,Test Video 28,2022-12-23 00:00:00+00:00,chan_8,Channel 8,14,2022-12-24 00:00:00+00:00,test|video|trend,28059,1402,0,140,http://example.com/thumb.jpg,False,False,Test description,youtube,youtube_trending_kaggle,False
vid_0028,Test Video 28,2022-12-23 00:00:00+00:00,chan_8,Channel 8,8,2022-12-25 00:00:00+00:00,test|video|trend,33493,1674,0,167,http://example.com/thumb.jpg,False,False,Test description,youtube,youtube_trending_kaggle,False
vid_0028,Test Video 28,2022-12-23 00:00:00+00:00,chan_8,Channel 8,8,2022-12-26 00:00:00+00:00,test|video|trend,39978,1998,0,199,http://example.com/thumb.jpg,False,False,Test description,youtube,youtube_trending_kaggle,False
vid_0028,Test Video 28,2022-12-23 00:00:00+00:00,chan_8,Channel 8,18,2022-12-27 00:00:00+00:00,test|video|trend,47720,2386,0,238,http://example.com/thumb.jpg,False,False,Test description,youtube,youtube_trending_kaggle,False
vid_0028,Test Video 28,2022-12-23 00:00:00+00:00,chan_8,Channel 8,14,2022-12-28 00:00:00+00:00,test|video|trend,56960,2848,0,284,http://example.com/thumb.jpg,False,False,Test description,youtube,youtube_trending_kaggle,False
vid_0028,Test Video 28,2022-12-23 00:00:00+00:00,chan_8,Channel 8,21,2022-12-29 00:00:00+00:00,test|video|trend,67990,3399,0,339,http://example.com/thumb.jpg,False,False,Test description,youtube,youtube_trending_kaggle,False
vid_0028,Test Video 28,2022-12-23 00:00:00+00:00,chan_8,Channel 8,1,2022-12-30 00:00:00+00:00,test|video|trend,81155,4057,0,405,http://example.com/thumb.jpg,False,False,Test description,youtube,youtube_trending_kaggle,False
vid_0028,Test Video 28,2022-12-23 00:00:00+00:00,chan_8,Channel 8,4,2022-12-31 00:00:00+00:00,test|video|trend,96870,4843,0,484,http://example.com/thumb.jpg,False,False,Test description,youtube,youtube_trending_kaggle,False
vid_0028,Test Video 28,2022-12-23 00:00:00+00:00,chan_8,Channel 8,8,2023-01-01 00:00:00+00:00,test|video|trend,115628,5781,0,578,http://example.com/thumb.jpg,False,False,Test description,youtube,youtube_trending_kaggle,False
vid_0029,Test Video 29,2022-12-26 00:00:00+00:00,chan_9,Channel 9,12,2022-12-26 00:00:00+00:00,test|video|trend,4783,239,0,23,http://example.com/thumb.jpg,False,False,Test description,youtube,youtube_trending_kaggle,False
vid_0029,Test Video 29,2022-12-26 00:00:00+00:00,chan_9,Channel 9,17,2022-12-27 00:00:00+00:00,test|video|trend,6117,305,0,30,http://example.com/thumb.jpg,False,False,Test description,youtube,youtube_trending_kaggle,False
vid_0029,Test Video 29,2022-12-26 00:00:00+00:00,chan_9,Channel 9,10,2022-12-28 00:00:00+00:00,test|video|trend,7825,391,0,39,http://example.com/thumb.jpg,False,False,Test description,youtube,youtube_trending_kaggle,False
vid_0029,Test Video 29,2022-12-26 00:00:00+00:00,chan_9,Channel 9,28,2022-12-29 00:00:00+00:00,test|video|trend,10008,500,0,50,http://example.com/thumb.jpg,False,False,Test description,youtube,youtube_trending_kaggle,False
vid_0029,Test Video 29,2022-12-26 00:00:00+00:00,chan_9,Channel 9,11,2022-12-30 00:00:00+00:00,test|video|trend,12801,640,0,64,http://example.com/thumb.jpg,False,False,Test description,youtube,youtube_trending_kaggle,False
vid_0029,Test Video 29,2022-12-26 00:00:00+00:00,chan_9,Channel 9,24,2022-12-31 00:00:00+00:00,test|video|trend,16374,818,0,81,http://example.com/thumb.jpg,False,False,Test description,youtube,youtube_trending_kaggle,False
vid_0029,Test Video 29,2022-12-26 00:00:00+00:00,chan_9,Channel 9,7,2023-01-01 00:00:00+00:00,test|video|trend,20944,1047,0,104,http://example.com/thumb.jpg,False,False,Test description,youtube,youtube_trending_kaggle,False
vid_0029,Test Video 29,2022-12-26 00:00:00+00:00,chan_9,Channel 9,4,2023-01-02 00:00:00+00:00,test|video|trend,26788,1339,0,133,http://example.com/thumb.jpg,False,False,Test description,youtube,youtube_trending_kaggle,False
vid_0029,Test Video 29,2022-12-26 00:00:00+00:00,chan_9,Channel 9,7,2023-01-03 00:00:00+00:00,test|video|trend,34264,1713,0,171,http://example.com/thumb.jpg,False,False,Test description,youtube,youtube_trending_kaggle,False
vid_0029,Test Video 29,2022-12-26 00:00:00+00:00,chan_9,Channel 9,24,2023-01-04 00:00:00+00:00,test|video|trend,43826,2191,0,219,http://example.com/thumb.jpg,False,False,Test description,youtube,youtube_trending_kaggle,False
vid_0030,Test Video 30,2022-12-27 00:00:00+00:00,chan_0,Channel 0,16,2022-12-27 00:00:00+00:00,test|video|trend,12779,638,0,63,http://example.com/thumb.jpg,False,False,Test description,youtube,youtube_trending_kaggle,False
vid_0030,Test Video 30,2022-12-27 00:00:00+00:00,chan_0,Channel 0,24,2022-12-28 00:00:00+00:00,test|video|trend,16865,843,0,84,http://example.com/thumb.jpg,False,False,Test description,youtube,youtube_trending_kaggle,False
vid_0030,Test Video 30,2022-12-27 00:00:00+00:00,chan_0,Channel 0,19,2022-12-29 00:00:00+00:00,test|video|trend,22258,1112,0,111,http://example.com/thumb.jpg,False,False,Test description,youtube,youtube_trending_kaggle,False
vid_0030,Test Video 30,2022-12-27 00:00:00+00:00,chan_0,Channel 0,7,2022-12-30 00:00:00+00:00,test|video|trend,29377,1468,0,146,http://example.com/thumb.jpg,False,False,Test description,youtube,youtube_trending_kaggle,False
vid_0030,Test Video 30,2022-12-27 00:00:00+00:00,chan_0,Channel 0,2,2022-12-31 00:00:00+00:00,test|video|trend,38771,1938,0,193,http://example.com/thumb.jpg,False,False,Test description,youtube,youtube_trending_kaggle,False
vid_0030,Test Video 30,2022-12-27 00:00:00+00:00,chan_0,Channel 0,8,2023-01-01 00:00:00+00:00,test|video|trend,51170,2558,0,255,http://example.com/thumb.jpg,False,False,Test description,youtube,youtube_trending_kaggle,False
vid_0030,Test Video 30,2022-12-27 00:00:00+00:00,chan_0,Channel 0,15,2023-01-02 00:00:00+00:00,test|video|trend,67533,3376,0,337,http://example.com/thumb.jpg,False,False,Test description,youtube,youtube_trending_kaggle,False
vid_0030,Test Video 30,2022-12-27 00:00:00+00:00,chan_0,Channel 0,2,2023-01-03 00:00:00+00:00,test|video|trend,89130,4456,0,445,http://example.com/thumb.jpg,False,False,Test description,youtube,youtube_trending_kaggle,False
vid_0030,Test Video 30,2022-12-27 00:00:00+00:00,chan_0,Channel 0,29,2023-01-04 00:00:00+00:00,test|video|trend,117633,5881,0,588,http://example.com/thumb.jpg,False,False,Test description,youtube,youtube_trending_kaggle,False
vid_0030,Test Video 30,2022-12-27 00:00:00+00:00,chan_0,Channel 0,7,2023-01-05 00:00:00+00:00,test|video|trend,155250,7762,0,776,http://example.com/thumb.jpg,False,False,Test description,youtube,youtube_trending_kaggle,False
vid_0031,Test Video 31,2022-12-26 00:00:00+00:00,chan_1,Channel 1,3,2022-12-26 00:00:00+00:00,test|video|trend,11213,560,0,56,http://example.com/thumb.jpg,False,False,Test description,youtube,youtube_trending_kaggle,False
vid_0031,Test Video 31,2022-12-26 00:00:00+00:00,chan_1,Channel 1,1,2022-12-27 00:00:00+00:00,test|video|trend,11340,567,0,56,http://example.com/thumb.jpg,False,False,Test description,youtube,youtube_trending_kaggle,False
vid_0031,Test Video 31,2022-12-26 00:00:00+00:00,chan_1,Channel 1,3,2022-12-28 00:00:00+00:00,test|video|trend,11468,573,0,57,http://example.com/thumb.jpg,False,False,Test description,youtube,youtube_trending_kaggle,False
vid_0031,Test Video 31,2022-12-26 00:00:00+00:00,chan_1,Channel 1,17,2022-12-29 00:00:00+00:00,test|video|trend,11598,579,0,57,http://example.com/thumb.jpg,False,False,Test description,youtube,youtube_trending_kaggle,False
vid_0031,Test Video 31,2022-12-26 00:00:00+00:00,chan_1,Channel 1,11,2022-12-30 00:00:00+00:00,test|video|trend,11730,586,0,58,http://example.com/thumb.jpg,False,False,Test description,youtube,youtube_trending_kaggle,False
vid_0031,Test Video 31,2022-12-26 00:00:00+00:00,chan_1,Channel 1,4,2022-12-31 00:00:00+00:00,test|video|trend,11863,593,0,59,http://example.com/thumb.jpg,False,False,Test description,youtube,youtube_trending_kaggle,False
vid_0031,Test Video 31,2022-12-26 00:00:00+00:00,chan_1,Channel 1,29,2023-01-01 00:00:00+00:00,test|video|trend,11997,599,0,59,http://example.com/thumb.jpg,False,False,Test description,youtube,youtube_trending_kaggle,False
vid_0031,Test Video 31,2022-12-26 00:00:00+00:00,chan_1,Channel 1,10,2023-01-02 00:00:00+00:00,test|video|trend,12133,606,0,60,http://example.com/thumb.jpg,False,False,Test description,youtube,youtube_trending_kaggle,False
vid_0031,Test Video 31,2022-12-26 00:00:00+00:00,chan_1,Channel 1,8,2023-01-03 00:00:00+00:00,test|video|trend,12271,613,0,61,http://example.com/thumb.jpg,False,False,Test description,youtube,youtube_trending_kaggle,False
vid_0031,Test Video 31,2022-12-26 00:00:00+00:00,chan_1,Channel 1,26,2023-01-04 00:00:00+00:00,test|video|trend,12410,620,0,62,http://example.com/thumb.jpg,False,False,Test description,youtube,youtube_trending_kaggle,False
vid_0032,Test Video 32,2022-12-23 00:00:00+00:00,chan_2,Channel 2,22,2022-12-23 00:00:00+00:00,test|video|trend,44591,2229,0,222,http://example.com/thumb.jpg,False,False,Test description,youtube,youtube_trending_kaggle,False
vid_0032,Test Video 32,2022-12-23 00:00:00+00:00,chan_2,Channel 2,28,2022-12-24 00:00:00+00:00,test|video|trend,53172,2658,0,265,http://example.com/thumb.jpg,False,False,Test description,youtube,youtube_trending_kaggle,False
vid_0032,Test Video 32,2022-12-23 00:00:00+00:00,chan_2,Channel 2,5,2022-12-25 00:00:00+00:00,test|video|trend,63405,3170,0,317,http://example.com/thumb.jpg,False,False,Test description,youtube,youtube_trending_kaggle,False
vid_0032,Test Video 32,2022-12-23 00:00:00+00:00,chan_2,Channel 2,13,2022-12-26 00:00:00+00:00,test|video|trend,75608,3780,0,378,http://example.com/thumb.jpg,False,False,Test description,youtube,youtube_trending_kaggle,False
vid_0032,Test Video 32,2022-12-23 00:00:00+00:00,chan_2,Channel 2,25,2022-12-27 00:00:00+00:00,test|video|trend,90159,4507,0,450,http://example.com/thumb.jpg,False,False,Test description,youtube,youtube_trending_kaggle,False
vid_0032,Test Video 32,2022-12-23 00:00:00+00:00,chan_2,Channel 2,27,2022-12-28 00:00:00+00:00,test|video|trend,107510,5375,0,537,http://example.com/thumb.jpg,False,False,Test description,youtube,youtube_trending_kaggle,False
vid_0032,Test Video 32,2022-12-23 00:00:00+00:00,chan_2,Channel 2,19,2022-12-29 00:00:00+00:00,test|video|trend,128201,6410,0,641,http://example.com/thumb.jpg,False,False,Test description,youtube,youtube_trending_kaggle,False
vid_0032,Test Video 32,2022-12-23 00:00:00+00:00,chan_2,Channel 2,22,2022-12-30 00:00:00+00:00,test|video|trend,152873,7643,0,764,http://example.com/thumb.jpg,False,False,Test description,youtube,youtube_trending_kaggle,False
vid_0032,Test Video 32,2022-12-23 00:00:00+00:00,chan_2,Channel 2,15,2022-12-31 00:00:00+00:00,test|video|trend,182294,9114,0,911,http://example.com/thumb.jpg,False,False,Test description,youtube,youtube_trending_kaggle,False
vid_0032,Test Video 32,2022-12-23 00:00:00+00:00,chan_2,Channel 2,13,2023-01-01 00:00:00+00:00,test|video|trend,217377,10868,0,1086,http://example.com/thumb.jpg,False,False,Test description,youtube,youtube_trending_kaggle,False
vid_0033,Test Video 33,2022-12-29 00:00:00+00:00,chan_3,Channel 3,16,2022-12-29 00:00:00+00:00,test|video|trend,1245,62,0,6,http://example.com/thumb.jpg,False,False,Test description,youtube,youtube_trending_kaggle,False
vid_0033,Test Video 33,2022-12-29 00:00:00+00:00,chan_3,Channel 3,2,2022-12-30 00:00:00+00:00,test|video|trend,1846,92,0,9,http://example.com/thumb.jpg,False,False,Test description,youtube,youtube_trending_kaggle,False
vid_0033,Test Video 33,2022-12-29 00:00:00+00:00,chan_3,Channel 3,7,2022-12-31 00:00:00+00:00,test|video|trend,2738,136,0,13,http://example.com/thumb.jpg,False,False,Test description,youtube,youtube_trending_kaggle,False
vid_0033,Test Video 33,2022-12-29 00:00:00+00:00,chan_3,Channel 3,2,2023-01-01 00:00:00+00:00,test|video|trend,4061,203,0,20,http://example.com/thumb.jpg,False,False,Test description,youtube,youtube_trending_kaggle,False
vid_0033,Test Video 33,2022-12-29 00:00:00+00:00,chan_3,Channel 3,29,2023-01-02 00:00:00+00:00,test|video|trend,6023,301,0,30,http://example.com/thumb.jpg,False,False,Test description,youtube,youtube_trending_kaggle,False
vid_0033,Test Video 33,2022-12-29 00:00:00+00:00,chan_3,Channel 3,3,2023-01-03 00:00:00+00:00,test|video|trend,8932,446,0,44,http://example.com/thumb.jpg,False,False,Test description,youtube,youtube_trending_kaggle,False
vid_0033,Test Video 33,2022-12-29 00:00:00+00:00,chan_3,Channel 3,17,2023-01-04 00:00:00+00:00,test|video|trend,13247,662,0,66,http://example.com/thumb.jpg,False,False,Test description,youtube,youtube_trending_kaggle,False
vid_0033,Test Video 33,2022-12-29 00:00:00+00:00,chan_3,Channel 3,10,2023-01-05 00:00:00+00:00,test|video|trend,19647,982,0,98,http://example.com/thumb.jpg,False,False,Test description,youtube,youtube_trending_kaggle,False
vid_0033,Test Video 33,2022-12-29 00:00:00+00:00,chan_3,Channel 3,1,2023-01-06 00:00:00+00:00,test|video|trend,29138,1456,0,145,http://example.com/thumb.jpg,False,False,Test description,youtube,youtube_trending_kaggle,False
vid_0033,Test Video 33,2022-12-29 00:00:00+00:00,chan_3,Channel 3,13,2023-01-07 00:00:00+00:00,test|video|trend,43215,2160,0,216,http://example.com/thumb.jpg,False,False,Test description,youtube,youtube_trending_kaggle,False
vid_0034,Test Video 34,2022-12-26 00:00:00+00:00,chan_4,Channel 4,5,2022-12-26 00:00:00+00:00,test|video|trend,8810,440,0,44,http://example.com/thumb.jpg,False,False,Test description,youtube,youtube_trending_kaggle,False
vid_0034,Test Video 34,2022-12-26 00:00:00+00:00,chan_4,Channel 4,2,2022-12-27 00:00:00+00:00,test|video|trend,9661,483,0,48,http://example.com/thumb.jpg,False,False,Test description,youtube,youtube_trending_kaggle,False
vid_0034,Test Video 34,2022-12-26 00:00:00+00:00,chan_4,Channel 4,20,2022-12-28 00:00:00+00:00,test|video|trend,10596,529,0,52,http://example.com/thumb.jpg,False,False,Test description,youtube,youtube_trending_kaggle,False
vid_0034,Test Video 34,2022-12-26 00:00:00+00:00,chan_4,Channel 4,5,2022-12-29 00:00:00+00:00,test|video|trend,11620,581,0,58,http://example.com/thumb.jpg,False,False,Test description,youtube,youtube_trending_kaggle,False
vid_0034,Test Video 34,2022-12-26 00:00:00+00:00,chan_4,Channel 4,9,2022-12-30 00:00:00+00:00,test|video|trend,12744,637,0,63,http://example.com/thumb.jpg,False,False,Test description,youtube,youtube_trending_kaggle,False
vid_0034,Test Video 34,2022-12-26 00:00:00+00:00,chan_4,Channel 4,24,2022-12-31 00:00:00+00:00,test|video|trend,13977,698,0,69,http://example.com/thumb.jpg,False,False,Test description,youtube,youtube_trending_kaggle,False
vid_0034,Test Video 34,2022-12-26 00:00:00+00:00,chan_4,Channel 4,8,2023-01-01 00:00:00+00:00,test|video|trend,15328,766,0,76,http://example.com/thumb.jpg,False,False,Test description,youtube,youtube_trending_kaggle,False
vid_0034,Test Video 34,2022-12-26 00:00:00+00:00,chan_4,Channel 4,27,2023-01-02 00:00:00+00:00,test|video|trend,16811,840,0,84,http://example.com/thumb.jpg,False,False,Test description,youtube,youtube_trending_kaggle,False
vid_0034,Test Video 34,2022-12-26 00:00:00+00:00,chan_4,Channel 4,25,2023-01-03 00:00:00+00:00,test|video|trend,18436,921,0,92,http://example.com/thumb.jpg,False,False,Test description,youtube,youtube_trending_kaggle,False
vid_0034,Test Video 34,2022-12-26 00:00:00+00:00,chan_4,Channel 4,7,2023-01-04 00:00:00+00:00,test|video|trend,20219,1010,0,101,http://example.com/thumb.jpg,False,False,Test description,youtube,youtube_trending_kaggle,False
vid_0035,Test Video 35,2022-12-23 00:00:00+00:00,chan_5,Channel 5,29,2022-12-23 00:00:00+00:00,test|video|trend,1921,96,0,9,http://example.com/thumb.jpg,False,False,Test description,youtube,youtube_trending_kaggle,False
vid_0035,Test Video 35,2022-12-23 00:00:00+00:00,chan_5,Channel 5,6,2022-12-24 00:00:00+00:00,test|video|trend,2019,100,0,10,http://example.com/thumb.jpg,False,False,Test description,youtube,youtube_trending_kaggle,False
vid_0035,Test Video 35,2022-12-23 00:00:00+00:00,chan_5,Channel 5,24,2022-12-25 00:00:00+00:00,test|video|trend,2122,106,0,10,http://example.com/thumb.jpg,False,False,Test description,youtube,youtube_trending_kaggle,False
vid_0035,Test Video 35,2022-12-23 00:00:00+00:00,chan_5,Channel 5,11,2022-12-26 00:00:00+00:00,test|video|trend,2230,111,0,11,http://example.com/thumb.jpg,False,False,Test description,youtube,youtube_trending_kaggle,False
vid_0035,Test Video 35,2022-12-23 00:00:00+00:00,chan_5,Channel 5,24,2022-12-27 00:00:00+00:00,test|video|trend,2344,117,0,11,http://example.com/thumb.jpg,False,False,Test description,youtube,youtube_trending_kaggle,False
vid_0035,Test Video 35,2022-12-23 00:00:00+00:00,chan_5,Channel 5,7,2022-12-28 00:00:00+00:00,test|video|trend,2464,123,0,12,http://example.com/thumb.jpg,False,False,Test description,youtube,youtube_trending_kaggle,False
vid_0035,Test Video 35,2022-12-23 00:00:00+00:00,chan_5,Channel 5,9,2022-12-29 00:00:00+00:00,test|video|trend,2590,129,0,12,http://example.com/thumb.jpg,False,False,Test description,youtube,youtube_trending_kaggle,False
vid_0035,Test Video 35,2022-12-23 00:00:00+00:00,chan_5,Channel 5,16,2022-12-30 00:00:00+00:00,test|video|trend,2722,136,0,13,http://example.com/thumb.jpg,False,False,Test description,youtube,youtube_trending_kaggle,False
vid_0035,Test Video 35,2022-12-23 00:00:00+00:00,chan_5,Channel 5,2,2022-12-31 00:00:00+00:00,test|video|trend,2861,143,0,14,http://example.com/thumb.jpg,False,False,Test description,youtube,youtube_trending_kaggle,False
vid_0035,Test Video 35,2022-12-23 00:00:00+00:00,chan_5,Channel 5,26,2023-01-01 00:00:00+00:00,test|video|trend,3008,150,0,15,http://example.com/thumb.jpg,False,False,Test description,youtube,youtube_trending_kaggle,False
vid_0036,Test Video 36,2022-12-30 00:00:00+00:00,chan_6,Channel 6,5,2022-12-30 00:00:00+00:00,test|video|trend,18332,916,0,91,http://example.com/thumb.jpg,False,False,Test description,youtube,youtube_trending_kaggle,False
vid_0036,Test Video 36,2022-12-30 00:00:00+00:00,chan_6,Channel 6,1,2022-12-31 00:00:00+00:00,test|video|trend,26681,1334,0,133,http://example.com/thumb.jpg,False,False,Test description,youtube,youtube_trending_kaggle,False
vid_0036,Test Video 36,2022-12-30 00:00:00+00:00,chan_6,Channel 6,5,2023-01-01 00:00:00+00:00,test|video|trend,38833,1941,0,194,http://example.com/thumb.jpg,False,False,Test description,youtube,youtube_trending_kaggle,False
vid_0036,Test Video 36,2022-12-30 00:00:00+00:00,chan_6,Channel 6,19,2023-01-02 00:00:00+00:00,test|video|trend,56520,2826,0,282,http://example.com/thumb.jpg,False,False,Test description,youtube,youtube_trending_kaggle,False
vid_0036,Test Video 36,2022-12-30 00:00:00+00:00,chan_6,Channel 6,13,2023-01-03 00:00:00+00:00,test|video|trend,82263,4113,0,411,http://example.com/thumb.jpg,False,False,Test description,youtube,youtube_trending_kaggle,False
vid_0036,Test Video 36,2022-12-30 00:00:00+00:00,chan_6,Channel 6,20,2023-01-04 00:00:00+00:00,test|video|trend,119730,5986,0,598,http://example.com/thumb.jpg,False,False,Test description,youtube,youtube_trending_kaggle,False
vid_0036,Test Video 36,2022-12-30 00:00:00+00:00,chan_6,Channel 6,17,2023-01-05 00:00:00+00:00,test|video|trend,174262,8713,0,871,http://example.com/thumb.jpg,False,False,Test description,youtube,youtube_trending_kaggle,False
vid_0036,Test Video 36,2022-12-30 00:00:00+00:00,chan_6,Channel 6,25,2023-01-06 00:00:00+00:00,test|video|trend,253631,12681,0,1268,http://example.com/thumb.jpg,False,False,Test description,youtube,youtube_trending_kaggle,False
vid_0036,Test Video 36,2022-12-30 00:00:00+00:00,chan_6,Channel 6,13,2023-01-07 00:00:00+00:00,test|video|trend,369149,18457,0,1845,http://example.com/thumb.jpg,False,False,Test description,youtube,youtube_trending_kaggle,False
vid_0036,Test Video 36,2022-12-30 00:00:00+00:00,chan_6,Channel 6,1,2023-01-08 00:00:00+00:00,test|video|trend,537281,26864,0,2686,http://example.com/thumb.jpg,False,False,Test description,youtube,youtube_trending_kaggle,False
vid_0037,Test Video 37,2022-12-25 00:00:00+00:00,chan_7,Channel 7,14,2022-12-25 00:00:00+00:00,test|video|trend,15067,753,0,75,http://example.com/thumb.jpg,False,False,Test description,youtube,youtube_trending_kaggle,False
vid_0037,Test Video 37,2022-12-25 00:00:00+00:00,chan_7,Channel 7,11,2022-12-26 00:00:00+00:00,test|video|trend,22436,1121,0,112,http://example.com/thumb.jpg,False,False,Test description,youtube,youtube_trending_kaggle,False
vid_0037,Test Video 37,2022-12-25 00:00:00+00:00,chan_7,Channel 7,2,2022-12-27 00:00:00+00:00,test|video|trend,33409,1670,0,167,http://example.com/thumb.jpg,False,False,Test description,youtube,youtube_trending_kaggle,False
vid_0037,Test Video 37,2022-12-25 00:00:00+00:00,chan_7,Channel 7,5,2022-12-28 00:00:00+00:00,test|video|trend,49750,2487,0,248,http://example.com/thumb.jpg,False,False,Test description,youtube,youtube_trending_kaggle,False
vid_0037,Test Video 37,2022-12-25 00:00:00+00:00,chan_7,Channel 7,23,2022-12-29 00:00:00+00:00,test|video|trend,74083,3704,0,370,http://example.com/thumb.jpg,False,False,Test description,youtube,youtube_trending_kaggle,False
vid_0037,Test Video 37,2022-12-25 00:00:00+00:00,chan_7,Channel 7,27,2022-12-30 00:00:00+00:00,test|video|trend,110317,5515,0,551,http://example.com/thumb.jpg,False,False,Test description,youtube,youtube_trending_kaggle,False
vid_0037,Test Video 37,2022-12-25 00:00:00+00:00,chan_7,Channel 7,20,2022-12-31 00:00:00+00:00,test|video|trend,164273,8213,0,821,http://example.com/thumb.jpg,False,False,Test description,youtube,youtube_trending_kaggle,False
vid_0037,Test Video 37,2022-12-25 00:00:00+00:00,chan_7,Channel 7,12,2023-01-01 00:00:00+00:00,test|video|trend,244619,12230,0,1223,http://example.com/thumb.jpg,False,False,Test description,youtube,youtube_trending_kaggle,False
vid_0037,Test Video 37,2022-12-25 00:00:00+00:00,chan_7,Channel 7,14,2023-01-02 00:00:00+00:00,test|video|trend,364262,18213,0,1821,http://example.com/thumb.jpg,False,False,Test description,youtube,youtube_trending_kaggle,False
vid_0037,Test Video 37,2022-12-25 00:00:00+00:00,chan_7,Channel 7,22,2023-01-03 00:00:00+00:00,test|video|trend,542422,27121,0,2712,http://example.com/thumb.jpg,False,False,Test description,youtube,youtube_trending_kaggle,False
vid_0038,Test Video 38,2022-12-29 00:00:00+00:00,chan_8,Channel 8,10,2022-12-29 00:00:00+00:00,test|video|trend,40640,2032,0,203,http://example.com/thumb.jpg,False,False,Test description,youtube,youtube_trending_kaggle,False
vid_0038,Test Video 38,2022-12-29 00:00:00+00:00,chan_8,Channel 8,6,2022-12-30 00:00:00+00:00,test|video|trend,58618,2930,0,293,http://example.com/thumb.jpg,False,False,Test description,youtube,youtube_trending_kaggle,False
vid_0038,Test Video 38,2022-12-29 00:00:00+00:00,chan_8,Channel 8,12,2022-12-31 00:00:00+00:00,test|video|trend,84551,4227,0,422,http://example.com/thumb.jpg,False,False,Test description,youtube,youtube_trending_kaggle,False
vid_0038,Test Video 38,2022-12-29 00:00:00+00:00,chan_8,Channel 8,29,2023-01-01 00:00:00+00:00,test|video|trend,121956,6097,0,609,http://example.com/thumb.jpg,False,False,Test description,youtube,youtube_trending_kaggle,False
vid_0038,Test Video 38,2022-12-29 00:00:00+00:00,chan_8,Channel 8,25,2023-01-02 00:00:00+00:00,test|video|trend,175908,8795,0,879,http://example.com/thumb.jpg,False,False,Test description,youtube,youtube_trending_kaggle,False
vid_0038,Test Video 38,2022-12-29 00:00:00+00:00,chan_8,Channel 8,22,2023-01-03 00:00:00+00:00,test|video|trend,253728,12686,0,1268,http://example.com/thumb.jpg,False,False,Test description,youtube,youtube_trending_kaggle,False
vid_0038,Test Video 38,2022-12-29 00:00:00+00:00,chan_8,Channel 8,12,2023-01-04 00:00:00+00:00,test|video|trend,365976,18298,0,1829,http://example.com/thumb.jpg,False,False,Test description,youtube,youtube_trending_kaggle,False
vid_0038,Test Video 38,2022-12-29 00:00:00+00:00,chan_8,Channel 8,25,2023-01-05 00:00:00+00:00,test|video|trend,527881,26394,0,2639,http://example.com/thumb.jpg,False,False,Test description,youtube,youtube_trending_kaggle,False
vid_0038,Test Video 38,2022-12-29 00:00:00+00:00,chan_8,Channel 8,23,2023-01-06 00:00:00+00:00,test|video|trend,761411,38070,0,3807,http://example.com/thumb.jpg,False,False,Test description,youtube,youtube_trending_kaggle,False
vid_0038,Test Video 38,2022-12-29 00:00:00+00:00,chan_8,Channel 8,8,2023-01-07 00:00:00+00:00,test|video|trend,1098253,54912,0,5491,http://example.com/thumb.jpg,False,False,Test description,youtube,youtube_trending_kaggle,False
vid_0039,Test Video 39,2022-12-26 00:00:00+00:00,chan_9,Channel 9,24,2022-12-26 00:00:00+00:00,test|video|trend,31673,1583,0,158,http://example.com/thumb.jpg,False,False,Test description,youtube,youtube_trending_kaggle,False
vid_0039,Test Video 39,2022-12-26 00:00:00+00:00,chan_9,Channel 9,15,2022-12-27 00:00:00+00:00,test|video|trend,46952,2347,0,234,http://example.com/thumb.jpg,False,False,Test description,youtube,youtube_trending_kaggle,False
vid_0039,Test Video 39,2022-12-26 00:00:00+00:00,chan_9,Channel 9,10,2022-12-28 00:00:00+00:00,test|video|trend,69603,3480,0,348,http://example.com/thumb.jpg,False,False,Test description,youtube,youtube_trending_kaggle,False
vid_0039,Test Video 39,2022-12-26 00:00:00+00:00,chan_9,Channel 9,25,2022-12-29 00:00:00+00:00,test|video|trend,103182,5159,0,515,http://example.com/thumb.jpg,False,False,Test description,youtube,youtube_trending_kaggle,False
vid_0039,Test Video 39,2022-12-26 00:00:00+00:00,chan_9,Channel 9,3,2022-12-30 00:00:00+00:00,test|video|trend,152960,7648,0,764,http://example.com/thumb.jpg,False,False,Test description,youtube,youtube_trending_kaggle,False
vid_0039,Test Video 39,2022-12-26 00:00:00+00:00,chan_9,Channel 9,6,2022-12-31 00:00:00+00:00,test|video|trend,226752,11337,0,1133,http://example.com/thumb.jpg,False,False,Test description,youtube,youtube_trending_kaggle,False
vid_0039,Test Video 39,2022-12-26 00:00:00+00:00,chan_9,Channel 9,19,2023-01-01 00:00:00+00:00,test|video|trend,336142,16807,0,1680,http://example.com/thumb.jpg,False,False,Test description,youtube,youtube_trending_kaggle,False
vid_0039,Test Video 39,2022-12-26 00:00:00+00:00,chan_9,Channel 9,14,2023-01-02 00:00:00+00:00,test|video|trend,498306,24915,0,2491,http://example.com/thumb.jpg,False,False,Test description,youtube,youtube_trending_kaggle,False
vid_0039,Test Video 39,2022-12-26 00:00:00+00:00,chan_9,Channel 9,13,2023-01-03 00:00:00+00:00,test|video|trend,738701,36935,0,3693,http://example.com/thumb.jpg,False,False,Test description,youtube,youtube_trending_kaggle,False
vid_0039,Test Video 39,2022-12-26 00:00:00+00:00,chan_9,Channel 9,18,2023-01-04 00:00:00+00:00,test|video|trend,1095068,54753,0,5475,http://example.com/thumb.jpg,False,False,Test description,youtube,youtube_trending_kaggle,False
vid_0040,Test Video 40,2022-12-29 00:00:00+00:00,chan_0,Channel 0,3,2022-12-29 00:00:00+00:00,test|video|trend,12930,646,0,64,http://example.com/thumb.jpg,False,False,Test description,youtube,youtube_trending_kaggle,False
vid_0040,Test Video 40,2022-12-29 00:00:00+00:00,chan_0,Channel 0,14,2022-12-30 00:00:00+00:00,test|video|trend,18320,916,0,91,http://example.com/thumb.jpg,False,False,Test description,youtube,youtube_trending_kaggle,False
vid_0040,Test Video 40,2022-12-29 00:00:00+00:00,chan_0,Channel 0,8,2022-12-31 00:00:00+00:00,test|video|trend,25958,1297,0,129,http://example.com/thumb.jpg,False,False,Test description,youtube,youtube_trending_kaggle,False
vid_0040,Test Video 40,2022-12-29 00:00:00+00:00,chan_0,Channel 0,22,2023-01-01 00:00:00+00:00,test|video|trend,36781,1839,0,183,http://example.com/thumb.jpg,False,False,Test description,youtube,youtube_trending_kaggle,False
vid_0040,Test Video 40,2022-12-29 00:00:00+00:00,chan_0,Channel 0,11,2023-01-02 00:00:00+00:00,test|video|trend,52115,2605,0,260,http://example.com/thumb.jpg,False,False,Test description,youtube,youtube_trending_kaggle,False
vid_0040,Test Video 40,2022-12-29 00:00:00+00:00,chan_0,Channel 0,29,2023-01-03 00:00:00+00:00,test|video|trend,73842,3692,0,369,http://example.com/thumb.jpg,False,False,Test description,youtube,youtube_trending_kaggle,False
vid_0040,Test Video 40,2022-12-29 00:00:00+00:00,chan_0,Channel 0,3,2023-01-04 00:00:00+00:00,test|video|trend,104628,5231,0,523,http://example.com/thumb.jpg,False,False,Test description,youtube,youtube_trending_kaggle,False
vid_0040,Test Video 40,2022-12-29 00:00:00+00:00,chan_0,Channel 0,14,2023-01-05 00:00:00+00:00,test|video|trend,148249,7412,0,741,http://example.com/thumb.jpg,False,False,Test description,youtube,youtube_trending_kaggle,False
vid_0040,Test Video 40,2022-12-29 00:00:00+00:00,chan_0,Channel 0,14,2023-01-06 00:00:00+00:00,test|video|trend,210055,10502,0,1050,http://example.com/thumb.jpg,False,False,Test description,youtube,youtube_trending_kaggle,False
vid_0040,Test Video 40,2022-12-29 00:00:00+00:00,chan_0,Channel 0,2,2023-01-07 00:00:00+00:00,test|video|trend,297630,14881,0,1488,http://example.com/thumb.jpg,False,False,Test description,youtube,youtube_trending_kaggle,False
vid_0041,Test Video 41,2022-12-26 00:00:00+00:00,chan_1,Channel 1,4,2022-12-26 00:00:00+00:00,test|video|trend,18387,919,0,91,http://example.com/thumb.jpg,False,False,Test description,youtube,youtube_trending_kaggle,False
vid_0041,Test Video 41,2022-12-26 00:00:00+00:00,chan_1,Channel 1,26,2022-12-27 00:00:00+00:00,test|video|trend,19936,996,0,99,http://example.com/thumb.jpg,False,False,Test description,youtube,youtube_trending_kaggle,False
vid_0041,Test Video 41,2022-12-26 00:00:00+00:00,chan_1,Channel 1,24,2022-12-28 00:00:00+00:00,test|video|trend,21615,1080,0,108,http://example.com/thumb.jpg,False,False,Test description,youtube,youtube_trending_kaggle,False
vid_0041,Test Video 41,2022-12-26 00:00:00+00:00,chan_1,Channel 1,26,2022-12-29 00:00:00+00:00,test|video|trend,23436,1171,0,117,http://example.com/thumb.jpg,False,False,Test description,youtube,youtube_trending_kaggle,False
vid_0041,Test Video 41,2022-12-26 00:00:00+00:00,chan_1,Channel 1,12,2022-12-30 00:00:00+00:00,test|video|trend,25411,1270,0,127,http://example.com/thumb.jpg,False,False,Test description,youtube,youtube_trending_kaggle,False
vid_0041,Test Video 41,2022-12-26 00:00:00+00:00,chan_1,Channel 1,9,2022-12-31 00:00:00+00:00,test|video|trend,27552,1377,0,137,http://example.com/thumb.jpg,False,False,Test description,youtube,youtube_trending_kaggle,False
vid_0041,Test Video 41,2022-12-26 00:00:00+00:00,chan_1,Channel 1,19,2023-01-01 00:00:00+00:00,test|video|trend,29873,1493,0,149,http://example.com/thumb.jpg,False,False,Test description,youtube,youtube_trending_kaggle,False
vid_0041,Test Video 41,2022-12-26 00:00:00+00:00,chan_1,Channel 1,19,2023-01-02 00:00:00+00:00,test|video|trend,32390,1619,0,161,http://example.com/thumb.jpg,False,False,Test description,youtube,youtube_trending_kaggle,False
vid_0041,Test Video 41,2022-12-26 00:00:00+00:00,chan_1,Channel 1,17,2023-01-03 00:00:00+00:00,test|video|trend,35119,1755,0,175,http://example.com/thumb.jpg,False,False,Test description,youtube,youtube_trending_kaggle,False
vid_0041,Test Video 41,2022-12-26 00:00:00+00:00,chan_1,Channel 1,7,2023-01-04 00:00:00+00:00,test|video|trend,38078,1903,0,190,http://example.com/thumb.jpg,False,False,Test description,youtube,youtube_trending_kaggle,False
vid_0042,Test Video 42,2022-12-26 00:00:00+00:00,chan_2,Channel 2,11,2022-12-26 00:00:00+00:00,test|video|trend,33047,1652,0,165,http://example.com/thumb.jpg,False,False,Test description,youtube,youtube_trending_kaggle,False
vid_0042,Test Video 42,2022-12-26 00:00:00+00:00,chan_2,Channel 2,4,2022-12-27 00:00:00+00:00,test|video|trend,46844,2342,0,234,http://example.com/thumb.jpg,False,False,Test description,youtube,youtube_trending_kaggle,False
vid_0042,Test Video 42,2022-12-26 00:00:00+00:00,chan_2,Channel 2,23,2022-12-28 00:00:00+00:00,test|video|trend,66401,3320,0,332,http://example.com/thumb.jpg,False,False,Test description,youtube,youtube_trending_kaggle,False
vid_0042,Test Video 42,2022-12-26 00:00:00+00:00,chan_2,Channel 2,26,2022-12-29 00:00:00+00:00,test|video|trend,94124,4706,0,470,http://example.com/thumb.jpg,False,False,Test description,youtube,youtube_trending_kaggle,False
vid_0042,Test Video 42,2022-12-26 00:00:00+00:00,chan_2,Channel 2,4,2022-12-30 00:00:00+00:00,test|video|trend,133420,6671,0,667,http://example.com/thumb.jpg,False,False,Test description,youtube,youtube_trending_kaggle,False
vid_0042,Test Video 42,2022-12-26 00:00:00+00:00,chan_2,Channel 2,14,2022-12-31 00:00:00+00:00,test|video|trend,189123,9456,0,945,http://example.com/thumb.jpg,False,False,Test description,youtube,youtube_trending_kaggle,False
vid_0042,Test Video 42,2022-12-26 00:00:00+00:00,chan_2,Channel 2,18,2023-01-01 00:00:00+00:00,test|video|trend,268082,13404,0,1340,http://example.com/thumb.jpg,False,False,Test description,youtube,youtube_trending_kaggle,False
vid_0042,Test Video 42,2022-12-26 00:00:00+00:00,chan_2,Channel 2,3,2023-01-02 00:00:00+00:00,test|video|trend,380007,19000,0,1900,http://example.com/thumb.jpg,False,False,Test description,youtube,youtube_trending_kaggle,False
vid_0042,Test Video 42,2022-12-26 00:00:00+00:00,chan_2,Channel 2,5,2023-01-03 00:00:00+00:00,test|video|trend,538660,26933,0,2693,http://example.com/thumb.jpg,False,False,Test description,youtube,youtube_trending_kaggle,False
vid_0042,Test Video 42,2022-12-26 00:00:00+00:00,chan_2,Channel 2,16,2023-01-04 00:00:00+00:00,test|video|trend,763550,38177,0,3817,http://example.com/thumb.jpg,False,False,Test description,youtube,youtube_trending_kaggle,False
vid_0043,Test Video 43,2022-12-27 00:00:00+00:00,chan_3,Channel 3,9,2022-12-27 00:00:00+00:00,test|video|trend,15350,767,0,76,http://example.com/thumb.jpg,False,False,Test description,youtube,youtube_trending_kaggle,False
vid_0043,Test Video 43,2022-12-27 00:00:00+00:00,chan_3,Channel 3,12,2022-12-28 00:00:00+00:00,test|video|trend,19371,968,0,96,http://example.com/thumb.jpg,False,False,Test description,youtube,youtube_trending_kaggle,False
vid_0043,Test Video 43,2022-12-27 00:00:00+00:00,chan_3,Channel 3,22,2022-12-29 00:00:00+00:00,test|video|trend,24445,1222,0,122,http://example.com/thumb.jpg,False,False,Test description,youtube,youtube_trending_kaggle,False
vid_0043,Test Video 43,2022-12-27 00:00:00+00:00,chan_3,Channel 3,18,2022-12-30 00:00:00+00:00,test|video|trend,30850,1542,0,154,http://example.com/thumb.jpg,False,False,Test description,youtube,youtube_trending_kaggle,False
vid_0043,Test Video 43,2022-12-27 00:00:00+00:00,chan_3,Channel 3,23,2022-12-31 00:00:00+00:00,test|video|trend,38931,1946,0,194,http://example.com/thumb.jpg,False,False,Test description,youtube,youtube_trending_kaggle,False
vid_0043,Test Video 43,2022-12-27 00:00:00+00:00,chan_3,Channel 3,19,2023-01-01 00:00:00+00:00,test|video|trend,49130,2456,0,245,http://example.com/thumb.jpg,False,False,Test description,youtube,youtube_trending_kaggle,False
vid_0043,Test Video 43,2022-12-27 00:00:00+00:00,chan_3,Channel 3,8,2023-01-02 00:00:00+00:00,test|video|trend,62001,3100,0,310,http://example.com/thumb.jpg,False,False,Test description,youtube,youtube_trending_kaggle,False
vid_0043,Test Video 43,2022-12-27 00:00:00+00:00,chan_3,Channel 3,22,2023-01-03 00:00:00+00:00,test|video|trend,78244,3912,0,391,http://example.com/thumb.jpg,False,False,Test description,youtube,youtube_trending_kaggle,False
vid_0043,Test Video 43,2022-12-27 00:00:00+00:00,chan_3,Channel 3,11,2023-01-04 00:00:00+00:00,test|video|trend,98742,4937,0,493,http://example.com/thumb.jpg,False,False,Test description,youtube,youtube_trending_kaggle,False
vid_0043,Test Video 43,2022-12-27 00:00:00+00:00,chan_3,Channel 3,2,2023-01-05 00:00:00+00:00,test|video|trend,124609,6230,0,623,http://example.com/thumb.jpg,False,False,Test description,youtube,youtube_trending_kaggle,False
vid_0044,Test Video 44,2022-12-29 00:00:00+00:00,chan_4,Channel 4,4,2022-12-29 00:00:00+00:00,test|video|trend,15514,775,0,77,http://example.com/thumb.jpg,False,False,Test description,youtube,youtube_trending_kaggle,False
vid_0044,Test Video 44,2022-12-29 00:00:00+00:00,chan_4,Channel 4,20,2022-12-30 00:00:00+00:00,test|video|trend,20515,1025,0,102,http://example.com/thumb.jpg,False,False,Test description,youtube,youtube_trending_kaggle,False
vid_0044,Test Video 44,2022-12-29 00:00:00+00:00,chan_4,Channel 4,1,2022-12-31 00:00:00+00:00,test|video|trend,27128,1356,0,135,http://example.com/thumb.jpg,False,False,Test description,youtube,youtube_trending_kaggle,False
vid_0044,Test Video 44,2022-12-29 00:00:00+00:00,chan_4,Channel 4,25,2023-01-01 00:00:00+00:00,test|video|trend,35874,1793,0,179,http://example.com/thumb.jpg,False,False,Test description,youtube,youtube_trending_kaggle,False
vid_0044,Test Video 44,2022-12-29 00:00:00+00:00,chan_4,Channel 4,27,2023-01-02 00:00:00+00:00,test|video|trend,47439,2371,0,237,http://example.com/thumb.jpg,False,False,Test description,youtube,youtube_trending_kaggle,False
vid_0044,Test Video 44,2022-12-29 00:00:00+00:00,chan_4,Channel 4,1,2023-01-03 00:00:00+00:00,test|video|trend,62732,3136,0,313,http://example.com/thumb.jpg,False,False,Test description,youtube,youtube_trending_kaggle,False
vid_0044,Test Video 44,2022-12-29 00:00:00+00:00,chan_4,Channel 4,28,2023-01-04 00:00:00+00:00,test|video|trend,82955,4147,0,414,http://example.com/thumb.jpg,False,False,Test description,youtube,youtube_trending_kaggle,False
vid_0044,Test Video 44,2022-12-29 00:00:00+00:00,chan_4,Channel 4,19,2023-01-05 00:00:00+00:00,test|video|trend,109698,5484,0,548,http://example.com/thumb.jpg,False,False,Test description,youtube,youtube_trending_kaggle,False
vid_0044,Test Video 44,2022-12-29 00:00:00+00:00,chan_4,Channel 4,11,2023-01-06 00:00:00+00:00,test|video|trend,145061,7253,0,725,http://example.com/thumb.jpg,False,False,Test description,youtube,youtube_trending_kaggle,False
vid_0044,Test Video 44,2022-12-29 00:00:00+00:00,chan_4,Channel 4,14,2023-01-07 00:00:00+00:00,test|video|trend,191825,9591,0,959,http://example.com/thumb.jpg,False,False,Test description,youtube,youtube_trending_kaggle,False
vid_0045,Test Video 45,2022-12-27 00:00:00+00:00,chan_5,Channel 5,7,2022-12-27 00:00:00+00:00,test|video|trend,49165,2458,0,245,http://example.com/thumb.jpg,False,False,Test description,youtube,youtube_trending_kaggle,False
vid_0045,Test Video 45,2022-12-27 00:00:00+00:00,chan_5,Channel 5,26,2022-12-28 00:00:00+00:00,test|video|trend,59809,2990,0,299,http://example.com/thumb.jpg,False,False,Test description,youtube,youtube_trending_kaggle,False
vid_0045,Test Video 45,2022-12-27 00:00:00+00:00,chan_5,Channel 5,15,2022-12-29 00:00:00+00:00,test|video|trend,72759,3637,0,363,http://example.com/thumb.jpg,False,False,Test description,youtube,youtube_trending_kaggle,False
vid_0045,Test Video 45,2022-12-27 00:00:00+00:00,chan_5,Channel 5,12,2022-12-30 00:00:00+00:00,test|video|trend,88512,4425,0,442,http://example.com/thumb.jpg,False,False,Test description,youtube,youtube_trending_kaggle,False
vid_0045,Test Video 45,2022-12-27 00:00:00+00:00,chan_5,Channel 5,10,2022-12-31 00:00:00+00:00,test|video|trend,107676,5383,0,538,http://example.com/thumb.jpg,False,False,Test description,youtube,youtube_trending_kaggle,False
vid_0045,Test Video 45,2022-12-27 00:00:00+00:00,chan_5,Channel 5,19,2023-01-01 00:00:00+00:00,test|video|trend,130989,6549,0,654,http://example.com/thumb.jpg,False,False,Test description,youtube,youtube_trending_kaggle,False
vid_0045,Test Video 45,2022-12-27 00:00:00+00:00,chan_5,Channel 5,18,2023-01-02 00:00:00+00:00,test|video|trend,159350,7967,0,796,http://example.com/thumb.jpg,False,False,Test description,youtube,youtube_trending_kaggle,False
vid_0045,Test Video 45,2022-12-27 00:00:00+00:00,chan_5,Channel 5,11,2023-01-03 00:00:00+00:00,test|video|trend,193852,9692,0,969,http://example.com/thumb.jpg,False,False,Test description,youtube,youtube_trending_kaggle,False
vid_0045,Test Video 45,2022-12-27 00:00:00+00:00,chan_5,Channel 5,13,2023-01-04 00:00:00+00:00,test|video|trend,235823,11791,0,1179,http://example.com/thumb.jpg,False,False,Test description,youtube,youtube_trending_kaggle,False
vid_0045,Test Video 45,2022-12-27 00:00:00+00:00,chan_5,Channel 5,24,2023-01-05 00:00:00+00:00,test|video|trend,286882,14344,0,1434,http://example.com/thumb.jpg,False,False,Test description,youtube,youtube_trending_kaggle,False
vid_0046,Test Video 46,2022-12-28 00:00:00+00:00,chan_6,Channel 6,16,2022-12-28 00:00:00+00:00,test|video|trend,35118,1755,0,175,http://example.com/thumb.jpg,False,False,Test description,youtube,youtube_trending_kaggle,False
vid_0046,Test Video 46,2022-12-28 00:00:00+00:00,chan_6,Channel 6,16,2022-12-29 00:00:00+00:00,test|video|trend,42627,2131,0,213,http://example.com/thumb.jpg,False,False,Test description,youtube,youtube_trending_kaggle,False
vid_0046,Test Video 46,2022-12-28 00:00:00+00:00,chan_6,Channel 6,26,2022-12-30 00:00:00+00:00,test|video|trend,51741,2587,0,258,http://example.com/thumb.jpg,False,False,Test description,youtube,youtube_trending_kaggle,False
vid_0046,Test Video 46,2022-12-28 00:00:00+00:00,chan_6,Channel 6,12,2022-12-31 00:00:00+00:00,test|video|trend,62805,3140,0,314,http://example.com/thumb.jpg,False,False,Test description,youtube,youtube_trending_kaggle,False
vid_0046,Test Video 46,2022-12-28 00:00:00+00:00,chan_6,Channel 6,21,2023-01-01 00:00:00+00:00,test|video|trend,76235,3811,0,381,http://example.com/thumb.jpg,False,False,Test description,youtube,youtube_trending_kaggle,False
vid_0046,Test Video 46,2022-12-28 00:00:00+00:00,chan_6,Channel 6,2,2023-01-02 00:00:00+00:00,test|video|trend,92536,4626,0,462,http://example.com/thumb.jpg,False,False,Test description,youtube,youtube_trending_kaggle,False
vid_0046,Test Video 46,2022-12-28 00:00:00+00:00,chan_6,Channel 6,13,2023-01-03 00:00:00+00:00,test|video|trend,112323,5616,0,561,http://example.com/thumb.jpg,False,False,Test description,youtube,youtube_trending_kaggle,False
vid_0046,Test Video 46,2022-12-28 00:00:00+00:00,chan_6,Channel 6,20,2023-01-04 00:00:00+00:00,test|video|trend,136341,6817,0,681,http://example.com/thumb.jpg,False,False,Test description,youtube,youtube_trending_kaggle,False
vid_0046,Test Video 46,2022-12-28 00:00:00+00:00,chan_6,Channel 6,18,2023-01-05 00:00:00+00:00,test|video|trend,165494,8274,0,827,http://example.com/thumb.jpg,False,False,Test description,youtube,youtube_trending_kaggle,False
vid_0046,Test Video 46,2022-12-28 00:00:00+00:00,chan_6,Channel 6,10,2023-01-06 00:00:00+00:00,test|video|trend,200881,10044,0,1004,http://example.com/thumb.jpg,False,False,Test description,youtube,youtube_trending_kaggle,False
vid_0047,Test Video 47,2022-12-24 00:00:00+00:00,chan_7,Channel 7,26,2022-12-24 00:00:00+00:00,test|video|trend,41766,2088,0,208,http://example.com/thumb.jpg,False,False,Test description,youtube,youtube_trending_kaggle,False
vid_0047,Test Video 47,2022-12-24 00:00:00+00:00,chan_7,Channel 7,12,2022-12-25 00:00:00+00:00,test|video|trend,44605,2230,0,223,http://example.com/thumb.jpg,False,False,Test description,youtube,youtube_trending_kaggle,False
vid_0047,Test Video 47,2022-12-24 00:00:00+00:00,chan_7,Channel 7,16,2022-12-26 00:00:00+00:00,test|video|trend,47637,2381,0,238,http://example.com/thumb.jpg,False,False,Test description,youtube,youtube_trending_kaggle,False
vid_0047,Test Video 47,2022-12-24 00:00:00+00:00,chan_7,Channel 7,25,2022-12-27 00:00:00+00:00,test|video|trend,50875,2543,0,254,http://example.com/thumb.jpg,False,False,Test description,youtube,youtube_trending_kaggle,False
vid_0047,Test Video 47,2022-12-24 00:00:00+00:00,chan_7,Channel 7,6,2022-12-28 00:00:00+00:00,test|video|trend,54333,2716,0,271,http://example.com/thumb.jpg,False,False,Test description,youtube,youtube_trending_kaggle,False
vid_0047,Test Video 47,2022-12-24 00:00:00+00:00,chan_7,Channel 7,8,2022-12-29 00:00:00+00:00,test|video|trend,58026,2901,0,290,http://example.com/thumb.jpg,False,False,Test description,youtube,youtube_trending_kaggle,False
vid_0047,Test Video 47,2022-12-24 00:00:00+00:00,chan_7,Channel 7,24,2022-12-30 00:00:00+00:00,test|video|trend,61971,3098,0,309,http://example.com/thumb.jpg,False,False,Test description,youtube,youtube_trending_kaggle,False
vid_0047,Test Video 47,2022-12-24 00:00:00+00:00,chan_7,Channel 7,24,2022-12-31 00:00:00+00:00,test|video|trend,66183,3309,0,330,http://example.com/thumb.jpg,False,False,Test description,youtube,youtube_trending_kaggle,False
vid_0047,Test Video 47,2022-12-24 00:00:00+00:00,chan_7,Channel 7,28,2023-01-01 00:00:00+00:00,test|video|trend,70682,3534,0,353,http://example.com/thumb.jpg,False,False,Test description,youtube,youtube_trending_kaggle,False
vid_0047,Test Video 47,2022-12-24 00:00:00+00:00,chan_7,Channel 7,16,2023-01-02 00:00:00+00:00,test|video|trend,75486,3774,0,377,http://example.com/thumb.jpg,False,False,Test description,youtube,youtube_trending_kaggle,False
vid_0048,Test Video 48,2022-12-26 00:00:00+00:00,chan_8,Channel 8,21,2022-12-26 00:00:00+00:00,test|video|trend,18583,929,0,92,http://example.com/thumb.jpg,False,False,Test description,youtube,youtube_trending_kaggle,False
vid_0048,Test Video 48,2022-12-26 00:00:00+00:00,chan_8,Channel 8,1,2022-12-27 00:00:00+00:00,test|video|trend,26292,1314,0,131,http://example.com/thumb.jpg,False,False,Test description,youtube,youtube_trending_kaggle,False
vid_0048,Test Video 48,2022-12-26 00:00:00+00:00,chan_8,Channel 8,18,2022-12-28 00:00:00+00:00,test|video|trend,37199,1859,0,185,http://example.com/thumb.jpg,False,False,Test description,youtube,youtube_trending_kaggle,False
vid_0048,Test Video 48,2022-12-26 00:00:00+00:00,chan_8,Channel 8,24,2022-12-29 00:00:00+00:00,test|video|trend,52632,2631,0,263,http://example.com/thumb.jpg,False,False,Test description,youtube,youtube_trending_kaggle,False
vid_0048,Test Video 48,2022-12-26 00:00:00+00:00,chan_8,Channel 8,8,2022-12-30 00:00:00+00:00,test|video|trend,74467,3723,0,372,http://example.com/thumb.jpg,False,False,Test description,youtube,youtube_trending_kaggle,False
vid_0048,Test Video 48,2022-12-26 00:00:00+00:00,chan_8,Channel 8,15,2022-12-31 00:00:00+00:00,test|video|trend,105361,5268,0,526,http://example.com/thumb.jpg,False,False,Test description,youtube,youtube_trending_kaggle,False
vid_0048,Test Video 48,2022-12-26 00:00:00+00:00,chan_8,Channel 8,28,2023-01-01 00:00:00+00:00,test|video|trend,149071,7453,0,745,http://example.com/thumb.jpg,False,False,Test description,youtube,youtube_trending_kaggle,False
vid_0048,Test Video 48,2022-12-26 00:00:00+00:00,chan_8,Channel 8,6,2023-01-02 00:00:00+00:00,test|video|trend,210914,10545,0,1054,http://example.com/thumb.jpg,False,False,Test description,youtube,youtube_trending_kaggle,False
vid_0048,Test Video 48,2022-12-26 00:00:00+00:00,chan_8,Channel 8,17,2023-01-03 00:00:00+00:00,test|video|trend,298414,14920,0,1492,http://example.com/thumb.jpg,False,False,Test description,youtube,youtube_trending_kaggle,False
vid_0048,Test Video 48,2022-12-26 00:00:00+00:00,chan_8,Channel 8,2,2023-01-04 00:00:00+00:00,test|video|trend,422214,21110,0,2111,http://example.com/thumb.jpg,False,False,Test description,youtube,youtube_trending_kaggle,False
vid_0049,Test Video 49,2022-12-29 00:00:00+00:00,chan_9,Channel 9,8,2022-12-29 00:00:00+00:00,test|video|trend,1204,60,0,6,http://example.com/thumb.jpg,False,False,Test description,youtube,youtube_trending_kaggle,False
vid_0049,Test Video 49,2022-12-29 00:00:00+00:00,chan_9,Channel 9,19,2022-12-30 00:00:00+00:00,test|video|trend,1405,70,0,7,http://example.com/thumb.jpg,False,False,Test description,youtube,youtube_trending_kaggle,False
vid_0049,Test Video 49,2022-12-29 00:00:00+00:00,chan_9,Channel 9,7,2022-12-31 00:00:00+00:00,test|video|trend,1641,82,0,8,http://example.com/thumb.jpg,False,False,Test description,youtube,youtube_trending_kaggle,False
vid_0049,Test Video 49,2022-12-29 00:00:00+00:00,chan_9,Channel 9,14,2023-01-01 00:00:00+00:00,test|video|trend,1915,95,0,9,http://example.com/thumb.jpg,False,False,Test description,youtube,youtube_trending_kaggle,False
vid_0049,Test Video 49,2022-12-29 00:00:00+00:00,chan_9,Channel 9,8,2023-01-02 00:00:00+00:00,test|video|trend,2236,111,0,11,http://example.com/thumb.jpg,False,False,Test description,youtube,youtube_trending_kaggle,False
vid_0049,Test Video 49,2022-12-29 00:00:00+00:00,chan_9,Channel 9,3,2023-01-03 00:00:00+00:00,test|video|trend,2611,130,0,13,http://example.com/thumb.jpg,False,False,Test description,youtube,youtube_trending_kaggle,False
vid_0049,Test Video 49,2022-12-29 00:00:00+00:00,chan_9,Channel 9,23,2023-01-04 00:00:00+00:00,test|video|trend,3048,152,0,15,http://example.com/thumb.jpg,False,False,Test description,youtube,youtube_trending_kaggle,False
vid_0049,Test Video 49,2022-12-29 00:00:00+00:00,chan_9,Channel 9,9,2023-01-05 00:00:00+00:00,test|video|trend,3559,177,0,17,http://example.com/thumb.jpg,False,False,Test description,youtube,youtube_trending_kaggle,False
vid_0049,Test Video 49,2022-12-29 00:00:00+00:00,chan_9,Channel 9,8,2023-01-06 00:00:00+00:00,test|video|trend,4155,207,0,20,http://example.com/thumb.jpg,False,False,Test description,youtube,youtube_trending_kaggle,False
vid_0049,Test Video 49,2022-12-29 00:00:00+00:00,chan_9,Channel 9,13,2023-01-07 00:00:00+00:00,test|video|trend,4851,242,0,24,http://example.com/thumb.jpg,False,False,Test description,youtube,youtube_trending_kaggle,False
vid_0050,Test Video 50,2022-12-31 00:00:00+00:00,chan_0,Channel 0,12,2022-12-31 00:00:00+00:00,test|video|trend,38153,1907,0,190,http://example.com/thumb.jpg,False,False,Test description,youtube,youtube_trending_kaggle,False
vid_0050,Test Video 50,2022-12-31 00:00:00+00:00,chan_0,Channel 0,20,2023-01-01 00:00:00+00:00,test|video|trend,51958,2597,0,259,http://example.com/thumb.jpg,False,False,Test description,youtube,youtube_trending_kaggle,False
vid_0050,Test Video 50,2022-12-31 00:00:00+00:00,chan_0,Channel 0,4,2023-01-02 00:00:00+00:00,test|video|trend,70760,3538,0,353,http://example.com/thumb.jpg,False,False,Test description,youtube,youtube_trending_kaggle,False
vid_0050,Test Video 50,2022-12-31 00:00:00+00:00,chan_0,Channel 0,15,2023-01-03 00:00:00+00:00,test|video|trend,96366,4818,0,481,http://example.com/thumb.jpg,False,False,Test description,youtube,youtube_trending_kaggle,False
vid_0050,Test Video 50,2022-12-31 00:00:00+00:00,chan_0,Channel 0,23,2023-01-04 00:00:00+00:00,test|video|trend,131236,6561,0,656,http://example.com/thumb.jpg,False,False,Test description,youtube,youtube_trending_kaggle,False
vid_0050,Test Video 50,2022-12-31 00:00:00+00:00,chan_0,Channel 0,6,2023-01-05 00:00:00+00:00,test|video|trend,178725,8936,0,893,http://example.com/thumb.jpg,False,False,Test description,youtube,youtube_trending_kaggle,False
vid_0050,Test Video 50,2022-12-31 00:00:00+00:00,chan_0,Channel 0,23,2023-01-06 00:00:00+00:00,test|video|trend,243399,12169,0,1216,http://example.com/thumb.jpg,False,False,Test description,youtube,youtube_trending_kaggle,False
vid_0050,Test Video 50,2022-12-31 00:00:00+00:00,chan_0,Channel 0,9,2023-01-07 00:00:00+00:00,test|video|trend,331475,16573,0,1657,http://example.com/thumb.jpg,False,False,Test description,youtube,youtube_trending_kaggle,False
vid_0050,Test Video 50,2022-12-31 00:00:00+00:00,chan_0,Channel 0,17,2023-01-08 00:00:00+00:00,test|video|trend,451421,22571,0,2257,http://example.com/thumb.jpg,False,False,Test description,youtube,youtube_trending_kaggle,False
vid_0050,Test Video 50,2022-12-31 00:00:00+00:00,chan_0,Channel 0,24,2023-01-09 00:00:00+00:00,test|video|trend,614772,30738,0,3073,http://example.com/thumb.jpg,False,False,Test description,youtube,youtube_trending_kaggle,False
vid_0051,Test Video 51,2022-12-30 00:00:00+00:00,chan_1,Channel 1,22,2022-12-30 00:00:00+00:00,test|video|trend,22295,1114,0,111,http://example.com/thumb.jpg,False,False,Test description,youtube,youtube_trending_kaggle,False
vid_0051,Test Video 51,2022-12-30 00:00:00+00:00,chan_1,Channel 1,26,2022-12-31 00:00:00+00:00,test|video|trend,29875,1493,0,149,http://example.com/thumb.jpg,False,False,Test description,youtube,youtube_trending_kaggle,False
vid_0051,Test Video 51,2022-12-30 00:00:00+00:00,chan_1,Channel 1,11,2023-01-01 00:00:00+00:00,test|video|trend,40034,2001,0,200,http://example.com/thumb.jpg,False,False,Test description,youtube,youtube_trending_kaggle,False
vid_0051,Test Video 51,2022-12-30 00:00:00+00:00,chan_1,Channel 1,14,2023-01-02 00:00:00+00:00,test|video|trend,53646,2682,0,268,http://example.com/thumb.jpg,False,False,Test description,youtube,youtube_trending_kaggle,False
vid_0051,Test Video 51,2022-12-30 00:00:00+00:00,chan_1,Channel 1,24,2023-01-03 00:00:00+00:00,test|video|trend,71887,3594,0,359,http://example.com/thumb.jpg,False,False,Test description,youtube,youtube_trending_kaggle,False
vid_0051,Test Video 51,2022-12-30 00:00:00+00:00,chan_1,Channel 1,21,2023-01-04 00:00:00+00:00,test|video|trend,96330,4816,0,481,http://example.com/thumb.jpg,False,False,Test description,youtube,youtube_trending_kaggle,False
vid_0051,Test Video 51,2022-12-30 00:00:00+00:00,chan_1,Channel 1,8,2023-01-05 00:00:00+00:00,test|video|trend,129085,6454,0,645,http://example.com/thumb.jpg,False,False,Test description,youtube,youtube_trending_kaggle,False
vid_0051,Test Video 51,2022-12-30 00:00:00+00:00,chan_1,Channel 1,29,2023-01-06 00:00:00+00:00,test|video|trend,172976,8648,0,864,http://example.com/thumb.jpg,False,False,Test description,youtube,youtube_trending_kaggle,False
vid_0051,Test Video 51,2022-12-30 00:00:00+00:00,chan_1,Channel 1,1,2023-01-07 00:00:00+00:00,test|video|trend,231792,11589,0,1158,http://example.com/thumb.jpg,False,False,Test description,youtube,youtube_trending_kaggle,False
vid_0051,Test Video 51,2022-12-30 00:00:00+00:00,chan_1,Channel 1,23,2023-01-08 00:00:00+00:00,test|video|trend,310606,15530,0,1553,http://example.com/thumb.jpg,False,False,Test description,youtube,youtube_trending_kaggle,False
vid_0052,Test Video 52,2022-12-24 00:00:00+00:00,chan_2,Channel 2,6,2022-12-24 00:00:00+00:00,test|video|trend,18473,923,0,92,http://example.com/thumb.jpg,False,False,Test description,youtube,youtube_trending_kaggle,False
vid_0052,Test Video 52,2022-12-24 00:00:00+00:00,chan_2,Channel 2,7,2022-12-25 00:00:00+00:00,test|video|trend,22551,1127,0,112,http://example.com/thumb.jpg,False,False,Test description,youtube,youtube_trending_kaggle,False
vid_0052,Test Video 52,2022-12-24 00:00:00+00:00,chan_2,Channel 2,14,2022-12-26 00:00:00+00:00,test|video|trend,27530,1376,0,137,http://example.com/thumb.jpg,False,False,Test description,youtube,youtube_trending_kaggle,False
vid_0052,Test Video 52,2022-12-24 00:00:00+00:00,chan_2,Channel 2,8,2022-12-27 00:00:00+00:00,test|video|trend,33609,1680,0,168,http://example.com/thumb.jpg,False,False,Test description,youtube,youtube_trending_kaggle,False
vid_0052,Test Video 52,2022-12-24 00:00:00+00:00,chan_2,Channel 2,10,2022-12-28 00:00:00+00:00,test|video|trend,41029,2051,0,205,http://example.com/thumb.jpg,False,False,Test description,youtube,youtube_trending_kaggle,False
vid_0052,Test Video 52,2022-12-24 00:00:00+00:00,chan_2,Channel 2,1,2022-12-29 00:00:00+00:00,test|video|trend,50088,2504,0,250,http://example.com/thumb.jpg,False,False,Test description,youtube,youtube_trending_kaggle,False
vid_0052,Test Video 52,2022-12-24 00:00:00+00:00,chan_2,Channel 2,21,2022-12-30 00:00:00+00:00,test|video|trend,61147,3057,0,305,http://example.com/thumb.jpg,False,False,Test description,youtube,youtube_trending_kaggle,False
vid_0052,Test Video 52,2022-12-24 00:00:00+00:00,chan_2,Channel 2,28,2022-12-31 00:00:00+00:00,test|video|trend,74648,3732,0,373,http://example.com/thumb.jpg,False,False,Test description,youtube,youtube_trending_kaggle,False
vid_0052,Test Video 52,2022-12-24 00:00:00+00:00,chan_2,Channel 2,16,2023-01-01 00:00:00+00:00,test|video|trend,91130,4556,0,455,http://example.com/thumb.jpg,False,False,Test description,youtube,youtube_trending_kaggle,False
vid_0052,Test Video 52,2022-12-24 00:00:00+00:00,chan_2,Channel 2,2,2023-01-02 00:00:00+00:00,test|video|trend,111250,5562,0,556,http://example.com/thumb.jpg,False,False,Test description,youtube,youtube_trending_kaggle,False
vid_0053,Test Video 53,2022-12-24 00:00:00+00:00,chan_3,Channel 3,10,2022-12-24 00:00:00+00:00,test|video|trend,13501,675,0,67,http://example.com/thumb.jpg,False,False,Test description,youtube,youtube_trending_kaggle,False
vid_0053,Test Video 53,2022-12-24 00:00:00+00:00,chan_3,Channel 3,15,2022-12-25 00:00:00+00:00,test|video|trend,20026,1001,0,100,http://example.com/thumb.jpg,False,False,Test description,youtube,youtube_trending_kaggle,False
vid_0053,Test Video 53,2022-12-24 00:00:00+00:00,chan_3,Channel 3,25,2022-12-26 00:00:00+00:00,test|video|trend,29707,1485,0,148,http://example.com/thumb.jpg,False,False,Test description,youtube,youtube_trending_kaggle,False
vid_0053,Test Video 53,2022-12-24 00:00:00+00:00,chan_3,Channel 3,5,2022-12-27 00:00:00+00:00,test|video|trend,44066,2203,0,220,http://example.com/thumb.jpg,False,False,Test description,youtube,youtube_trending_kaggle,False
vid_0053,Test Video 53,2022-12-24 00:00:00+00:00,chan_3,Channel 3,29,2022-12-28 00:00:00+00:00,test|video|trend,65366,3268,0,326,http://example.com/thumb.jpg,False,False,Test description,youtube,youtube_trending_kaggle,False
vid_0053,Test Video 53,2022-12-24 00:00:00+00:00,chan_3,Channel 3,3,2022-12-29 00:00:00+00:00,test|video|trend,96963,4848,0,484,http://example.com/thumb.jpg,False,False,Test description,youtube,youtube_trending_kaggle,False
vid_0053,Test Video 53,2022-12-24 00:00:00+00:00,chan_3,Channel 3,4,2022-12-30 00:00:00+00:00,test|video|trend,143831,7191,0,719,http://example.com/thumb.jpg,False,False,Test description,youtube,youtube_trending_kaggle,False
vid_0053,Test Video 53,2022-12-24 00:00:00+00:00,chan_3,Channel 3,13,2022-12-31 00:00:00+00:00,test|video|trend,213354,10667,0,1066,http://example.com/thumb.jpg,False,False,Test description,youtube,youtube_trending_kaggle,False
vid_0053,Test Video 53,2022-12-24 00:00:00+00:00,chan_3,Channel 3,24,2023-01-01 00:00:00+00:00,test|video|trend,316483,15824,0,1582,http://example.com/thumb.jpg,False,False,Test description,youtube,youtube_trending_kaggle,False
vid_0053,Test Video 53,2022-12-24 00:00:00+00:00,chan_3,Channel 3,11,2023-01-02 00:00:00+00:00,test|video|trend,469460,23473,0,2347,http://example.com/thumb.jpg,False,False,Test description,youtube,youtube_trending_kaggle,False
vid_0054,Test Video 54,2022-12-27 00:00:00+00:00,chan_4,Channel 4,13,2022-12-27 00:00:00+00:00,test|video|trend,3285,164,0,16,http://example.com/thumb.jpg,False,False,Test description,youtube,youtube_trending_kaggle,False
vid_0054,Test Video 54,2022-12-27 00:00:00+00:00,chan_4,Channel 4,13,2022-12-28 00:00:00+00:00,test|video|trend,3851,192,0,19,http://example.com/thumb.jpg,False,False,Test description,youtube,youtube_trending_kaggle,False
vid_0054,Test Video 54,2022-12-27 00:00:00+00:00,chan_4,Channel 4,16,2022-12-29 00:00:00+00:00,test|video|trend,4515,225,0,22,http://example.com/thumb.jpg,False,False,Test description,youtube,youtube_trending_kaggle,False
vid_0054,Test Video 54,2022-12-27 00:00:00+00:00,chan_4,Channel 4,27,2022-12-30 00:00:00+00:00,test|video|trend,5293,264,0,26,http://example.com/thumb.jpg,False,False,Test description,youtube,youtube_trending_kaggle,False
vid_0054,Test Video 54,2022-12-27 00:00:00+00:00,chan_4,Channel 4,20,2022-12-31 00:00:00+00:00,test|video|trend,6206,310,0,31,http://example.com/thumb.jpg,False,False,Test description,youtube,youtube_trending_kaggle,False
vid_0054,Test Video 54,2022-12-27 00:00:00+00:00,chan_4,Channel 4,25,2023-01-01 00:00:00+00:00,test|video|trend,7276,363,0,36,http://example.com/thumb.jpg,False,False,Test description,youtube,youtube_trending_kaggle,False
vid_0054,Test Video 54,2022-12-27 00:00:00+00:00,chan_4,Channel 4,3,2023-01-02 00:00:00+00:00,test|video|trend,8530,426,0,42,http://example.com/thumb.jpg,False,False,Test description,youtube,youtube_trending_kaggle,False
vid_0054,Test Video 54,2022-12-27 00:00:00+00:00,chan_4,Channel 4,6,2023-01-03 00:00:00+00:00,test|video|trend,10001,500,0,50,http://example.com/thumb.jpg,False,False,Test description,youtube,youtube_trending_kaggle,False
vid_0054,Test Video 54,2022-12-27 00:00:00+00:00,chan_4,Channel 4,9,2023-01-04 00:00:00+00:00,test|video|trend,11725,586,0,58,http://example.com/thumb.jpg,False,False,Test description,youtube,youtube_trending_kaggle,False
vid_0054,Test Video 54,2022-12-27 00:00:00+00:00,chan_4,Channel 4,12,2023-01-05 00:00:00+00:00,test|video|trend,13746,687,0,68,http://example.com/thumb.jpg,False,False,Test description,youtube,youtube_trending_kaggle,False
vid_0055,Test Video 55,2022-12-28 00:00:00+00:00,chan_5,Channel 5,3,2022-12-28 00:00:00+00:00,test|video|trend,2823,141,0,14,http://example.com/thumb.jpg,False,False,Test description,youtube,youtube_trending_kaggle,False
vid_0055,Test Video 55,2022-12-28 00:00:00+00:00,chan_5,Channel 5,26,2022-12-29 00:00:00+00:00,test|video|trend,4144,207,0,20,http://example.com/thumb.jpg,False,False,Test description,youtube,youtube_trending_kaggle,False
vid_0055,Test Video 55,2022-12-28 00:00:00+00:00,chan_5,Channel 5,1,2022-12-30 00:00:00+00:00,test|video|trend,6085,304,0,30,http://example.com/thumb.jpg,False,False,Test description,youtube,youtube_trending_kaggle,False
vid_0055,Test Video 55,2022-12-28 00:00:00+00:00,chan_5,Channel 5,29,2022-12-31 00:00:00+00:00,test|video|trend,8934,446,0,44,http://example.com/thumb.jpg,False,False,Test description,youtube,youtube_trending_kaggle,False
vid_0055,Test Video 55,2022-12-28 00:00:00+00:00,chan_5,Channel 5,6,2023-01-01 00:00:00+00:00,test|video|trend,13118,655,0,65,http://example.com/thumb.jpg,False,False,Test description,youtube,youtube_trending_kaggle,False
vid_0055,Test Video 55,2022-12-28 00:00:00+00:00,chan_5,Channel 5,17,2023-01-02 00:00:00+00:00,test|video|trend,19260,963,0,96,http://example.com/thumb.jpg,False,False,Test description,youtube,youtube_trending_kaggle,False
vid_0055,Test Video 55,2022-12-28 00:00:00+00:00,chan_5,Channel 5,25,2023-01-03 00:00:00+00:00,test|video|trend,28279,1413,0,141,http://example.com/thumb.jpg,False,False,Test description,youtube,youtube_trending_kaggle,False
vid_0055,Test Video 55,2022-12-28 00:00:00+00:00,chan_5,Channel 5,23,2023-01-04 00:00:00+00:00,test|video|trend,41520,2076,0,207,http://example.com/thumb.jpg,False,False,Test description,youtube,youtube_trending_kaggle,False
vid_0055,Test Video 55,2022-12-28 00:00:00+00:00,chan_5,Channel 5,10,2023-01-05 00:00:00+00:00,test|video|trend,60961,3048,0,304,http://example.com/thumb.jpg,False,False,Test description,youtube,youtube_trending_kaggle,False
vid_0055,Test Video 55,2022-12-28 00:00:00+00:00,chan_5,Channel 5,24,2023-01-06 00:00:00+00:00,test|video|trend,89505,4475,0,447,http://example.com/thumb.jpg,False,False,Test description,youtube,youtube_trending_kaggle,False
vid_0056,Test Video 56,2022-12-29 00:00:00+00:00,chan_6,Channel 6,1,2022-12-29 00:00:00+00:00,test|video|trend,24893,1244,0,124,http://example.com/thumb.jpg,False,False,Test description,youtube,youtube_trending_kaggle,False
vid_0056,Test Video 56,2022-12-29 00:00:00+00:00,chan_6,Channel 6,20,2022-12-30 00:00:00+00:00,test|video|trend,31636,1581,0,158,http://example.com/thumb.jpg,False,False,Test description,youtube,youtube_trending_kaggle,False
vid_0056,Test Video 56,2022-12-29 00:00:00+00:00,chan_6,Channel 6,12,2022-12-31 00:00:00+00:00,test|video|trend,40206,2010,0,201,http://example.com/thumb.jpg,False,False,Test description,youtube,youtube_trending_kaggle,False
vid_0056,Test Video 56,2022-12-29 00:00:00+00:00,chan_6,Channel 6,14,2023-01-01 00:00:00+00:00,test|video|trend,51097,2554,0,255,http://example.com/thumb.jpg,False,False,Test description,youtube,youtube_trending_kaggle,False
vid_0056,Test Video 56,2022-12-29 00:00:00+00:00,chan_6,Channel 6,10,2023-01-02 00:00:00+00:00,test|video|trend,64939,3246,0,324,http://example.com/thumb.jpg,False,False,Test description,youtube,youtube_trending_kaggle,False
vid_0056,Test Video 56,2022-12-29 00:00:00+00:00,chan_6,Channel 6,26,2023-01-03 00:00:00+00:00,test|video|trend,82530,4126,0,412,http://example.com/thumb.jpg,False,False,Test description,youtube,youtube_trending_kaggle,False
vid_0056,Test Video 56,2022-12-29 00:00:00+00:00,chan_6,Channel 6,16,2023-01-04 00:00:00+00:00,test|video|trend,104887,5244,0,524,http://example.com/thumb.jpg,False,False,Test description,youtube,youtube_trending_kaggle,False
vid_0056,Test Video 56,2022-12-29 00:00:00+00:00,chan_6,Channel 6,9,2023-01-05 00:00:00+00:00,test|video|trend,133300,6665,0,666,http://example.com/thumb.jpg,False,False,Test description,youtube,youtube_trending_kaggle,False
vid_0056,Test Video 56,2022-12-29 00:00:00+00:00,chan_6,Channel 6,24,2023-01-06 00:00:00+00:00,test|video|trend,169409,8470,0,847,http://example.com/thumb.jpg,False,False,Test description,youtube,youtube_trending_kaggle,False
vid_0056,Test Video 56,2022-12-29 00:00:00+00:00,chan_6,Channel 6,26,2023-01-07 00:00:00+00:00,test|video|trend,215300,10765,0,1076,http://example.com/thumb.jpg,False,False,Test description,youtube,youtube_trending_kaggle,False
vid_0057,Test Video 57,2022-12-25 00:00:00+00:00,chan_7,Channel 7,8,2022-12-25 00:00:00+00:00,test|video|trend,44217,2210,0,221,http://example.com/thumb.jpg,False,False,Test description,youtube,youtube_trending_kaggle,False
vid_0057,Test Video 57,2022-12-25 00:00:00+00:00,chan_7,Channel 7,27,2022-12-26 00:00:00+00:00,test|video|trend,55673,2783,0,278,http://example.com/thumb.jpg,False,False,Test description,youtube,youtube_trending_kaggle,False
vid_0057,Test Video 57,2022-12-25 00:00:00+00:00,chan_7,Channel 7,14,2022-12-27 00:00:00+00:00,test|video|trend,70097,3504,0,350,http://example.com/thumb.jpg,False,False,Test description,youtube,youtube_trending_kaggle,False
vid_0057,Test Video 57,2022-12-25 00:00:00+00:00,chan_7,Channel 7,21,2022-12-28 00:00:00+00:00,test|video|trend,88258,4412,0,441,http://example.com/thumb.jpg,False,False,Test description,youtube,youtube_trending_kaggle,False
vid_0057,Test Video 57,2022-12-25 00:00:00+00:00,chan_7,Channel 7,2,2022-12-29 00:00:00+00:00,test|video|trend,111125,5556,0,555,http://example.com/thumb.jpg,False,False,Test description,youtube,youtube_trending_kaggle,False
vid_0057,Test Video 57,2022-12-25 00:00:00+00:00,chan_7,Channel 7,18,2022-12-30 00:00:00+00:00,test|video|trend,139917,6995,0,699,http://example.com/thumb.jpg,False,False,Test description,youtube,youtube_trending_kaggle,False
vid_0057,Test Video 57,2022-12-25 00:00:00+00:00,chan_7,Channel 7,6,2022-12-31 00:00:00+00:00,test|video|trend,176168,8808,0,880,http://example.com/thumb.jpg,False,False,Test description,youtube,youtube_trending_kaggle,False
vid_0057,Test Video 57,2022-12-25 00:00:00+00:00,chan_7,Channel 7,12,2023-01-01 00:00:00+00:00,test|video|trend,221811,11090,0,1109,http://example.com/thumb.jpg,False,False,Test description,youtube,youtube_trending_kaggle,False
vid_0057,Test Video 57,2022-12-25 00:00:00+00:00,chan_7,Channel 7,21,2023-01-02 00:00:00+00:00,test|video|trend,279280,13964,0,1396,http://example.com/thumb.jpg,False,False,Test description,youtube,youtube_trending_kaggle,False
vid_0057,Test Video 57,2022-12-25 00:00:00+00:00,chan_7,Channel 7,29,2023-01-03 00:00:00+00:00,test|video|trend,351638,17581,0,1758,http://example.com/thumb.jpg,False,False,Test description,youtube,youtube_trending_kaggle,False
vid_0058,Test Video 58,2022-12-25 00:00:00+00:00,chan_8,Channel 8,20,2022-12-25 00:00:00+00:00,test|video|trend,44471,2223,0,222,http://example.com/thumb.jpg,False,False,Test description,youtube,youtube_trending_kaggle,False
vid_0058,Test Video 58,2022-12-25 00:00:00+00:00,chan_8,Channel 8,10,2022-12-26 00:00:00+00:00,test|video|trend,62488,3124,0,312,http://example.com/thumb.jpg,False,False,Test description,youtube,youtube_trending_kaggle,False
vid_0058,Test Video 58,2022-12-25 00:00:00+00:00,chan_8,Channel 8,8,2022-12-27 00:00:00+00:00,test|video|trend,87806,4390,0,439,http://example.com/thumb.jpg,False,False,Test description,youtube,youtube_trending_kaggle,False
vid_0058,Test Video 58,2022-12-25 00:00:00+00:00,chan_8,Channel 8,12,2022-12-28 00:00:00+00:00,test|video|trend,123381,6169,0,616,http://example.com/thumb.jpg,False,False,Test description,youtube,youtube_trending_kaggle,False
vid_0058,Test Video 58,2022-12-25 00:00:00+00:00,chan_8,Channel 8,22,2022-12-29 00:00:00+00:00,test|video|trend,173369,8668,0,866,http://example.com/thumb.jpg,False,False,Test description,youtube,youtube_trending_kaggle,False
vid_0058,Test Video 58,2022-12-25 00:00:00+00:00,chan_8,Channel 8,28,2022-12-30 00:00:00+00:00,test|video|trend,243611,12180,0,1218,http://example.com/thumb.jpg,False,False,Test description,youtube,youtube_trending_kaggle,False
vid_0058,Test Video 58,2022-12-25 00:00:00+00:00,chan_8,Channel 8,26,2022-12-31 00:00:00+00:00,test|video|trend,342312,17115,0,1711,http://example.com/thumb.jpg,False,False,Test description,youtube,youtube_trending_kaggle,False
vid_0058,Test Video 58,2022-12-25 00:00:00+00:00,chan_8,Channel 8,5,2023-01-01 00:00:00+00:00,test|video|trend,481001,24050,0,2405,http://example.com/thumb.jpg,False,False,Test description,youtube,youtube_trending_kaggle,False
vid_0058,Test Video 58,2022-12-25 00:00:00+00:00,chan_8,Channel 8,20,2023-01-02 00:00:00+00:00,test|video|trend,675881,33794,0,3379,http://example.com/thumb.jpg,False,False,Test description,youtube,youtube_trending_kaggle,False
vid_0058,Test Video 58,2022-12-25 00:00:00+00:00,chan_8,Channel 8,9,2023-01-03 00:00:00+00:00,test|video|trend,949718,47485,0,4748,http://example.com/thumb.jpg,False,False,Test description,youtube,youtube_trending_kaggle,False
vid_0059,Test Video 59,2022-12-27 00:00:00+00:00,chan_9,Channel 9,14,2022-12-27 00:00:00+00:00,test|video|trend,47747,2387,0,238,http://example.com/thumb.jpg,False,False,Test description,youtube,youtube_trending_kaggle,False
vid_0059,Test Video 59,2022-12-27 00:00:00+00:00,chan_9,Channel 9,12,2022-12-28 00:00:00+00:00,test|video|trend,50296,2514,0,251,http://example.com/thumb.jpg,False,False,Test description,youtube,youtube_trending_kaggle,False
vid_0059,Test Video 59,2022-12-27 00:00:00+00:00,chan_9,Channel 9,19,2022-12-29 00:00:00+00:00,test|video|trend,52982,2649,0,264,http://example.com/thumb.jpg,False,False,Test description,youtube,youtube_trending_kaggle,False
vid_0059,Test Video 59,2022-12-27 00:00:00+00:00,chan_9,Channel 9,26,2022-12-30 00:00:00+00:00,test|video|trend,55812,2790,0,279,http://example.com/thumb.jpg,False,False,Test description,youtube,youtube_trending_kaggle,False
vid_0059,Test Video 59,2022-12-27 00:00:00+00:00,chan_9,Channel 9,4,2022-12-31 00:00:00+00:00,test|video|trend,58792,2939,0,293,http://example.com/thumb.jpg,False,False,Test description,youtube,youtube_trending_kaggle,False
vid_0059,Test Video 59,2022-12-27 00:00:00+00:00,chan_9,Channel 9,10,2023-01-01 00:00:00+00:00,test|video|trend,61932,3096,0,309,http://example.com/thumb.jpg,False,False,Test description,youtube,youtube_trending_kaggle,False
vid_0059,Test Video 59,2022-12-27 00:00:00+00:00,chan_9,Channel 9,11,2023-01-02 00:00:00+00:00,test|video|trend,65239,3261,0,326,http://example.com/thumb.jpg,False,False,Test description,youtube,youtube_trending_kaggle,False
vid_0059,Test Video 59,2022-12-27 00:00:00+00:00,chan_9,Channel 9,6,2023-01-03 00:00:00+00:00,test|video|trend,68723,3436,0,343,http://example.com/thumb.jpg,False,False,Test description,youtube,youtube_trending_kaggle,False
vid_0059,Test Video 59,2022-12-27 00:00:00+00:00,chan_9,Channel 9,28,2023-01-04 00:00:00+00:00,test|video|trend,72393,3619,0,361,http://example.com/thumb.jpg,False,False,Test description,youtube,youtube_trending_kaggle,False
vid_0059,Test Video 59,2022-12-27 00:00:00+00:00,chan_9,Channel 9,26,2023-01-05 00:00:00+00:00,test|video|trend,76259,3812,0,381,http://example.com/thumb.jpg,False,False,Test description,youtube,youtube_trending_kaggle,False
vid_0060,Test Video 60,2022-12-28 00:00:00+00:00,chan_0,Channel 0,20,2022-12-28 00:00:00+00:00,test|video|trend,45300,2265,0,226,http://example.com/thumb.jpg,False,False,Test description,youtube,youtube_trending_kaggle,False
vid_0060,Test Video 60,2022-12-28 00:00:00+00:00,chan_0,Channel 0,26,2022-12-29 00:00:00+00:00,test|video|trend,57811,2890,0,289,http://example.com/thumb.jpg,False,False,Test description,youtube,youtube_trending_kaggle,False
vid_0060,Test Video 60,2022-12-28 00:00:00+00:00,chan_0,Channel 0,27,2022-12-30 00:00:00+00:00,test|video|trend,73778,3688,0,368,http://example.com/thumb.jpg,False,False,Test description,youtube,youtube_trending_kaggle,False
vid_0060,Test Video 60,2022-12-28 00:00:00+00:00,chan_0,Channel 0,5,2022-12-31 00:00:00+00:00,test|video|trend,94156,4707,0,470,http://example.com/thumb.jpg,False,False,Test description,youtube,youtube_trending_kaggle,False
vid_0060,Test Video 60,2022-12-28 00:00:00+00:00,chan_0,Channel 0,14,2023-01-01 00:00:00+00:00,test|video|trend,120161,6008,0,600,http://example.com/thumb.jpg,False,False,Test description,youtube,youtube_trending_kaggle,False
vid_0060,Test Video 60,2022-12-28 00:00:00+00:00,chan_0,Channel 0,18,2023-01-02 00:00:00+00:00,test|video|trend,153349,7667,0,766,http://example.com/thumb.jpg,False,False,Test description,youtube,youtube_trending_kaggle,False
vid_0060,Test Video 60,2022-12-28 00:00:00+00:00,chan_0,Channel 0,21,2023-01-03 00:00:00+00:00,test|video|trend,195703,9785,0,978,http://example.com/thumb.jpg,False,False,Test description,youtube,youtube_trending_kaggle,False
vid_0060,Test Video 60,2022-12-28 00:00:00+00:00,chan_0,Channel 0,20,2023-01-04 00:00:00+00:00,test|video|trend,249755,12487,0,1248,http://example.com/thumb.jpg,False,False,Test description,youtube,youtube_trending_kaggle,False
vid_0060,Test Video 60,2022-12-28 00:00:00+00:00,chan_0,Channel 0,7,2023-01-05 00:00:00+00:00,test|video|trend,318736,15936,0,1593,http://example.com/thumb.jpg,False,False,Test description,youtube,youtube_trending_kaggle,False
vid_0060,Test Video 60,2022-12-28 00:00:00+00:00,chan_0,Channel 0,8,2023-01-06 00:00:00+00:00,test|video|trend,406769,20338,0,2033,http://example.com/thumb.jpg,False,False,Test description,youtube,youtube_trending_kaggle,False
vid_0061,Test Video 61,2022-12-29 00:00:00+00:00,chan_1,Channel 1,24,2022-12-29 00:00:00+00:00,test|video|trend,37577,1878,0,187,http://example.com/thumb.jpg,False,False,Test description,youtube,youtube_trending_kaggle,False
vid_0061,Test Video 61,2022-12-29 00:00:00+00:00,chan_1,Channel 1,26,2022-12-30 00:00:00+00:00,test|video|trend,45870,2293,0,229,http://example.com/thumb.jpg,False,False,Test description,youtube,youtube_trending_kaggle,False
vid_0061,Test Video 61,2022-12-29 00:00:00+00:00,chan_1,Channel 1,3,2022-12-31 00:00:00+00:00,test|video|trend,55995,2799,0,279,http://example.com/thumb.jpg,False,False,Test description,youtube,youtube_trending_kaggle,False
vid_0061,Test Video 61,2022-12-29 00:00:00+00:00,chan_1,Channel 1,6,2023-01-01 00:00:00+00:00,test|video|trend,68354,3417,0,341,http://example.com/thumb.jpg,False,False,Test description,youtube,youtube_trending_kaggle,False
vid_0061,Test Video 61,2022-12-29 00:00:00+00:00,chan_1,Channel 1,12,2023-01-02 00:00:00+00:00,test|video|trend,83441,4172,0,417,http://example.com/thumb.jpg,False,False,Test description,youtube,youtube_trending_kaggle,False
vid_0061,Test Video 61,2022-12-29 00:00:00+00:00,chan_1,Channel 1,17,2023-01-03 00:00:00+00:00,test|video|trend,101857,5092,0,509,http://example.com/thumb.jpg,False,False,Test description,youtube,youtube_trending_kaggle,False
vid_0061,Test Video 61,2022-12-29 00:00:00+00:00,chan_1,Channel 1,1,2023-01-04 00:00:00+00:00,test|video|trend,124339,6216,0,621,http://example.com/thumb.jpg,False,False,Test description,youtube,youtube_trending_kaggle,False
vid_0061,Test Video 61,2022-12-29 00:00:00+00:00,chan_1,Channel 1,9,2023-01-05 00:00:00+00:00,test|video|trend,151783,7589,0,758,http://example.com/thumb.jpg,False,False,Test description,youtube,youtube_trending_kaggle,False
vid_0061,Test Video 61,2022-12-29 00:00:00+00:00,chan_1,Channel 1,22,2023-01-06 00:00:00+00:00,test|video|trend,185284,9264,0,926,http://example.com/thumb.jpg,False,False,Test description,youtube,youtube_trending_kaggle,False
vid_0061,Test Video 61,2022-12-29 00:00:00+00:00,chan_1,Channel 1,3,2023-01-07 00:00:00+00:00,test|video|trend,226179,11308,0,1130,http://example.com/thumb.jpg,False,False,Test description,youtube,youtube_trending_kaggle,False
vid_0062,Test Video 62,2022-12-26 00:00:00+00:00,chan_2,Channel 2,1,2022-12-26 00:00:00+00:00,test|video|trend,11295,564,0,56,http://example.com/thumb.jpg,False,False,Test description,youtube,youtube_trending_kaggle,False
vid_0062,Test Video 62,2022-12-26 00:00:00+00:00,chan_2,Channel 2,8,2022-12-27 00:00:00+00:00,test|video|trend,12004,600,0,60,http://example.com/thumb.jpg,False,False,Test description,youtube,youtube_trending_kaggle,False
vid_0062,Test Video 62,2022-12-26 00:00:00+00:00,chan_2,Channel 2,11,2022-12-28 00:00:00+00:00,test|video|trend,12758,637,0,63,http://example.com/thumb.jpg,False,False,Test description,youtube,youtube_trending_kaggle,False
vid_0062,Test Video 62,2022-12-26 00:00:00+00:00,chan_2,Channel 2,1,2022-12-29 00:00:00+00:00,test|video|trend,13560,678,0,67,http://example.com/thumb.jpg,False,False,Test description,youtube,youtube_trending_kaggle,False
vid_0062,Test Video 62,2022-12-26 00:00:00+00:00,chan_2,Channel 2,28,2022-12-30 00:00:00+00:00,test|video|trend,14412,720,0,72,http://example.com/thumb.jpg,False,False,Test description,youtube,youtube_trending_kaggle,False
vid_0062,Test Video 62,2022-12-26 00:00:00+00:00,chan_2,Channel 2,18,2022-12-31 00:00:00+00:00,test|video|trend,15318,765,0,76,http://example.com/thumb.jpg,False,False,Test description,youtube,youtube_trending_kaggle,False
vid_0062,Test Video 62,2022-12-26 00:00:00+00:00,chan_2,Channel 2,22,2023-01-01 00:00:00+00:00,test|video|trend,16280,814,0,81,http://example.com/thumb.jpg,False,False,Test description,youtube,youtube_trending_kaggle,False
vid_0062,Test Video 62,2022-12-26 00:00:00+00:00,chan_2,Channel 2,23,2023-01-02 00:00:00+00:00,test|video|trend,17303,865,0,86,http://example.com/thumb.jpg,False,False,Test description,youtube,youtube_trending_kaggle,False
vid_0062,Test Video 62,2022-12-26 00:00:00+00:00,chan_2,Channel 2,4,2023-01-03 00:00:00+00:00,test|video|trend,18390,919,0,91,http://example.com/thumb.jpg,False,False,Test description,youtube,youtube_trending_kaggle,False
vid_0062,Test Video 62,2022-12-26 00:00:00+00:00,chan_2,Channel 2,15,2023-01-04 00:00:00+00:00,test|video|trend,19545,977,0,97,http://example.com/thumb.jpg,False,False,Test description,youtube,youtube_trending_kaggle,False
vid_0063,Test Video 63,2022-12-23 00:00:00+00:00,chan_3,Channel 3,20,2022-12-23 00:00:00+00:00,test|video|trend,24441,1222,0,122,http://example.com/thumb.jpg,False,False,Test description,youtube,youtube_trending_kaggle,False
vid_0063,Test Video 63,2022-12-23 00:00:00+00:00,chan_3,Channel 3,15,2022-12-24 00:00:00+00:00,test|video|trend,35384,1769,0,176,http://example.com/thumb.jpg,False,False,Test description,youtube,youtube_trending_kaggle,False
vid_0063,Test Video 63,2022-12-23 00:00:00+00:00,chan_3,Channel 3,23,2022-12-25 00:00:00+00:00,test|video|trend,51228,2561,0,256,http://example.com/thumb.jpg,False,False,Test description,youtube,youtube_trending_kaggle,False
vid_0063,Test Video 63,2022-12-23 00:00:00+00:00,chan_3,Channel 3,23,2022-12-26 00:00:00+00:00,test|video|trend,74166,3708,0,370,http://example.com/thumb.jpg,False,False,Test description,youtube,youtube_trending_kaggle,False
vid_0063,Test Video 63,2022-12-23 00:00:00+00:00,chan_3,Channel 3,21,2022-12-27 00:00:00+00:00,test|video|trend,107375,5368,0,536,http://example.com/thumb.jpg,False,False,Test description,youtube,youtube_trending_kaggle,False
vid_0063,Test Video 63,2022-12-23 00:00:00+00:00,chan_3,Channel 3,11,2022-12-28 00:00:00+00:00,test|video|trend,155453,7772,0,777,http://example.com/thumb.jpg,False,False,Test description,youtube,youtube_trending_kaggle,False
vid_0063,Test Video 63,2022-12-23 00:00:00+00:00,chan_3,Channel 3,25,2022-12-29 00:00:00+00:00,test|video|trend,225059,11252,0,1125,http://example.com/thumb.jpg,False,False,Test description,youtube,youtube_trending_kaggle,False
vid_0063,Test Video 63,2022-12-23 00:00:00+00:00,chan_3,Channel 3,18,2022-12-30 00:00:00+00:00,test|video|trend,325832,16291,0,1629,http://example.com/thumb.jpg,False,False,Test description,youtube,youtube_trending_kaggle,False
vid_0063,Test Video 63,2022-12-23 00:00:00+00:00,chan_3,Channel 3,5,2022-12-31 00:00:00+00:00,test|video|trend,471727,23586,0,2358,http://example.com/thumb.jpg,False,False,Test description,youtube,youtube_trending_kaggle,False
vid_0063,Test Video 63,2022-12-23 00:00:00+00:00,chan_3,Channel 3,26,2023-01-01 00:00:00+00:00,test|video|trend,682948,34147,0,3414,http://example.com/thumb.jpg,False,False,Test description,youtube,youtube_trending_kaggle,False
vid_0064,Test Video 64,2022-12-29 00:00:00+00:00,chan_4,Channel 4,2,2022-12-29 00:00:00+00:00,test|video|trend,44823,2241,0,224,http://example.com/thumb.jpg,False,False,Test description,youtube,youtube_trending_kaggle,False
vid_0064,Test Video 64,2022-12-29 00:00:00+00:00,chan_4,Channel 4,17,2022-12-30 00:00:00+00:00,test|video|trend,55754,2787,0,278,http://example.com/thumb.jpg,False,False,Test description,youtube,youtube_trending_kaggle,False
vid_0064,Test Video 64,2022-12-29 00:00:00+00:00,chan_4,Channel 4,1,2022-12-31 00:00:00+00:00,test|video|trend,69351,3467,0,346,http://example.com/thumb.jpg,False,False,Test description,youtube,youtube_trending_kaggle,False
vid_0064,Test Video 64,2022-12-29 00:00:00+00:00,chan_4,Channel 4,9,2023-01-01 00:00:00+00:00,test|video|trend,86264,4313,0,431,http://example.com/thumb.jpg,False,False,Test description,youtube,youtube_trending_kaggle,False
vid_0064,Test Video 64,2022-12-29 00:00:00+00:00,chan_4,Channel 4,20,2023-01-02 00:00:00+00:00,test|video|trend,107302,5365,0,536,http://example.com/thumb.jpg,False,False,Test description,youtube,youtube_trending_kaggle,False
vid_0064,Test Video 64,2022-12-29 00:00:00+00:00,chan_4,Channel 4,17,2023-01-03 00:00:00+00:00,test|video|trend,133471,6673,0,667,http://example.com/thumb.jpg,False,False,Test description,youtube,youtube_trending_kaggle,False
vid_0064,Test Video 64,2022-12-29 00:00:00+00:00,chan_4,Channel 4,18,2023-01-04 00:00:00+00:00,test|video|trend,166021,8301,0,830,http://example.com/thumb.jpg,False,False,Test description,youtube,youtube_trending_kaggle,False
vid_0064,Test Video 64,2022-12-29 00:00:00+00:00,chan_4,Channel 4,17,2023-01-05 00:00:00+00:00,test|video|trend,206510,10325,0,1032,http://example.com/thumb.jpg,False,False,Test description,youtube,youtube_trending_kaggle,False
vid_0064,Test Video 64,2022-12-29 00:00:00+00:00,chan_4,Channel 4,27,2023-01-06 00:00:00+00:00,test|video|trend,256873,12843,0,1284,http://example.com/thumb.jpg,False,False,Test description,youtube,youtube_trending_kaggle,False
vid_0064,Test Video 64,2022-12-29 00:00:00+00:00,chan_4,Channel 4,29,2023-01-07 00:00:00+00:00,test|video|trend,319518,15975,0,1597,http://example.com/thumb.jpg,False,False,Test description,youtube,youtube_trending_kaggle,False
vid_0065,Test Video 65,2022-12-28 00:00:00+00:00,chan_5,Channel 5,28,2022-12-28 00:00:00+00:00,test|video|trend,48108,2405,0,240,http://example.com/thumb.jpg,False,False,Test description,youtube,youtube_trending_kaggle,False
vid_0065,Test Video 65,2022-12-28 00:00:00+00:00,chan_5,Channel 5,28,2022-12-29 00:00:00+00:00,test|video|trend,57112,2855,0,285,http://example.com/thumb.jpg,False,False,Test description,youtube,youtube_trending_kaggle,False
vid_0065,Test Video 65,2022-12-28 00:00:00+00:00,chan_5,Channel 5,13,2022-12-30 00:00:00+00:00,test|video|trend,67803,3390,0,339,http://example.com/thumb.jpg,False,False,Test description,youtube,youtube_trending_kaggle,False
vid_0065,Test Video 65,2022-12-28 00:00:00+00:00,chan_5,Channel 5,20,2022-12-31 00:00:00+00:00,test|video|trend,80494,4024,0,402,http://example.com/thumb.jpg,False,False,Test description,youtube,youtube_trending_kaggle,False
vid_0065,Test Video 65,2022-12-28 00:00:00+00:00,chan_5,Channel 5,7,2023-01-01 00:00:00+00:00,test|video|trend,95561,4778,0,477,http://example.com/thumb.jpg,False,False,Test description,youtube,youtube_trending_kaggle,False
vid_0065,Test Video 65,2022-12-28 00:00:00+00:00,chan_5,Channel 5,29,2023-01-02 00:00:00+00:00,test|video|trend,113448,5672,0,567,http://example.com/thumb.jpg,False,False,Test description,youtube,youtube_trending_kaggle,False
vid_0065,Test Video 65,2022-12-28 00:00:00+00:00,chan_5,Channel 5,4,2023-01-03 00:00:00+00:00,test|video|trend,134683,6734,0,673,http://example.com/thumb.jpg,False,False,Test description,youtube,youtube_trending_kaggle,False
vid_0065,Test Video 65,2022-12-28 00:00:00+00:00,chan_5,Channel 5,6,2023-01-04 00:00:00+00:00,test|video|trend,159892,7994,0,799,http://example.com/thumb.jpg,False,False,Test description,youtube,youtube_trending_kaggle,False
vid_0065,Test Video 65,2022-12-28 00:00:00+00:00,chan_5,Channel 5,14,2023-01-05 00:00:00+00:00,test|video|trend,189821,9491,0,949,http://example.com/thumb.jpg,False,False,Test description,youtube,youtube_trending_kaggle,False
vid_0065,Test Video 65,2022-12-28 00:00:00+00:00,chan_5,Channel 5,21,2023-01-06 00:00:00+00:00,test|video|trend,225351,11267,0,1126,http://example.com/thumb.jpg,False,False,Test description,youtube,youtube_trending_kaggle,False
vid_0066,Test Video 66,2022-12-29 00:00:00+00:00,chan_6,Channel 6,15,2022-12-29 00:00:00+00:00,test|video|trend,18462,923,0,92,http://example.com/thumb.jpg,False,False,Test description,youtube,youtube_trending_kaggle,False
vid_0066,Test Video 66,2022-12-29 00:00:00+00:00,chan_6,Channel 6,11,2022-12-30 00:00:00+00:00,test|video|trend,20791,1039,0,103,http://example.com/thumb.jpg,False,False,Test description,youtube,youtube_trending_kaggle,False
vid_0066,Test Video 66,2022-12-29 00:00:00+00:00,chan_6,Channel 6,10,2022-12-31 00:00:00+00:00,test|video|trend,23415,1170,0,117,http://example.com/thumb.jpg,False,False,Test description,youtube,youtube_trending_kaggle,False
vid_0066,Test Video 66,2022-12-29 00:00:00+00:00,chan_6,Channel 6,28,2023-01-01 00:00:00+00:00,test|video|trend,26370,1318,0,131,http://example.com/thumb.jpg,False,False,Test description,youtube,youtube_trending_kaggle,False
vid_0066,Test Video 66,2022-12-29 00:00:00+00:00,chan_6,Channel 6,24,2023-01-02 00:00:00+00:00,test|video|trend,29698,1484,0,148,http://example.com/thumb.jpg,False,False,Test description,youtube,youtube_trending_kaggle,False
vid_0066,Test Video 66,2022-12-29 00:00:00+00:00,chan_6,Channel 6,26,2023-01-03 00:00:00+00:00,test|video|trend,33446,1672,0,167,http://example.com/thumb.jpg,False,False,Test description,youtube,youtube_trending_kaggle,False
vid_0066,Test Video 66,2022-12-29 00:00:00+00:00,chan_6,Channel 6,20,2023-01-04 00:00:00+00:00,test|video|trend,37667,1883,0,188,http://example.com/thumb.jpg,False,False,Test description,youtube,youtube_trending_kaggle,False
vid_0066,Test Video 66,2022-12-29 00:00:00+00:00,chan_6,Channel 6,22,2023-01-05 00:00:00+00:00,test|video|trend,42420,2121,0,212,http://example.com/thumb.jpg,False,False,Test description,youtube,youtube_trending_kaggle,False
vid_0066,Test Video 66,2022-12-29 00:00:00+00:00,chan_6,Channel 6,8,2023-01-06 00:00:00+00:00,test|video|trend,47774,2388,0,238,http://example.com/thumb.jpg,False,False,Test description,youtube,youtube_trending_kaggle,False
vid_0066,Test Video 66,2022-12-29 00:00:00+00:00,chan_6,Channel 6,19,2023-01-07 00:00:00+00:00,test|video|trend,53803,2690,0,269,http://example.com/thumb.jpg,False,False,Test description,youtube,youtube_trending_kaggle,False
vid_0067,Test Video 67,2022-12-26 00:00:00+00:00,chan_7,Channel 7,3,2022-12-26 00:00:00+00:00,test|video|trend,40657,2032,0,203,http://example.com/thumb.jpg,False,False,Test description,youtube,youtube_trending_kaggle,False
vid_0067,Test Video 67,2022-12-26 00:00:00+00:00,chan_7,Channel 7,27,2022-12-27 00:00:00+00:00,test|video|trend,52604,2630,0,263,http://example.com/thumb.jpg,False,False,Test description,youtube,youtube_trending_kaggle,False
vid_0067,Test Video 67,2022-12-26 00:00:00+00:00,chan_7,Channel 7,26,2022-12-28 00:00:00+00:00,test|video|trend,68062,3403,0,340,http://example.com/thumb.jpg,False,False,Test description,youtube,youtube_trending_kaggle,False
vid_0067,Test Video 67,2022-12-26 00:00:00+00:00,chan_7,Channel 7,19,2022-12-29 00:00:00+00:00,test|video|trend,88063,4403,0,440,http://example.com/thumb.jpg,False,False,Test description,youtube,youtube_trending_kaggle,False
vid_0067,Test Video 67,2022-12-26 00:00:00+00:00,chan_7,Channel 7,16,2022-12-30 00:00:00+00:00,test|video|trend,113941,5697,0,569,http://example.com/thumb.jpg,False,False,Test description,youtube,youtube_trending_kaggle,False
vid_0067,Test Video 67,2022-12-26 00:00:00+00:00,chan_7,Channel 7,26,2022-12-31 00:00:00+00:00,test|video|trend,147423,7371,0,737,http://example.com/thumb.jpg,False,False,Test description,youtube,youtube_trending_kaggle,False
vid_0067,Test Video 67,2022-12-26 00:00:00+00:00,chan_7,Channel 7,12,2023-01-01 00:00:00+00:00,test|video|trend,190745,9537,0,953,http://example.com/thumb.jpg,False,False,Test description,youtube,youtube_trending_kaggle,False
vid_0067,Test Video 67,2022-12-26 00:00:00+00:00,chan_7,Channel 7,7,2023-01-02 00:00:00+00:00,test|video|trend,246797,12339,0,1233,http://example.com/thumb.jpg,False,False,Test description,youtube,youtube_trending_kaggle,False
vid_0067,Test Video 67,2022-12-26 00:00:00+00:00,chan_7,Channel 7,21,2023-01-03 00:00:00+00:00,test|video|trend,319320,15966,0,1596,http://example.com/thumb.jpg,False,False,Test description,youtube,youtube_trending_kaggle,False
vid_0067,Test Video 67,2022-12-26 00:00:00+00:00,chan_7,Channel 7,17,2023-01-04 00:00:00+00:00,test|video|trend,413155,20657,0,2065,http://example.com/thumb.jpg,False,False,Test description,youtube,youtube_trending_kaggle,False
vid_0068,Test Video 68,2022-12-28 00:00:00+00:00,chan_8,Channel 8,26,2022-12-28 00:00:00+00:00,test|video|trend,14629,731,0,73,http://example.com/thumb.jpg,False,False,Test description,youtube,youtube_trending_kaggle,False
vid_0068,Test Video 68,2022-12-28 00:00:00+00:00,chan_8,Channel 8,1,2022-12-29 00:00:00+00:00,test|video|trend,18694,934,0,93,http://example.com/thumb.jpg,False,False,Test description,youtube,youtube_trending_kaggle,False
vid_0068,Test Video 68,2022-12-28 00:00:00+00:00,chan_8,Channel 8,18,2022-12-30 00:00:00+00:00,test|video|trend,23889,1194,0,119,http://example.com/thumb.jpg,False,False,Test description,youtube,youtube_trending_kaggle,False
vid_0068,Test Video 68,2022-12-28 00:00:00+00:00,chan_8,Channel 8,12,2022-12-31 00:00:00+00:00,test|video|trend,30527,1526,0,152,http://example.com/thumb.jpg,False,False,Test description,youtube,youtube_trending_kaggle,False
vid_0068,Test Video 68,2022-12-28 00:00:00+00:00,chan_8,Channel 8,14,2023-01-01 00:00:00+00:00,test|video|trend,39010,1950,0,195,http://example.com/thumb.jpg,False,False,Test description,youtube,youtube_trending_kaggle,False
vid_0068,Test Video 68,2022-12-28 00:00:00+00:00,chan_8,Channel 8,17,2023-01-02 00:00:00+00:00,test|video|trend,49851,2492,0,249,http://example.com/thumb.jpg,False,False,Test description,youtube,youtube_trending_kaggle,False
vid_0068,Test Video 68,2022-12-28 00:00:00+00:00,chan_8,Channel 8,26,2023-01-03 00:00:00+00:00,test|video|trend,63704,3185,0,318,http://example.com/thumb.jpg,False,False,Test description,youtube,youtube_trending_kaggle,False
vid_0068,Test Video 68,2022-12-28 00:00:00+00:00,chan_8,Channel 8,17,2023-01-04 00:00:00+00:00,test|video|trend,81406,4070,0,407,http://example.com/thumb.jpg,False,False,Test description,youtube,youtube_trending_kaggle,False
vid_0068,Test Video 68,2022-12-28 00:00:00+00:00,chan_8,Channel 8,9,2023-01-05 00:00:00+00:00,test|video|trend,104028,5201,0,520,http://example.com/thumb.jpg,False,False,Test description,youtube,youtube_trending_kaggle,False
vid_0068,Test Video 68,2022-12-28 00:00:00+00:00,chan_8,Channel 8,25,2023-01-06 00:00:00+00:00,test|video|trend,132936,6646,0,664,http://example.com/thumb.jpg,False,False,Test description,youtube,youtube_trending_kaggle,False
vid_0069,Test Video 69,2022-12-30 00:00:00+00:00,chan_9,Channel 9,24,2022-12-30 00:00:00+00:00,test|video|trend,20537,1026,0,102,http://example.com/thumb.jpg,False,False,Test description,youtube,youtube_trending_kaggle,False
vid_0069,Test Video 69,2022-12-30 00:00:00+00:00,chan_9,Channel 9,20,2022-12-31 00:00:00+00:00,test|video|trend,21907,1095,0,109,http://example.com/thumb.jpg,False,False,Test description,youtube,youtube_trending_kaggle,False
vid_0069,Test Video 69,2022-12-30 00:00:00+00:00,chan_9,Channel 9,15,2023-01-01 00:00:00+00:00,test|video|trend,23369,1168,0,116,http://example.com/thumb.jpg,False,False,Test description,youtube,youtube_trending_kaggle,False
vid_0069,Test Video 69,2022-12-30 00:00:00+00:00,chan_9,Channel 9,23,2023-01-02 00:00:00+00:00,test|video|trend,24929,1246,0,124,http://example.com/thumb.jpg,False,False,Test description,youtube,youtube_trending_kaggle,False
vid_0069,Test Video 69,2022-12-30 00:00:00+00:00,chan_9,Channel 9,7,2023-01-03 00:00:00+00:00,test|video|trend,26593,1329,0,132,http://example.com/thumb.jpg,False,False,Test description,youtube,youtube_trending_kaggle,False
vid_0069,Test Video 69,2022-12-30 00:00:00+00:00,chan_9,Channel 9,8,2023-01-04 00:00:00+00:00,test|video|trend,28368,1418,0,141,http://example.com/thumb.jpg,False,False,Test description,youtube,youtube_trending_kaggle,False
vid_0069,Test Video 69,2022-12-30 00:00:00+00:00,chan_9,Channel 9,20,2023-01-05 00:00:00+00:00,test|video|trend,30261,1513,0,151,http://example.com/thumb.jpg,False,False,Test description,youtube,youtube_trending_kaggle,False
vid_0069,Test Video 69,2022-12-30 00:00:00+00:00,chan_9,Channel 9,23,2023-01-06 00:00:00+00:00,test|video|trend,32281,1614,0,161,http://example.com/thumb.jpg,False,False,Test description,youtube,youtube_trending_kaggle,False
vid_0069,Test Video 69,2022-12-30 00:00:00+00:00,chan_9,Channel 9,9,2023-01-07 00:00:00+00:00,test|video|trend,34435,1721,0,172,http://example.com/thumb.jpg,False,False,Test description,youtube,youtube_trending_kaggle,False
vid_0069,Test Video 69,2022-12-30 00:00:00+00:00,chan_9,Channel 9,26,2023-01-08 00:00:00+00:00,test|video|trend,36734,1836,0,183,http://example.com/thumb.jpg,False,False,Test description,youtube,youtube_trending_kaggle,False
vid_0070,Test Video 70,2022-12-26 00:00:00+00:00,chan_0,Channel 0,23,2022-12-26 00:00:00+00:00,test|video|trend,45534,2276,0,227,http://example.com/thumb.jpg,False,False,Test description,youtube,youtube_trending_kaggle,False
vid_0070,Test Video 70,2022-12-26 00:00:00+00:00,chan_0,Channel 0,3,2022-12-27 00:00:00+00:00,test|video|trend,52482,2624,0,262,http://example.com/thumb.jpg,False,False,Test description,youtube,youtube_trending_kaggle,False
vid_0070,Test Video 70,2022-12-26 00:00:00+00:00,chan_0,Channel 0,22,2022-12-28 00:00:00+00:00,test|video|trend,60490,3024,0,302,http://example.com/thumb.jpg,False,False,Test description,youtube,youtube_trending_kaggle,False
vid_0070,Test Video 70,2022-12-26 00:00:00+00:00,chan_0,Channel 0,29,2022-12-29 00:00:00+00:00,test|video|trend,69720,3486,0,348,http://example.com/thumb.jpg,False,False,Test description,youtube,youtube_trending_kaggle,False
vid_0070,Test Video 70,2022-12-26 00:00:00+00:00,chan_0,Channel 0,2,2022-12-30 00:00:00+00:00,test|video|trend,80359,4017,0,401,http://example.com/thumb.jpg,False,False,Test description,youtube,youtube_trending_kaggle,False
vid_0070,Test Video 70,2022-12-26 00:00:00+00:00,chan_0,Channel 0,26,2022-12-31 00:00:00+00:00,test|video|trend,92621,4631,0,463,http://example.com/thumb.jpg,False,False,Test description,youtube,youtube_trending_kaggle,False
vid_0070,Test Video 70,2022-12-26 00:00:00+00:00,chan_0,Channel 0,17,2023-01-01 00:00:00+00:00,test|video|trend,106754,5337,0,533,http://example.com/thumb.jpg,False,False,Test description,youtube,youtube_trending_kaggle,False
vid_0070,Test Video 70,2022-12-26 00:00:00+00:00,chan_0,Channel 0,7,2023-01-02 00:00:00+00:00,test|video|trend,123044,6152,0,615,http://example.com/thumb.jpg,False,False,Test description,youtube,youtube_trending_kaggle,False
vid_0070,Test Video 70,2022-12-26 00:00:00+00:00,chan_0,Channel 0,3,2023-01-03 00:00:00+00:00,test|video|trend,141819,7090,0,709,http://example.com/thumb.jpg,False,False,Test description,youtube,youtube_trending_kaggle,False
vid_0070,Test Video 70,2022-12-26 00:00:00+00:00,chan_0,Channel 0,27,2023-01-04 00:00:00+00:00,test|video|trend,163460,8173,0,817,http://example.com/thumb.jpg,False,False,Test description,youtube,youtube_trending_kaggle,False
vid_0071,Test Video 71,2022-12-31 00:00:00+00:00,chan_1,Channel 1,5,2022-12-31 00:00:00+00:00,test|video|trend,49212,2460,0,246,http://example.com/thumb.jpg,False,False,Test description,youtube,youtube_trending_kaggle,False
vid_0071,Test Video 71,2022-12-31 00:00:00+00:00,chan_1,Channel 1,25,2023-01-01 00:00:00+00:00,test|video|trend,52326,2616,0,261,http://example.com/thumb.jpg,False,False,Test description,youtube,youtube_trending_kaggle,False
vid_0071,Test Video 71,2022-12-31 00:00:00+00:00,chan_1,Channel 1,25,2023-01-02 00:00:00+00:00,test|video|trend,55639,2781,0,278,http://example.com/thumb.jpg,False,False,Test description,youtube,youtube_trending_kaggle,False
vid_0071,Test Video 71,2022-12-31 00:00:00+00:00,chan_1,Channel 1,24,2023-01-03 00:00:00+00:00,test|video|trend,59160,2958,0,295,http://example.com/thumb.jpg,False,False,Test description,youtube,youtube_trending_kaggle,False
vid_0071,Test Video 71,2022-12-31 00:00:00+00:00,chan_1,Channel 1,21,2023-01-04 00:00:00+00:00,test|video|trend,62905,3145,0,314,http://example.com/thumb.jpg,False,False,Test description,youtube,youtube_trending_kaggle,False
vid_0071,Test Video 71,2022-12-31 00:00:00+00:00,chan_1,Channel 1,4,2023-01-05 00:00:00+00:00,test|video|trend,66887,3344,0,334,http://example.com/thumb.jpg,False,False,Test description,youtube,youtube_trending_kaggle,False
vid_0071,Test Video 71,2022-12-31 00:00:00+00:00,chan_1,Channel 1,27,2023-01-06 00:00:00+00:00,test|video|trend,71121,3556,0,355,http://example.com/thumb.jpg,False,False,Test description,youtube,youtube_trending_kaggle,False
vid_0071,Test Video 71,2022-12-31 00:00:00+00:00,chan_1,Channel 1,8,2023-01-07 00:00:00+00:00,test|video|trend,75623,3781,0,378,http://example.com/thumb.jpg,False,False,Test description,youtube,youtube_trending_kaggle,False
vid_0071,Test Video 71,2022-12-31 00:00:00+00:00,chan_1,Channel 1,17,2023-01-08 00:00:00+00:00,test|video|trend,80409,4020,0,402,http://example.com/thumb.jpg,False,False,Test description,youtube,youtube_trending_kaggle,False
vid_0071,Test Video 71,2022-12-31 00:00:00+00:00,chan_1,Channel 1,14,2023-01-09 00:00:00+00:00,test|video|trend,85499,4274,0,427,http://example.com/thumb.jpg,False,False,Test description,youtube,youtube_trending_kaggle,False
vid_0072,Test Video 72,2022-12-26 00:00:00+00:00,chan_2,Channel 2,27,2022-12-26 00:00:00+00:00,test|video|trend,43546,2177,0,217,http://example.com/thumb.jpg,False,False,Test description,youtube,youtube_trending_kaggle,False
vid_0072,Test Video 72,2022-12-26 00:00:00+00:00,chan_2,Channel 2,25,2022-12-27 00:00:00+00:00,test|video|trend,45888,2294,0,229,http://example.com/thumb.jpg,False,False,Test description,youtube,youtube_trending_kaggle,False
vid_0072,Test Video 72,2022-12-26 00:00:00+00:00,chan_2,Channel 2,26,2022-12-28 00:00:00+00:00,test|video|trend,48356,2417,0,241,http://example.com/thumb.jpg,False,False,Test description,youtube,youtube_trending_kaggle,False
vid_0072,Test Video 72,2022-12-26 00:00:00+00:00,chan_2,Channel 2,15,2022-12-29 00:00:00+00:00,test|video|trend,50957,2547,0,254,http://example.com/thumb.jpg,False,False,Test description,youtube,youtube_trending_kaggle,False
vid_0072,Test Video 72,2022-12-26 00:00:00+00:00,chan_2,Channel 2,29,2022-12-30 00:00:00+00:00,test|video|trend,53697,2684,0,268,http://example.com/thumb.jpg,False,False,Test description,youtube,youtube_trending_kaggle,False
vid_0072,Test Video 72,2022-12-26 00:00:00+00:00,chan_2,Channel 2,12,2022-12-31 00:00:00+00:00,test|video|trend,56585,2829,0,282,http://example.com/thumb.jpg,False,False,Test description,youtube,youtube_trending_kaggle,False
vid_0072,Test Video 72,2022-12-26 00:00:00+00:00,chan_2,Channel 2,22,2023-01-01 00:00:00+00:00,test|video|trend,59629,2981,0,298,http://example.com/thumb.jpg,False,False,Test description,youtube,youtube_trending_kaggle,False
vid_0072,Test Video 72,2022-12-26 00:00:00+00:00,chan_2,Channel 2,17,2023-01-02 00:00:00+00:00,test|video|trend,62836,3141,0,314,http://example.com/thumb.jpg,False,False,Test description,youtube,youtube_trending_kaggle,False
vid_0072,Test Video 72,2022-12-26 00:00:00+00:00,chan_2,Channel 2,22,2023-01-03 00:00:00+00:00,test|video|trend,66216,3310,0,331,http://example.com/thumb.jpg,False,False,Test description,youtube,youtube_trending_kaggle,False
vid_0072,Test Video 72,2022-12-26 00:00:00+00:00,chan_2,Channel 2,5,2023-01-04 00:00:00+00:00,test|video|trend,69777,3488,0,348,http://example.com/thumb.jpg,False,False,Test description,youtube,youtube_trending_kaggle,False
vid_0073,Test Video 73,2022-12-25 00:00:00+00:00,chan_3,Channel 3,7,2022-12-25 00:00:00+00:00,test|video|trend,16522,826,0,82,http://example.com/thumb.jpg,False,False,Test description,youtube,youtube_trending_kaggle,False
vid_0073,Test Video 73,2022-12-25 00:00:00+00:00,chan_3,Channel 3,18,2022-12-26 00:00:00+00:00,test|video|trend,19557,977,0,97,http://example.com/thumb.jpg,False,False,Test description,youtube,youtube_trending_kaggle,False
vid_0073,Test Video 73,2022-12-25 00:00:00+00:00,chan_3,Channel 3,13,2022-12-27 00:00:00+00:00,test|video|trend,23150,1157,0,115,http://example.com/thumb.jpg,False,False,Test description,youtube,youtube_trending_kaggle,False
vid_0073,Test Video 73,2022-12-25 00:00:00+00:00,chan_3,Channel 3,5,2022-12-28 00:00:00+00:00,test|video|trend,27402,1370,0,137,http://example.com/thumb.jpg,False,False,Test description,youtube,youtube_trending_kaggle,False
vid_0073,Test Video 73,2022-12-25 00:00:00+00:00,chan_3,Channel 3,4,2022-12-29 00:00:00+00:00,test|video|trend,32437,1621,0,162,http://example.com/thumb.jpg,False,False,Test description,youtube,youtube_trending_kaggle,False
vid_0073,Test Video 73,2022-12-25 00:00:00+00:00,chan_3,Channel 3,13,2022-12-30 00:00:00+00:00,test|video|trend,38395,1919,0,191,http://example.com/thumb.jpg,False,False,Test description,youtube,youtube_trending_kaggle,False
vid_0073,Test Video 73,2022-12-25 00:00:00+00:00,chan_3,Channel 3,2,2022-12-31 00:00:00+00:00,test|video|trend,45449,2272,0,227,http://example.com/thumb.jpg,False,False,Test description,youtube,youtube_trending_kaggle,False
vid_0073,Test Video 73,2022-12-25 00:00:00+00:00,chan_3,Channel 3,11,2023-01-01 00:00:00+00:00,test|video|trend,53799,2689,0,268,http://example.com/thumb.jpg,False,False,Test description,youtube,youtube_trending_kaggle,False
vid_0073,Test Video 73,2022-12-25 00:00:00+00:00,chan_3,Channel 3,29,2023-01-02 00:00:00+00:00,test|video|trend,63682,3184,0,318,http://example.com/thumb.jpg,False,False,Test description,youtube,youtube_trending_kaggle,False
vid_0073,Test Video 73,2022-12-25 00:00:00+00:00,chan_3,Channel 3,21,2023-01-03 00:00:00+00:00,test|video|trend,75381,3769,0,376,http://example.com/thumb.jpg,False,False,Test description,youtube,youtube_trending_kaggle,False
vid_0074,Test Video 74,2022-12-27 00:00:00+00:00,chan_4,Channel 4,26,2022-12-27 00:00:00+00:00,test|video|trend,10029,501,0,50,http://example.com/thumb.jpg,False,False,Test description,youtube,youtube_trending_kaggle,False
vid_0074,Test Video 74,2022-12-27 00:00:00+00:00,chan_4,Channel 4,8,2022-12-28 00:00:00+00:00,test|video|trend,11357,567,0,56,http://example.com/thumb.jpg,False,False,Test description,youtube,youtube_trending_kaggle,False
vid_0074,Test Video 74,2022-12-27 00:00:00+00:00,chan_4,Channel 4,25,2022-12-29 00:00:00+00:00,test|video|trend,12862,643,0,64,http://example.com/thumb.jpg,False,False,Test description,youtube,youtube_trending_kaggle,False
vid_0074,Test Video 74,2022-12-27 00:00:00+00:00,chan_4,Channel 4,3,2022-12-30 00:00:00+00:00,test|video|trend,14567,728,0,72,http://example.com/thumb.jpg,False,False,Test description,youtube,youtube_trending_kaggle,False
vid_0074,Test Video 74,2022-12-27 00:00:00+00:00,chan_4,Channel 4,18,2022-12-31 00:00:00+00:00,test|video|trend,16497,824,0,82,http://example.com/thumb.jpg,False,False,Test description,youtube,youtube_trending_kaggle,False
vid_0074,Test Video 74,2022-12-27 00:00:00+00:00,chan_4,Channel 4,13,2023-01-01 00:00:00+00:00,test|video|trend,18683,934,0,93,http://example.com/thumb.jpg,False,False,Test description,youtube,youtube_trending_kaggle,False
vid_0074,Test Video 74,2022-12-27 00:00:00+00:00,chan_4,Channel 4,25,2023-01-02 00:00:00+00:00,test|video|trend,21159,1057,0,105,http://example.com/thumb.jpg,False,False,Test description,youtube,youtube_trending_kaggle,False
vid_0074,Test Video 74,2022-12-27 00:00:00+00:00,chan_4,Channel 4,27,2023-01-03 00:00:00+00:00,test|video|trend,23963,1198,0,119,http://example.com/thumb.jpg,False,False,Test description,youtube,youtube_trending_kaggle,False
vid_0074,Test Video 74,2022-12-27 00:00:00+00:00,chan_4,Channel 4,18,2023-01-04 00:00:00+00:00,test|video|trend,27138,1356,0,135,http://example.com/thumb.jpg,False,False,Test description,youtube,youtube_trending_kaggle,False
vid_0074,Test Video 74,2022-12-27 00:00:00+00:00,chan_4,Channel 4,26,2023-01-05 00:00:00+00:00,test|video|trend,30734,1536,0,153,http://example.com/thumb.jpg,False,False,Test description,youtube,youtube_trending_kaggle,False
vid_0075,Test Video 75,2022-12-24 00:00:00+00:00,chan_5,Channel 5,24,2022-12-24 00:00:00+00:00,test|video|trend,45365,2268,0,226,http://example.com/thumb.jpg,False,False,Test description,youtube,youtube_trending_kaggle,False
vid_0075,Test Video 75,2022-12-24 00:00:00+00:00,chan_5,Channel 5,5,2022-12-25 00:00:00+00:00,test|video|trend,66024,3301,0,330,http://example.com/thumb.jpg,False,False,Test description,youtube,youtube_trending_kaggle,False
vid_0075,Test Video 75,2022-12-24 00:00:00+00:00,chan_5,Channel 5,25,2022-12-26 00:00:00+00:00,test|video|trend,96093,4804,0,480,http://example.com/thumb.jpg,False,False,Test description,youtube,youtube_trending_kaggle,False
vid_0075,Test Video 75,2022-12-24 00:00:00+00:00,chan_5,Channel 5,3,2022-12-27 00:00:00+00:00,test|video|trend,139854,6992,0,699,http://example.com/thumb.jpg,False,False,Test description,youtube,youtube_trending_kaggle,False
vid_0075,Test Video 75,2022-12-24 00:00:00+00:00,chan_5,Channel 5,26,2022-12-28 00:00:00+00:00,test|video|trend,203546,10177,0,1017,http://example.com/thumb.jpg,False,False,Test description,youtube,youtube_trending_kaggle,False
vid_0075,Test Video 75,2022-12-24 00:00:00+00:00,chan_5,Channel 5,19,2022-12-29 00:00:00+00:00,test|video|trend,296243,14812,0,1481,http://example.com/thumb.jpg,False,False,Test description,youtube,youtube_trending_kaggle,False
vid_0075,Test Video 75,2022-12-24 00:00:00+00:00,chan_5,Channel 5,10,2022-12-30 00:00:00+00:00,test|video|trend,431155,21557,0,2155,http://example.com/thumb.jpg,False,False,Test description,youtube,youtube_trending_kaggle,False
vid_0075,Test Video 75,2022-12-24 00:00:00+00:00,chan_5,Channel 5,23,2022-12-31 00:00:00+00:00,test|video|trend,627508,31375,0,3137,http://example.com/thumb.jpg,False,False,Test description,youtube,youtube_trending_kaggle,False
vid_0075,Test Video 75,2022-12-24 00:00:00+00:00,chan_5,Channel 5,6,2023-01-01 00:00:00+00:00,test|video|trend,913282,45664,0,4566,http://example.com/thumb.jpg,False,False,Test description,youtube,youtube_trending_kaggle,False
vid_0075,Test Video 75,2022-12-24 00:00:00+00:00,chan_5,Channel 5,29,2023-01-02 00:00:00+00:00,test|video|trend,1329200,66460,0,6646,http://example.com/thumb.jpg,False,False,Test description,youtube,youtube_trending_kaggle,False
vid_0076,Test Video 76,2022-12-24 00:00:00+00:00,chan_6,Channel 6,4,2022-12-24 00:00:00+00:00,test|video|trend,13914,695,0,69,http://example.com/thumb.jpg,False,False,Test description,youtube,youtube_trending_kaggle,False
vid_0076,Test Video 76,2022-12-24 00:00:00+00:00,chan_6,Channel 6,7,2022-12-25 00:00:00+00:00,test|video|trend,20177,1008,0,100,http://example.com/thumb.jpg,False,False,Test description,youtube,youtube_trending_kaggle,False
vid_0076,Test Video 76,2022-12-24 00:00:00+00:00,chan_6,Channel 6,19,2022-12-26 00:00:00+00:00,test|video|trend,29260,1463,0,146,http://example.com/thumb.jpg,False,False,Test description,youtube,youtube_trending_kaggle,False
vid_0076,Test Video 76,2022-12-24 00:00:00+00:00,chan_6,Channel 6,6,2022-12-27 00:00:00+00:00,test|video|trend,42432,2121,0,212,http://example.com/thumb.jpg,False,False,Test description,youtube,youtube_trending_kaggle,False
vid_0076,Test Video 76,2022-12-24 00:00:00+00:00,chan_6,Channel 6,24,2022-12-28 00:00:00+00:00,test|video|trend,61534,3076,0,307,http://example.com/thumb.jpg,False,False,Test description,youtube,youtube_trending_kaggle,False
vid_0076,Test Video 76,2022-12-24 00:00:00+00:00,chan_6,Channel 6,3,2022-12-29 00:00:00+00:00,test|video|trend,89235,4461,0,446,http://example.com/thumb.jpg,False,False,Test description,youtube,youtube_trending_kaggle,False
vid_0076,Test Video 76,2022-12-24 00:00:00+00:00,chan_6,Channel 6,24,2022-12-30 00:00:00+00:00,test|video|trend,129406,6470,0,647,http://example.com/thumb.jpg,False,False,Test description,youtube,youtube_trending_kaggle,False
vid_0076,Test Video 76,2022-12-24 00:00:00+00:00,chan_6,Channel 6,28,2022-12-31 00:00:00+00:00,test|video|trend,187660,9383,0,938,http://example.com/thumb.jpg,False,False,Test description,youtube,youtube_trending_kaggle,False
vid_0076,Test Video 76,2022-12-24 00:00:00+00:00,chan_6,Channel 6,3,2023-01-01 00:00:00+00:00,test|video|trend,272137,13606,0,1360,http://example.com/thumb.jpg,False,False,Test description,youtube,youtube_trending_kaggle,False
vid_0076,Test Video 76,2022-12-24 00:00:00+00:00,chan_6,Channel 6,4,2023-01-02 00:00:00+00:00,test|video|trend,394644,19732,0,1973,http://example.com/thumb.jpg,False,False,Test description,youtube,youtube_trending_kaggle,False
vid_0077,Test Video 77,2022-12-24 00:00:00+00:00,chan_7,Channel 7,9,2022-12-24 00:00:00+00:00,test|video|trend,30306,1515,0,151,http://example.com/thumb.jpg,False,False,Test description,youtube,youtube_trending_kaggle,False
vid_0077,Test Video 77,2022-12-24 00:00:00+00:00,chan_7,Channel 7,28,2022-12-25 00:00:00+00:00,test|video|trend,43059,2152,0,215,http://example.com/thumb.jpg,False,False,Test description,youtube,youtube_trending_kaggle,False
vid_0077,Test Video 77,2022-12-24 00:00:00+00:00,chan_7,Channel 7,20,2022-12-26 00:00:00+00:00,test|video|trend,61181,3059,0,305,http://example.com/thumb.jpg,False,False,Test description,youtube,youtube_trending_kaggle,False
vid_0077,Test Video 77,2022-12-24 00:00:00+00:00,chan_7,Channel 7,11,2022-12-27 00:00:00+00:00,test|video|trend,86929,4346,0,434,http://example.com/thumb.jpg,False,False,Test description,youtube,youtube_trending_kaggle,False
vid_0077,Test Video 77,2022-12-24 00:00:00+00:00,chan_7,Channel 7,4,2022-12-28 00:00:00+00:00,test|video|trend,123512,6175,0,617,http://example.com/thumb.jpg,False,False,Test description,youtube,youtube_trending_kaggle,False
vid_0077,Test Video 77,2022-12-24 00:00:00+00:00,chan_7,Channel 7,10,2022-12-29 00:00:00+00:00,test|video|trend,175491,8774,0,877,http://example.com/thumb.jpg,False,False,Test description,youtube,youtube_trending_kaggle,False
vid_0077,Test Video 77,2022-12-24 00:00:00+00:00,chan_7,Channel 7,10,2022-12-30 00:00:00+00:00,test|video|trend,249345,12467,0,1246,http://example.com/thumb.jpg,False,False,Test description,youtube,youtube_trending_kaggle,False
vid_0077,Test Video 77,2022-12-24 00:00:00+00:00,chan_7,Channel 7,24,2022-12-31 00:00:00+00:00,test|video|trend,354279,17713,0,1771,http://example.com/thumb.jpg,False,False,Test description,youtube,youtube_trending_kaggle,False
vid_0077,Test Video 77,2022-12-24 00:00:00+00:00,chan_7,Channel 7,8,2023-01-01 00:00:00+00:00,test|video|trend,503374,25168,0,2516,http://example.com/thumb.jpg,False,False,Test description,youtube,youtube_trending_kaggle,False
vid_0077,Test Video 77,2022-12-24 00:00:00+00:00,chan_7,Channel 7,23,2023-01-02 00:00:00+00:00,test|video|trend,715215,35760,0,3576,http://example.com/thumb.jpg,False,False,Test description,youtube,youtube_trending_kaggle,False
vid_0078,Test Video 78,2022-12-31 00:00:00+00:00,chan_8,Channel 8,25,2022-12-31 00:00:00+00:00,test|video|trend,14993,749,0,74,http://example.com/thumb.jpg,False,False,Test description,youtube,youtube_trending_kaggle,False
vid_0078,Test Video 78,2022-12-31 00:00:00+00:00,chan_8,Channel 8,10,2023-01-01 00:00:00+00:00,test|video|trend,18939,946,0,94,http://example.com/thumb.jpg,False,False,Test description,youtube,youtube_trending_kaggle,False
vid_0078,Test Video 78,2022-12-31 00:00:00+00:00,chan_8,Channel 8,20,2023-01-02 00:00:00+00:00,test|video|trend,23925,1196,0,119,http://example.com/thumb.jpg,False,False,Test description,youtube,youtube_trending_kaggle,False
vid_0078,Test Video 78,2022-12-31 00:00:00+00:00,chan_8,Channel 8,16,2023-01-03 00:00:00+00:00,test|video|trend,30223,1511,0,151,http://example.com/thumb.jpg,False,False,Test description,youtube,youtube_trending_kaggle,False
vid_0078,Test Video 78,2022-12-31 00:00:00+00:00,chan_8,Channel 8,9,2023-01-04 00:00:00+00:00,test|video|trend,38179,1908,0,190,http://example.com/thumb.jpg,False,False,Test description,youtube,youtube_trending_kaggle,False
vid_0078,Test Video 78,2022-12-31 00:00:00+00:00,chan_8,Channel 8,14,2023-01-05 00:00:00+00:00,test|video|trend,48229,2411,0,241,http://example.com/thumb.jpg,False,False,Test description,youtube,youtube_trending_kaggle,False
vid_0078,Test Video 78,2022-12-31 00:00:00+00:00,chan_8,Channel 8,15,2023-01-06 00:00:00+00:00,test|video|trend,60925,3046,0,304,http://example.com/thumb.jpg,False,False,Test description,youtube,youtube_trending_kaggle,False
vid_0078,Test Video 78,2022-12-31 00:00:00+00:00,chan_8,Channel 8,21,2023-01-07 00:00:00+00:00,test|video|trend,76963,3848,0,384,http://example.com/thumb.jpg,False,False,Test description,youtube,youtube_trending_kaggle,False
vid_0078,Test Video 78,2022-12-31 00:00:00+00:00,chan_8,Channel 8,28,2023-01-08 00:00:00+00:00,test|video|trend,97222,4861,0,486,http://example.com/thumb.jpg,False,False,Test description,youtube,youtube_trending_kaggle,False
vid_0078,Test Video 78,2022-12-31 00:00:00+00:00,chan_8,Channel 8,14,2023-01-09 00:00:00+00:00,test|video|trend,122815,6140,0,614,http://example.com/thumb.jpg,False,False,Test description,youtube,youtube_trending_kaggle,False
vid_0079,Test Video 79,2022-12-23 00:00:00+00:00,chan_9,Channel 9,7,2022-12-23 00:00:00+00:00,test|video|trend,23178,1158,0,115,http://example.com/thumb.jpg,False,False,Test description,youtube,youtube_trending_kaggle,False
vid_0079,Test Video 79,2022-12-23 00:00:00+00:00,chan_9,Channel 9,18,2022-12-24 00:00:00+00:00,test|video|trend,27242,1362,0,136,http://example.com/thumb.jpg,False,False,Test description,youtube,youtube_trending_kaggle,False
vid_0079,Test Video 79,2022-12-23 00:00:00+00:00,chan_9,Channel 9,8,2022-12-25 00:00:00+00:00,test|video|trend,32020,1601,0,160,http://example.com/thumb.jpg,False,False,Test description,youtube,youtube_trending_kaggle,False
vid_0079,Test Video 79,2022-12-23 00:00:00+00:00,chan_9,Channel 9,19,2022-12-26 00:00:00+00:00,test|video|trend,37636,1881,0,188,http://example.com/thumb.jpg,False,False,Test description,youtube,youtube_trending_kaggle,False
vid_0079,Test Video 79,2022-12-23 00:00:00+00:00,chan_9,Channel 9,19,2022-12-27 00:00:00+00:00,test|video|trend,44237,2211,0,221,http://example.com/thumb.jpg,False,False,Test description,youtube,youtube_trending_kaggle,False
vid_0079,Test Video 79,2022-12-23 00:00:00+00:00,chan_9,Channel 9,7,2022-12-28 00:00:00+00:00,test|video|trend,51995,2599,0,259,http://example.com/thumb.jpg,False,False,Test description,youtube,youtube_trending_kaggle,False
vid_0079,Test Video 79,2022-12-23 00:00:00+00:00,chan_9,Channel 9,10,2022-12-29 00:00:00+00:00,test|video|trend,61114,3055,0,305,http://example.com/thumb.jpg,False,False,Test description,youtube,youtube_trending_kaggle,False
vid_0079,Test Video 79,2022-12-23 00:00:00+00:00,chan_9,Channel 9,17,2022-12-30 00:00:00+00:00,test|video|trend,71832,3591,0,359,http://example.com/thumb.jpg,False,False,Test description,youtube,youtube_trending_kaggle,False
vid_0079,Test Video 79,2022-12-23 00:00:00+00:00,chan_9,Channel 9,9,2022-12-31 00:00:00+00:00,test|video|trend,84430,4221,0,422,http://example.com/thumb.jpg,False,False,Test description,youtube,youtube_trending_kaggle,False
vid_0079,Test Video 79,2022-12-23 00:00:00+00:00,chan_9,Channel 9,24,2023-01-01 00:00:00+00:00,test|video|trend,99238,4961,0,496,http://example.com/thumb.jpg,False,False,Test description,youtube,youtube_trending_kaggle,False
vid_0080,Test Video 80,2022-12-31 00:00:00+00:00,chan_0,Channel 0,19,2022-12-31 00:00:00+00:00,test|video|trend,14361,718,0,71,http://example.com/thumb.jpg,False,False,Test description,youtube,youtube_trending_kaggle,False
vid_0080,Test Video 80,2022-12-31 00:00:00+00:00,chan_0,Channel 0,17,2023-01-01 00:00:00+00:00,test|video|trend,18745,937,0,93,http://example.com/thumb.jpg,False,False,Test description,youtube,youtube_trending_kaggle,False
vid_0080,Test Video 80,2022-12-31 00:00:00+00:00,chan_0,Channel 0,11,2023-01-02 00:00:00+00:00,test|video|trend,24469,1223,0,122,http://example.com/thumb.jpg,False,False,Test description,youtube,youtube_trending_kaggle,False
vid_0080,Test Video 80,2022-12-31 00:00:00+00:00,chan_0,Channel 0,27,2023-01-03 00:00:00+00:00,test|video|trend,31940,1597,0,159,http://example.com/thumb.jpg,False,False,Test description,youtube,youtube_trending_kaggle,False
vid_0080,Test Video 80,2022-12-31 00:00:00+00:00,chan_0,Channel 0,12,2023-01-04 00:00:00+00:00,test|video|trend,41693,2084,0,208,http://example.com/thumb.jpg,False,False,Test description,youtube,youtube_trending_kaggle,False
vid_0080,Test Video 80,2022-12-31 00:00:00+00:00,chan_0,Channel 0,24,2023-01-05 00:00:00+00:00,test|video|trend,54423,2721,0,272,http://example.com/thumb.jpg,False,False,Test description,youtube,youtube_trending_kaggle,False
vid_0080,Test Video 80,2022-12-31 00:00:00+00:00,chan_0,Channel 0,21,2023-01-06 00:00:00+00:00,test|video|trend,71040,3552,0,355,http://example.com/thumb.jpg,False,False,Test description,youtube,youtube_trending_kaggle,False
vid_0080,Test Video 80,2022-12-31 00:00:00+00:00,chan_0,Channel 0,1,2023-01-07 00:00:00+00:00,test|video|trend,92731,4636,0,463,http://example.com/thumb.jpg,False,False,Test description,youtube,youtube_trending_kaggle,False
vid_0080,Test Video 80,2022-12-31 00:00:00+00:00,chan_0,Channel 0,2,2023-01-08 00:00:00+00:00,test|video|trend,121045,6052,0,605,http://example.com/thumb.jpg,False,False,Test description,youtube,youtube_trending_kaggle,False
vid_0080,Test Video 80,2022-12-31 00:00:00+00:00,chan_0,Channel 0,15,2023-01-09 00:00:00+00:00,test|video|trend,158004,7900,0,790,http://example.com/thumb.jpg,False,False,Test description,youtube,youtube_trending_kaggle,False
vid_0081,Test Video 81,2022-12-27 00:00:00+00:00,chan_1,Channel 1,17,2022-12-27 00:00:00+00:00,test|video|trend,37683,1884,0,188,http://example.com/thumb.jpg,False,False,Test description,youtube,youtube_trending_kaggle,False
vid_0081,Test Video 81,2022-12-27 00:00:00+00:00,chan_1,Channel 1,21,2022-12-28 00:00:00+00:00,test|video|trend,42226,2111,0,211,http://example.com/thumb.jpg,False,False,Test description,youtube,youtube_trending_kaggle,False
vid_0081,Test Video 81,2022-12-27 00:00:00+00:00,chan_1,Channel 1,27,2022-12-29 00:00:00+00:00,test|video|trend,47317,2365,0,236,http://example.com/thumb.jpg,False,False,Test description,youtube,youtube_trending_kaggle,False
vid_0081,Test Video 81,2022-12-27 00:00:00+00:00,chan_1,Channel 1,24,2022-12-30 00:00:00+00:00,test|video|trend,53022,2651,0,265,http://example.com/thumb.jpg,False,False,Test description,youtube,youtube_trending_kaggle,False
vid_0081,Test Video 81,2022-12-27 00:00:00+00:00,chan_1,Channel 1,28,2022-12-31 00:00:00+00:00,test|video|trend,59415,2970,0,297,http://example.com/thumb.jpg,False,False,Test description,youtube,youtube_trending_kaggle,False
vid_0081,Test Video 81,2022-12-27 00:00:00+00:00,chan_1,Channel 1,28,2023-01-01 00:00:00+00:00,test|video|trend,66579,3328,0,332,http://example.com/thumb.jpg,False,False,Test description,youtube,youtube_trending_kaggle,False
vid_0081,Test Video 81,2022-12-27 00:00:00+00:00,chan_1,Channel 1,2,2023-01-02 00:00:00+00:00,test|video|trend,74606,3730,0,373,http://example.com/thumb.jpg,False,False,Test description,youtube,youtube_trending_kaggle,False
vid_0081,Test Video 81,2022-12-27 00:00:00+00:00,chan_1,Channel 1,14,2023-01-03 00:00:00+00:00,test|video|trend,83601,4180,0,418,http://example.com/thumb.jpg,False,False,Test description,youtube,youtube_trending_kaggle,False
vid_0081,Test Video 81,2022-12-27 00:00:00+00:00,chan_1,Channel 1,17,2023-01-04 00:00:00+00:00,test|video|trend,93681,4684,0,468,http://example.com/thumb.jpg,False,False,Test description,youtube,youtube_trending_kaggle,False
vid_0081,Test Video 81,2022-12-27 00:00:00+00:00,chan_1,Channel 1,16,2023-01-05 00:00:00+00:00,test|video|trend,104976,5248,0,524,http://example.com/thumb.jpg,False,False,Test description,youtube,youtube_trending_kaggle,False
vid_0082,Test Video 82,2022-12-30 00:00:00+00:00,chan_2,Channel 2,15,2022-12-30 00:00:00+00:00,test|video|trend,1004,50,0,5,http://example.com/thumb.jpg,False,False,Test description,youtube,youtube_trending_kaggle,False
vid_0082,Test Video 82,2022-12-30 00:00:00+00:00,chan_2,Channel 2,7,2022-12-31 00:00:00+00:00,test|video|trend,1050,52,0,5,http://example.com/thumb.jpg,False,False,Test description,youtube,youtube_trending_kaggle,False
vid_0082,Test Video 82,2022-12-30 00:00:00+00:00,chan_2,Channel 2,27,2023-01-01 00:00:00+00:00,test|video|trend,1099,54,0,5,http://example.com/thumb.jpg,False,False,Test description,youtube,youtube_trending_kaggle,False
vid_0082,Test Video 82,2022-12-30 00:00:00+00:00,chan_2,Channel 2,27,2023-01-02 00:00:00+00:00,test|video|trend,1151,57,0,5,http://example.com/thumb.jpg,False,False,Test description,youtube,youtube_trending_kaggle,False
vid_0082,Test Video 82,2022-12-30 00:00:00+00:00,chan_2,Channel 2,23,2023-01-03 00:00:00+00:00,test|video|trend,1204,60,0,6,http://example.com/thumb.jpg,False,False,Test description,youtube,youtube_trending_kaggle,False
vid_0082,Test Video 82,2022-12-30 00:00:00+00:00,chan_2,Channel 2,6,2023-01-04 00:00:00+00:00,test|video|trend,1261,63,0,6,http://example.com/thumb.jpg,False,False,Test description,youtube,youtube_trending_kaggle,False
vid_0082,Test Video 82,2022-12-30 00:00:00+00:00,chan_2,Channel 2,12,2023-01-05 00:00:00+00:00,test|video|trend,1319,65,0,6,http://example.com/thumb.jpg,False,False,Test description,youtube,youtube_trending_kaggle,False
vid_0082,Test Video 82,2022-12-30 00:00:00+00:00,chan_2,Channel 2,2,2023-01-06 00:00:00+00:00,test|video|trend,1381,69,0,6,http://example.com/thumb.jpg,False,False,Test description,youtube,youtube_trending_kaggle,False
vid_0082,Test Video 82,2022-12-30 00:00:00+00:00,chan_2,Channel 2,8,2023-01-07 00:00:00+00:00,test|video|trend,1445,72,0,7,http://example.com/thumb.jpg,False,False,Test description,youtube,youtube_trending_kaggle,False
vid_0082,Test Video 82,2022-12-30 00:00:00+00:00,chan_2,Channel 2,29,2023-01-08 00:00:00+00:00,test|video|trend,1513,75,0,7,http://example.com/thumb.jpg,False,False,Test description,youtube,youtube_trending_kaggle,False
vid_0083,Test Video 83,2022-12-23 00:00:00+00:00,chan_3,Channel 3,1,2022-12-23 00:00:00+00:00,test|video|trend,41159,2057,0,205,http://example.com/thumb.jpg,False,False,Test description,youtube,youtube_trending_kaggle,False
vid_0083,Test Video 83,2022-12-23 00:00:00+00:00,chan_3,Channel 3,17,2022-12-24 00:00:00+00:00,test|video|trend,41643,2082,0,208,http://example.com/thumb.jpg,False,False,Test description,youtube,youtube_trending_kaggle,False
vid_0083,Test Video 83,2022-12-23 00:00:00+00:00,chan_3,Channel 3,9,2022-12-25 00:00:00+00:00,test|video|trend,42132,2106,0,210,http://example.com/thumb.jpg,False,False,Test description,youtube,youtube_trending_kaggle,False
vid_0083,Test Video 83,2022-12-23 00:00:00+00:00,chan_3,Channel 3,8,2022-12-26 00:00:00+00:00,test|video|trend,42628,2131,0,213,http://example.com/thumb.jpg,False,False,Test description,youtube,youtube_trending_kaggle,False
vid_0083,Test Video 83,2022-12-23 00:00:00+00:00,chan_3,Channel 3,15,2022-12-27 00:00:00+00:00,test|video|trend,43129,2156,0,215,http://example.com/thumb.jpg,False,False,Test description,youtube,youtube_trending_kaggle,False
vid_0083,Test Video 83,2022-12-23 00:00:00+00:00,chan_3,Channel 3,26,2022-12-28 00:00:00+00:00,test|video|trend,43637,2181,0,218,http://example.com/thumb.jpg,False,False,Test description,youtube,youtube_trending_kaggle,False
vid_0083,Test Video 83,2022-12-23 00:00:00+00:00,chan_3,Channel 3,9,2022-12-29 00:00:00+00:00,test|video|trend,44150,2207,0,220,http://example.com/thumb.jpg,False,False,Test description,youtube,youtube_trending_kaggle,False
vid_0083,Test Video 83,2022-12-23 00:00:00+00:00,chan_3,Channel 3,29,2022-12-30 00:00:00+00:00,test|video|trend,44669,2233,0,223,http://example.com/thumb.jpg,False,False,Test description,youtube,youtube_trending_kaggle,False
vid_0083,Test Video 83,2022-12-23 00:00:00+00:00,chan_3,Channel 3,1,2022-12-31 00:00:00+00:00,test|video|trend,45195,2259,0,225,http://example.com/thumb.jpg,False,False,Test description,youtube,youtube_trending_kaggle,False
vid_0083,Test Video 83,2022-12-23 00:00:00+00:00,chan_3,Channel 3,6,2023-01-01 00:00:00+00:00,test|video|trend,45726,2286,0,228,http://example.com/thumb.jpg,False,False,Test description,youtube,youtube_trending_kaggle,False
vid_0084,Test Video 84,2022-12-31 00:00:00+00:00,chan_4,Channel 4,15,2022-12-31 00:00:00+00:00,test|video|trend,48092,2404,0,240,http://example.com/thumb.jpg,False,False,Test description,youtube,youtube_trending_kaggle,False
vid_0084,Test Video 84,2022-12-31 00:00:00+00:00,chan_4,Channel 4,7,2023-01-01 00:00:00+00:00,test|video|trend,52067,2603,0,260,http://example.com/thumb.jpg,False,False,Test description,youtube,youtube_trending_kaggle,False
vid_0084,Test Video 84,2022-12-31 00:00:00+00:00,chan_4,Channel 4,3,2023-01-02 00:00:00+00:00,test|video|trend,56371,2818,0,281,http://example.com/thumb.jpg,False,False,Test description,youtube,youtube_trending_kaggle,False
vid_0084,Test Video 84,2022-12-31 00:00:00+00:00,chan_4,Channel 4,17,2023-01-03 00:00:00+00:00,test|video|trend,61031,3051,0,305,http://example.com/thumb.jpg,False,False,Test description,youtube,youtube_trending_kaggle,False
vid_0084,Test Video 84,2022-12-31 00:00:00+00:00,chan_4,Channel 4,6,2023-01-04 00:00:00+00:00,test|video|trend,66076,3303,0,330,http://example.com/thumb.jpg,False,False,Test description,youtube,youtube_trending_kaggle,False
vid_0084,Test Video 84,2022-12-31 00:00:00+00:00,chan_4,Channel 4,11,2023-01-05 00:00:00+00:00,test|video|trend,71538,3576,0,357,http://example.com/thumb.jpg,False,False,Test description,youtube,youtube_trending_kaggle,False
vid_0084,Test Video 84,2022-12-31 00:00:00+00:00,chan_4,Channel 4,10,2023-01-06 00:00:00+00:00,test|video|trend,77451,3872,0,387,http://example.com/thumb.jpg,False,False,Test description,youtube,youtube_trending_kaggle,False
vid_0084,Test Video 84,2022-12-31 00:00:00+00:00,chan_4,Channel 4,24,2023-01-07 00:00:00+00:00,test|video|trend,83853,4192,0,419,http://example.com/thumb.jpg,False,False,Test description,youtube,youtube_trending_kaggle,False
vid_0084,Test Video 84,2022-12-31 00:00:00+00:00,chan_4,Channel 4,29,2023-01-08 00:00:00+00:00,test|video|trend,90785,4539,0,453,http://example.com/thumb.jpg,False,False,Test description,youtube,youtube_trending_kaggle,False
vid_0084,Test Video 84,2022-12-31 00:00:00+00:00,chan_4,Channel 4,16,2023-01-09 00:00:00+00:00,test|video|trend,98289,4914,0,491,http://example.com/thumb.jpg,False,False,Test description,youtube,youtube_trending_kaggle,False
vid_0085,Test Video 85,2022-12-31 00:00:00+00:00,chan_5,Channel 5,21,2022-12-31 00:00:00+00:00,test|video|trend,28733,1436,0,143,http://example.com/thumb.jpg,False,False,Test description,youtube,youtube_trending_kaggle,False
vid_0085,Test Video 85,2022-12-31 00:00:00+00:00,chan_5,Channel 5,2,2023-01-01 00:00:00+00:00,test|video|trend,37130,1856,0,185,http://example.com/thumb.jpg,False,False,Test description,youtube,youtube_trending_kaggle,False
vid_0085,Test Video 85,2022-12-31 00:00:00+00:00,chan_5,Channel 5,21,2023-01-02 00:00:00+00:00,test|video|trend,47982,2399,0,239,http://example.com/thumb.jpg,False,False,Test description,youtube,youtube_trending_kaggle,False
vid_0085,Test Video 85,2022-12-31 00:00:00+00:00,chan_5,Channel 5,26,2023-01-03 00:00:00+00:00,test|video|trend,62005,3100,0,310,http://example.com/thumb.jpg,False,False,Test description,youtube,youtube_trending_kaggle,False
vid_0085,Test Video 85,2022-12-31 00:00:00+00:00,chan_5,Channel 5,21,2023-01-04 00:00:00+00:00,test|video|trend,80127,4006,0,400,http://example.com/thumb.jpg,False,False,Test description,youtube,youtube_trending_kaggle,False
vid_0085,Test Video 85,2022-12-31 00:00:00+00:00,chan_5,Channel 5,26,2023-01-05 00:00:00+00:00,test|video|trend,103545,5177,0,517,http://example.com/thumb.jpg,False,False,Test description,youtube,youtube_trending_kaggle,False
vid_0085,Test Video 85,2022-12-31 00:00:00+00:00,chan_5,Channel 5,19,2023-01-06 00:00:00+00:00,test|video|trend,133807,6690,0,669,http://example.com/thumb.jpg,False,False,Test description,youtube,youtube_trending_kaggle,False
vid_0085,Test Video 85,2022-12-31 00:00:00+00:00,chan_5,Channel 5,8,2023-01-07 00:00:00+00:00,test|video|trend,172914,8645,0,864,http://example.com/thumb.jpg,False,False,Test description,youtube,youtube_trending_kaggle,False
vid_0085,Test Video 85,2022-12-31 00:00:00+00:00,chan_5,Channel 5,4,2023-01-08 00:00:00+00:00,test|video|trend,223450,11172,0,1117,http://example.com/thumb.jpg,False,False,Test description,youtube,youtube_trending_kaggle,False
vid_0085,Test Video 85,2022-12-31 00:00:00+00:00,chan_5,Channel 5,20,2023-01-09 00:00:00+00:00,test|video|trend,288755,14437,0,1443,http://example.com/thumb.jpg,False,False,Test description,youtube,youtube_trending_kaggle,False
vid_0086,Test Video 86,2022-12-23 00:00:00+00:00,chan_6,Channel 6,8,2022-12-23 00:00:00+00:00,test|video|trend,3176,158,0,15,http://example.com/thumb.jpg,False,False,Test description,youtube,youtube_trending_kaggle,False
vid_0086,Test Video 86,2022-12-23 00:00:00+00:00,chan_6,Channel 6,9,2022-12-24 00:00:00+00:00,test|video|trend,3354,167,0,16,http://example.com/thumb.jpg,False,False,Test description,youtube,youtube_trending_kaggle,False
vid_0086,Test Video 86,2022-12-23 00:00:00+00:00,chan_6,Channel 6,5,2022-12-25 00:00:00+00:00,test|video|trend,3543,177,0,17,http://example.com/thumb.jpg,False,False,Test description,youtube,youtube_trending_kaggle,False
vid_0086,Test Video 86,2022-12-23 00:00:00+00:00,chan_6,Channel 6,21,2022-12-26 00:00:00+00:00,test|video|trend,3743,187,0,18,http://example.com/thumb.jpg,False,False,Test description,youtube,youtube_trending_kaggle,False
vid_0086,Test Video 86,2022-12-23 00:00:00+00:00,chan_6,Channel 6,1,2022-12-27 00:00:00+00:00,test|video|trend,3954,197,0,19,http://example.com/thumb.jpg,False,False,Test description,youtube,youtube_trending_kaggle,False
vid_0086,Test Video 86,2022-12-23 00:00:00+00:00,chan_6,Channel 6,24,2022-12-28 00:00:00+00:00,test|video|trend,4176,208,0,20,http://example.com/thumb.jpg,False,False,Test description,youtube,youtube_trending_kaggle,False
vid_0086,Test Video 86,2022-12-23 00:00:00+00:00,chan_6,Channel 6,27,2022-12-29 00:00:00+00:00,test|video|trend,4412,220,0,22,http://example.com/thumb.jpg,False,False,Test description,youtube,youtube_trending_kaggle,False
vid_0086,Test Video 86,2022-12-23 00:00:00+00:00,chan_6,Channel 6,14,2022-12-30 00:00:00+00:00,test|video|trend,4660,233,0,23,http://example.com/thumb.jpg,False,False,Test description,youtube,youtube_trending_kaggle,False
vid_0086,Test Video 86,2022-12-23 00:00:00+00:00,chan_6,Channel 6,14,2022-12-31 00:00:00+00:00,test|video|trend,4922,246,0,24,http://example.com/thumb.jpg,False,False,Test description,youtube,youtube_trending_kaggle,False
vid_0086,Test Video 86,2022-12-23 00:00:00+00:00,chan_6,Channel 6,21,2023-01-01 00:00:00+00:00,test|video|trend,5200,260,0,26,http://example.com/thumb.jpg,False,False,Test description,youtube,youtube_trending_kaggle,False
vid_0087,Test Video 87,2022-12-31 00:00:00+00:00,chan_7,Channel 7,2,2022-12-31 00:00:00+00:00,test|video|trend,46084,2304,0,230,http://example.com/thumb.jpg,False,False,Test description,youtube,youtube_trending_kaggle,False
vid_0087,Test Video 87,2022-12-31 00:00:00+00:00,chan_7,Channel 7,25,2023-01-01 00:00:00+00:00,test|video|trend,62712,3135,0,313,http://example.com/thumb.jpg,False,False,Test description,youtube,youtube_trending_kaggle,False
vid_0087,Test Video 87,2022-12-31 00:00:00+00:00,chan_7,Channel 7,5,2023-01-02 00:00:00+00:00,test|video|trend,85340,4267,0,426,http://example.com/thumb.jpg,False,False,Test description,youtube,youtube_trending_kaggle,False
vid_0087,Test Video 87,2022-12-31 00:00:00+00:00,chan_7,Channel 7,8,2023-01-03 00:00:00+00:00,test|video|trend,116134,5806,0,580,http://example.com/thumb.jpg,False,False,Test description,youtube,youtube_trending_kaggle,False
vid_0087,Test Video 87,2022-12-31 00:00:00+00:00,chan_7,Channel 7,5,2023-01-04 00:00:00+00:00,test|video|trend,158039,7901,0,790,http://example.com/thumb.jpg,False,False,Test description,youtube,youtube_trending_kaggle,False
vid_0087,Test Video 87,2022-12-31 00:00:00+00:00,chan_7,Channel 7,15,2023-01-05 00:00:00+00:00,test|video|trend,215064,10753,0,1075,http://example.com/thumb.jpg,False,False,Test description,youtube,youtube_trending_kaggle,False
vid_0087,Test Video 87,2022-12-31 00:00:00+00:00,chan_7,Channel 7,16,2023-01-06 00:00:00+00:00,test|video|trend,292665,14633,0,1463,http://example.com/thumb.jpg,False,False,Test description,youtube,youtube_trending_kaggle,False
vid_0087,Test Video 87,2022-12-31 00:00:00+00:00,chan_7,Channel 7,1,2023-01-07 00:00:00+00:00,test|video|trend,398267,19913,0,1991,http://example.com/thumb.jpg,False,False,Test description,youtube,youtube_trending_kaggle,False
vid_0087,Test Video 87,2022-12-31 00:00:00+00:00,chan_7,Channel 7,15,2023-01-08 00:00:00+00:00,test|video|trend,541973,27098,0,2709,http://example.com/thumb.jpg,False,False,Test description,youtube,youtube_trending_kaggle,False
vid_0087,Test Video 87,2022-12-31 00:00:00+00:00,chan_7,Channel 7,28,2023-01-09 00:00:00+00:00,test|video|trend,737533,36876,0,3687,http://example.com/thumb.jpg,False,False,Test description,youtube,youtube_trending_kaggle,False
vid_0088,Test Video 88,2022-12-30 00:00:00+00:00,chan_8,Channel 8,4,2022-12-30 00:00:00+00:00,test|video|trend,28721,1436,0,143,http://example.com/thumb.jpg,False,False,Test description,youtube,youtube_trending_kaggle,False
vid_0088,Test Video 88,2022-12-30 00:00:00+00:00,chan_8,Channel 8,26,2022-12-31 00:00:00+00:00,test|video|trend,34517,1725,0,172,http://example.com/thumb.jpg,False,False,Test description,youtube,youtube_trending_kaggle,False
vid_0088,Test Video 88,2022-12-30 00:00:00+00:00,chan_8,Channel 8,9,2023-01-01 00:00:00+00:00,test|video|trend,41482,2074,0,207,http://example.com/thumb.jpg,False,False,Test description,youtube,youtube_trending_kaggle,False
vid_0088,Test Video 88,2022-12-30 00:00:00+00:00,chan_8,Channel 8,7,2023-01-02 00:00:00+00:00,test|video|trend,49854,2492,0,249,http://example.com/thumb.jpg,False,False,Test description,youtube,youtube_trending_kaggle,False
vid_0088,Test Video 88,2022-12-30 00:00:00+00:00,chan_8,Channel 8,21,2023-01-03 00:00:00+00:00,test|video|trend,59915,2995,0,299,http://example.com/thumb.jpg,False,False,Test description,youtube,youtube_trending_kaggle,False
vid_0088,Test Video 88,2022-12-30 00:00:00+00:00,chan_8,Channel 8,23,2023-01-04 00:00:00+00:00,test|video|trend,72007,3600,0,360,http://example.com/thumb.jpg,False,False,Test description,youtube,youtube_trending_kaggle,False
vid_0088,Test Video 88,2022-12-30 00:00:00+00:00,chan_8,Channel 8,2,2023-01-05 00:00:00+00:00,test|video|trend,86538,4326,0,432,http://example.com/thumb.jpg,False,False,Test description,youtube,youtube_trending_kaggle,False
vid_0088,Test Video 88,2022-12-30 00:00:00+00:00,chan_8,Channel 8,8,2023-01-06 00:00:00+00:00,test|video|trend,104002,5200,0,520,http://example.com/thumb.jpg,False,False,Test description,youtube,youtube_trending_kaggle,False
vid_0088,Test Video 88,2022-12-30 00:00:00+00:00,chan_8,Channel 8,4,2023-01-07 00:00:00+00:00,test|video|trend,124991,6249,0,624,http://example.com/thumb.jpg,False,False,Test description,youtube,youtube_trending_kaggle,False
vid_0088,Test Video 88,2022-12-30 00:00:00+00:00,chan_8,Channel 8,17,2023-01-08 00:00:00+00:00,test|video|trend,150215,7510,0,751,http://example.com/thumb.jpg,False,False,Test description,youtube,youtube_trending_kaggle,False
vid_0089,Test Video 89,2022-12-23 00:00:00+00:00,chan_9,Channel 9,17,2022-12-23 00:00:00+00:00,test|video|trend,4598,229,0,22,http://example.com/thumb.jpg,False,False,Test description,youtube,youtube_trending_kaggle,False
vid_0089,Test Video 89,2022-12-23 00:00:00+00:00,chan_9,Channel 9,10,2022-12-24 00:00:00+00:00,test|video|trend,5979,298,0,29,http://example.com/thumb.jpg,False,False,Test description,youtube,youtube_trending_kaggle,False
vid_0089,Test Video 89,2022-12-23 00:00:00+00:00,chan_9,Channel 9,14,2022-12-25 00:00:00+00:00,test|video|trend,7774,388,0,38,http://example.com/thumb.jpg,False,False,Test description,youtube,youtube_trending_kaggle,False
vid_0089,Test Video 89,2022-12-23 00:00:00+00:00,chan_9,Channel 9,9,2022-12-26 00:00:00+00:00,test|video|trend,10110,505,0,50,http://example.com/thumb.jpg,False,False,Test description,youtube,youtube_trending_kaggle,False
vid_0089,Test Video 89,2022-12-23 00:00:00+00:00,chan_9,Channel 9,7,2022-12-27 00:00:00+00:00,test|video|trend,13146,657,0,65,http://example.com/thumb.jpg,False,False,Test description,youtube,youtube_trending_kaggle,False
vid_0089,Test Video 89,2022-12-23 00:00:00+00:00,chan_9,Channel 9,22,2022-12-28 00:00:00+00:00,test|video|trend,17095,854,0,85,http://example.com/thumb.jpg,False,False,Test description,youtube,youtube_trending_kaggle,False
vid_0089,Test Video 89,2022-12-23 00:00:00+00:00,chan_9,Channel 9,29,2022-12-29 00:00:00+00:00,test|video|trend,22230,1111,0,111,http://example.com/thumb.jpg,False,False,Test description,youtube,youtube_trending_kaggle,False
vid_0089,Test Video 89,2022-12-23 00:00:00+00:00,chan_9,Channel 9,24,2022-12-30 00:00:00+00:00,test|video|trend,28907,1445,0,144,http://example.com/thumb.jpg,False,False,Test description,youtube,youtube_trending_kaggle,False
vid_0089,Test Video 89,2022-12-23 00:00:00+00:00,chan_9,Channel 9,28,2022-12-31 00:00:00+00:00,test|video|trend,37589,1879,0,187,http://example.com/thumb.jpg,False,False,Test description,youtube,youtube_trending_kaggle,False
vid_0089,Test Video 89,2022-12-23 00:00:00+00:00,chan_9,Channel 9,19,2023-01-01 00:00:00+00:00,test|video|trend,48879,2443,0,244,http://example.com/thumb.jpg,False,False,Test description,youtube,youtube_trending_kaggle,False
vid_0090,Test Video 90,2022-12-25 00:00:00+00:00,chan_0,Channel 0,17,2022-12-25 00:00:00+00:00,test|video|trend,1999,99,0,9,http://example.com/thumb.jpg,False,False,Test description,youtube,youtube_trending_kaggle,False
vid_0090,Test Video 90,2022-12-25 00:00:00+00:00,chan_0,Channel 0,27,2022-12-26 00:00:00+00:00,test|video|trend,2097,104,0,10,http://example.com/thumb.jpg,False,False,Test description,youtube,youtube_trending_kaggle,False
vid_0090,Test Video 90,2022-12-25 00:00:00+00:00,chan_0,Channel 0,2,2022-12-27 00:00:00+00:00,test|video|trend,2200,110,0,11,http://example.com/thumb.jpg,False,False,Test description,youtube,youtube_trending_kaggle,False
vid_0090,Test Video 90,2022-12-25 00:00:00+00:00,chan_0,Channel 0,28,2022-12-28 00:00:00+00:00,test|video|trend,2308,115,0,11,http://example.com/thumb.jpg,False,False,Test description,youtube,youtube_trending_kaggle,False
vid_0090,Test Video 90,2022-12-25 00:00:00+00:00,chan_0,Channel 0,20,2022-12-29 00:00:00+00:00,test|video|trend,2422,121,0,12,http://example.com/thumb.jpg,False,False,Test description,youtube,youtube_trending_kaggle,False
vid_0090,Test Video 90,2022-12-25 00:00:00+00:00,chan_0,Channel 0,19,2022-12-30 00:00:00+00:00,test|video|trend,2541,127,0,12,http://example.com/thumb.jpg,False,False,Test description,youtube,youtube_trending_kaggle,False
vid_0090,Test Video 90,2022-12-25 00:00:00+00:00,chan_0,Channel 0,27,2022-12-31 00:00:00+00:00,test|video|trend,2666,133,0,13,http://example.com/thumb.jpg,False,False,Test description,youtube,youtube_trending_kaggle,False
vid_0090,Test Video 90,2022-12-25 00:00:00+00:00,chan_0,Channel 0,22,2023-01-01 00:00:00+00:00,test|video|trend,2797,139,0,13,http://example.com/thumb.jpg,False,False,Test description,youtube,youtube_trending_kaggle,False
vid_0090,Test Video 90,2022-12-25 00:00:00+00:00,chan_0,Channel 0,5,2023-01-02 00:00:00+00:00,test|video|trend,2934,146,0,14,http://example.com/thumb.jpg,False,False,Test description,youtube,youtube_trending_kaggle,False
vid_0090,Test Video 90,2022-12-25 00:00:00+00:00,chan_0,Channel 0,28,2023-01-03 00:00:00+00:00,test|video|trend,3078,153,0,15,http://example.com/thumb.jpg,False,False,Test description,youtube,youtube_trending_kaggle,False
vid_0091,Test Video 91,2022-12-31 00:00:00+00:00,chan_1,Channel 1,1,2022-12-31 00:00:00+00:00,test|video|trend,16937,846,0,84,http://example.com/thumb.jpg,False,False,Test description,youtube,youtube_trending_kaggle,False
vid_0091,Test Video 91,2022-12-31 00:00:00+00:00,chan_1,Channel 1,12,2023-01-01 00:00:00+00:00,test|video|trend,21847,1092,0,109,http://example.com/thumb.jpg,False,False,Test description,youtube,youtube_trending_kaggle,False
vid_0091,Test Video 91,2022-12-31 00:00:00+00:00,chan_1,Channel 1,16,2023-01-02 00:00:00+00:00,test|video|trend,28181,1409,0,140,http://example.com/thumb.jpg,False,False,Test description,youtube,youtube_trending_kaggle,False
vid_0091,Test Video 91,2022-12-31 00:00:00+00:00,chan_1,Channel 1,22,2023-01-03 00:00:00+00:00,test|video|trend,36351,1817,0,181,http://example.com/thumb.jpg,False,False,Test description,youtube,youtube_trending_kaggle,False
vid_0091,Test Video 91,2022-12-31 00:00:00+00:00,chan_1,Channel 1,29,2023-01-04 00:00:00+00:00,test|video|trend,46889,2344,0,234,http://example.com/thumb.jpg,False,False,Test description,youtube,youtube_trending_kaggle,False
vid_0091,Test Video 91,2022-12-31 00:00:00+00:00,chan_1,Channel 1,11,2023-01-05 00:00:00+00:00,test|video|trend,60483,3024,0,302,http://example.com/thumb.jpg,False,False,Test description,youtube,youtube_trending_kaggle,False
vid_0091,Test Video 91,2022-12-31 00:00:00+00:00,chan_1,Channel 1,13,2023-01-06 00:00:00+00:00,test|video|trend,78018,3900,0,390,http://example.com/thumb.jpg,False,False,Test description,youtube,youtube_trending_kaggle,False
vid_0091,Test Video 91,2022-12-31 00:00:00+00:00,chan_1,Channel 1,28,2023-01-07 00:00:00+00:00,test|video|trend,100637,5031,0,503,http://example.com/thumb.jpg,False,False,Test description,youtube,youtube_trending_kaggle,False
vid_0091,Test Video 91,2022-12-31 00:00:00+00:00,chan_1,Channel 1,19,2023-01-08 00:00:00+00:00,test|video|trend,129813,6490,0,649,http://example.com/thumb.jpg,False,False,Test description,youtube,youtube_trending_kaggle,False
vid_0091,Test Video 91,2022-12-31 00:00:00+00:00,chan_1,Channel 1,13,2023-01-09 00:00:00+00:00,test|video|trend,167448,8372,0,837,http://example.com/thumb.jpg,False,False,Test description,youtube,youtube_trending_kaggle,False
vid_0092,Test Video 92,2022-12-25 00:00:00+00:00,chan_2,Channel 2,23,2022-12-25 00:00:00+00:00,test|video|trend,12259,612,0,61,http://example.com/thumb.jpg,False,False,Test description,youtube,youtube_trending_kaggle,False
vid_0092,Test Video 92,2022-12-25 00:00:00+00:00,chan_2,Channel 2,26,2022-12-26 00:00:00+00:00,test|video|trend,17201,860,0,86,http://example.com/thumb.jpg,False,False,Test description,youtube,youtube_trending_kaggle,False
vid_0092,Test Video 92,2022-12-25 00:00:00+00:00,chan_2,Channel 2,25,2022-12-27 00:00:00+00:00,test|video|trend,24137,1206,0,120,http://example.com/thumb.jpg,False,False,Test description,youtube,youtube_trending_kaggle,False
vid_0092,Test Video 92,2022-12-25 00:00:00+00:00,chan_2,Channel 2,29,2022-12-28 00:00:00+00:00,test|video|trend,33870,1693,0,169,http://example.com/thumb.jpg,False,False,Test description,youtube,youtube_trending_kaggle,False
vid_0092,Test Video 92,2022-12-25 00:00:00+00:00,chan_2,Channel 2,3,2022-12-29 00:00:00+00:00,test|video|trend,47527,2376,0,237,http://example.com/thumb.jpg,False,False,Test description,youtube,youtube_trending_kaggle,False
vid_0092,Test Video 92,2022-12-25 00:00:00+00:00,chan_2,Channel 2,27,2022-12-30 00:00:00+00:00,test|video|trend,66690,3334,0,333,http://example.com/thumb.jpg,False,False,Test description,youtube,youtube_trending_kaggle,False
vid_0092,Test Video 92,2022-12-25 00:00:00+00:00,chan_2,Channel 2,19,2022-12-31 00:00:00+00:00,test|video|trend,93580,4679,0,467,http://example.com/thumb.jpg,False,False,Test description,youtube,youtube_trending_kaggle,False
vid_0092,Test Video 92,2022-12-25 00:00:00+00:00,chan_2,Channel 2,8,2023-01-01 00:00:00+00:00,test|video|trend,131313,6565,0,656,http://example.com/thumb.jpg,False,False,Test description,youtube,youtube_trending_kaggle,False
vid_0092,Test Video 92,2022-12-25 00:00:00+00:00,chan_2,Channel 2,7,2023-01-02 00:00:00+00:00,test|video|trend,184259,9212,0,921,http://example.com/thumb.jpg,False,False,Test description,youtube,youtube_trending_kaggle,False
vid_0092,Test Video 92,2022-12-25 00:00:00+00:00,chan_2,Channel 2,6,2023-01-03 00:00:00+00:00,test|video|trend,258554,12927,0,1292,http://example.com/thumb.jpg,False,False,Test description,youtube,youtube_trending_kaggle,False
vid_0093,Test Video 93,2022-12-27 00:00:00+00:00,chan_3,Channel 3,27,2022-12-27 00:00:00+00:00,test|video|trend,6075,303,0,30,http://example.com/thumb.jpg,False,False,Test description,youtube,youtube_trending_kaggle,False
vid_0093,Test Video 93,2022-12-27 00:00:00+00:00,chan_3,Channel 3,1,2022-12-28 00:00:00+00:00,test|video|trend,6139,306,0,30,http://example.com/thumb.jpg,False,False,Test description,youtube,youtube_trending_kaggle,False
vid_0093,Test Video 93,2022-12-27 00:00:00+00:00,chan_3,Channel 3,22,2022-12-29 00:00:00+00:00,test|video|trend,6204,310,0,31,http://example.com/thumb.jpg,False,False,Test description,youtube,youtube_trending_kaggle,False
vid_0093,Test Video 93,2022-12-27 00:00:00+00:00,chan_3,Channel 3,12,2022-12-30 00:00:00+00:00,test|video|trend,6270,313,0,31,http://example.com/thumb.jpg,False,False,Test description,youtube,youtube_trending_kaggle,False
vid_0093,Test Video 93,2022-12-27 00:00:00+00:00,chan_3,Channel 3,25,2022-12-31 00:00:00+00:00,test|video|trend,6336,316,0,31,http://example.com/thumb.jpg,False,False,Test description,youtube,youtube_trending_kaggle,False
vid_0093,Test Video 93,2022-12-27 00:00:00+00:00,chan_3,Channel 3,28,2023-01-01 00:00:00+00:00,test|video|trend,6404,320,0,32,http://example.com/thumb.jpg,False,False,Test description,youtube,youtube_trending_kaggle,False
vid_0093,Test Video 93,2022-12-27 00:00:00+00:00,chan_3,Channel 3,15,2023-01-02 00:00:00+00:00,test|video|trend,6472,323,0,32,http://example.com/thumb.jpg,False,False,Test description,youtube,youtube_trending_kaggle,False
vid_0093,Test Video 93,2022-12-27 00:00:00+00:00,chan_3,Channel 3,3,2023-01-03 00:00:00+00:00,test|video|trend,6540,327,0,32,http://example.com/thumb.jpg,False,False,Test description,youtube,youtube_trending_kaggle,False
vid_0093,Test Video 93,2022-12-27 00:00:00+00:00,chan_3,Channel 3,24,2023-01-04 00:00:00+00:00,test|video|trend,6610,330,0,33,http://example.com/thumb.jpg,False,False,Test description,youtube,youtube_trending_kaggle,False
vid_0093,Test Video 93,2022-12-27 00:00:00+00:00,chan_3,Channel 3,21,2023-01-05 00:00:00+00:00,test|video|trend,6680,334,0,33,http://example.com/thumb.jpg,False,False,Test description,youtube,youtube_trending_kaggle,False
vid_0094,Test Video 94,2022-12-31 00:00:00+00:00,chan_4,Channel 4,18,2022-12-31 00:00:00+00:00,test|video|trend,19435,971,0,97,http://example.com/thumb.jpg,False,False,Test description,youtube,youtube_trending_kaggle,False
vid_0094,Test Video 94,2022-12-31 00:00:00+00:00,chan_4,Channel 4,6,2023-01-01 00:00:00+00:00,test|video|trend,28947,1447,0,144,http://example.com/thumb.jpg,False,False,Test description,youtube,youtube_trending_kaggle,False
vid_0094,Test Video 94,2022-12-31 00:00:00+00:00,chan_4,Channel 4,11,2023-01-02 00:00:00+00:00,test|video|trend,43115,2155,0,215,http://example.com/thumb.jpg,False,False,Test description,youtube,youtube_trending_kaggle,False
vid_0094,Test Video 94,2022-12-31 00:00:00+00:00,chan_4,Channel 4,19,2023-01-03 00:00:00+00:00,test|video|trend,64218,3210,0,321,http://example.com/thumb.jpg,False,False,Test description,youtube,youtube_trending_kaggle,False
vid_0094,Test Video 94,2022-12-31 00:00:00+00:00,chan_4,Channel 4,6,2023-01-04 00:00:00+00:00,test|video|trend,95650,4782,0,478,http://example.com/thumb.jpg,False,False,Test description,youtube,youtube_trending_kaggle,False
vid_0094,Test Video 94,2022-12-31 00:00:00+00:00,chan_4,Channel 4,7,2023-01-05 00:00:00+00:00,test|video|trend,142466,7123,0,712,http://example.com/thumb.jpg,False,False,Test description,youtube,youtube_trending_kaggle,False
vid_0094,Test Video 94,2022-12-31 00:00:00+00:00,chan_4,Channel 4,21,2023-01-06 00:00:00+00:00,test|video|trend,212196,10609,0,1060,http://example.com/thumb.jpg,False,False,Test description,youtube,youtube_trending_kaggle,False
vid_0094,Test Video 94,2022-12-31 00:00:00+00:00,chan_4,Channel 4,29,2023-01-07 00:00:00+00:00,test|video|trend,316055,15802,0,1580,http://example.com/thumb.jpg,False,False,Test description,youtube,youtube_trending_kaggle,False
vid_0094,Test Video 94,2022-12-31 00:00:00+00:00,chan_4,Channel 4,8,2023-01-08 00:00:00+00:00,test|video|trend,470747,23537,0,2353,http://example.com/thumb.jpg,False,False,Test description,youtube,youtube_trending_kaggle,False
vid_0094,Test Video 94,2022-12-31 00:00:00+00:00,chan_4,Channel 4,13,2023-01-09 00:00:00+00:00,test|video|trend,701154,35057,0,3505,http://example.com/thumb.jpg,False,False,Test description,youtube,youtube_trending_kaggle,False
vid_0095,Test Video 95,2022-12-27 00:00:00+00:00,chan_5,Channel 5,26,2022-12-27 00:00:00+00:00,test|video|trend,47181,2359,0,235,http://example.com/thumb.jpg,False,False,Test description,youtube,youtube_trending_kaggle,False
vid_0095,Test Video 95,2022-12-27 00:00:00+00:00,chan_5,Channel 5,21,2022-12-28 00:00:00+00:00,test|video|trend,69483,3474,0,347,http://example.com/thumb.jpg,False,False,Test description,youtube,youtube_trending_kaggle,False
vid_0095,Test Video 95,2022-12-27 00:00:00+00:00,chan_5,Channel 5,13,2022-12-29 00:00:00+00:00,test|video|trend,102327,5116,0,511,http://example.com/thumb.jpg,False,False,Test description,youtube,youtube_trending_kaggle,False
vid_0095,Test Video 95,2022-12-27 00:00:00+00:00,chan_5,Channel 5,20,2022-12-30 00:00:00+00:00,test|video|trend,150697,7534,0,753,http://example.com/thumb.jpg,False,False,Test description,youtube,youtube_trending_kaggle,False
vid_0095,Test Video 95,2022-12-27 00:00:00+00:00,chan_5,Channel 5,26,2022-12-31 00:00:00+00:00,test|video|trend,221930,11096,0,1109,http://example.com/thumb.jpg,False,False,Test description,youtube,youtube_trending_kaggle,False
vid_0095,Test Video 95,2022-12-27 00:00:00+00:00,chan_5,Channel 5,26,2023-01-01 00:00:00+00:00,test|video|trend,326836,16341,0,1634,http://example.com/thumb.jpg,False,False,Test description,youtube,youtube_trending_kaggle,False
vid_0095,Test Video 95,2022-12-27 00:00:00+00:00,chan_5,Channel 5,26,2023-01-02 00:00:00+00:00,test|video|trend,481329,24066,0,2406,http://example.com/thumb.jpg,False,False,Test description,youtube,youtube_trending_kaggle,False
vid_0095,Test Video 95,2022-12-27 00:00:00+00:00,chan_5,Channel 5,28,2023-01-03 00:00:00+00:00,test|video|trend,708851,35442,0,3544,http://example.com/thumb.jpg,False,False,Test description,youtube,youtube_trending_kaggle,False
vid_0095,Test Video 95,2022-12-27 00:00:00+00:00,chan_5,Channel 5,6,2023-01-04 00:00:00+00:00,test|video|trend,1043920,52196,0,5219,http://example.com/thumb.jpg,False,False,Test description,youtube,youtube_trending_kaggle,False
vid_0095,Test Video 95,2022-12-27 00:00:00+00:00,chan_5,Channel 5,4,2023-01-05 00:00:00+00:00,test|video|trend,1537375,76868,0,7686,http://example.com/thumb.jpg,False,False,Test description,youtube,youtube_trending_kaggle,False
vid_0096,Test Video 96,2022-12-27 00:00:00+00:00,chan_6,Channel 6,25,2022-12-27 00:00:00+00:00,test|video|trend,37239,1861,0,186,http://example.com/thumb.jpg,False,False,Test description,youtube,youtube_trending_kaggle,False
vid_0096,Test Video 96,2022-12-27 00:00:00+00:00,chan_6,Channel 6,19,2022-12-28 00:00:00+00:00,test|video|trend,38776,1938,0,193,http://example.com/thumb.jpg,False,False,Test description,youtube,youtube_trending_kaggle,False
vid_0096,Test Video 96,2022-12-27 00:00:00+00:00,chan_6,Channel 6,15,2022-12-29 00:00:00+00:00,test|video|trend,40377,2018,0,201,http://example.com/thumb.jpg,False,False,Test description,youtube,youtube_trending_kaggle,False
vid_0096,Test Video 96,2022-12-27 00:00:00+00:00,chan_6,Channel 6,6,2022-12-30 00:00:00+00:00,test|video|trend,42044,2102,0,210,http://example.com/thumb.jpg,False,False,Test description,youtube,youtube_trending_kaggle,False
vid_0096,Test Video 96,2022-12-27 00:00:00+00:00,chan_6,Channel 6,9,2022-12-31 00:00:00+00:00,test|video|trend,43779,2188,0,218,http://example.com/thumb.jpg,False,False,Test description,youtube,youtube_trending_kaggle,False
vid_0096,Test Video 96,2022-12-27 00:00:00+00:00,chan_6,Channel 6,13,2023-01-01 00:00:00+00:00,test|video|trend,45587,2279,0,227,http://example.com/thumb.jpg,False,False,Test description,youtube,youtube_trending_kaggle,False
vid_0096,Test Video 96,2022-12-27 00:00:00+00:00,chan_6,Channel 6,7,2023-01-02 00:00:00+00:00,test|video|trend,47469,2373,0,237,http://example.com/thumb.jpg,False,False,Test description,youtube,youtube_trending_kaggle,False
vid_0096,Test Video 96,2022-12-27 00:00:00+00:00,chan_6,Channel 6,11,2023-01-03 00:00:00+00:00,test|video|trend,49428,2471,0,247,http://example.com/thumb.jpg,False,False,Test description,youtube,youtube_trending_kaggle,False
vid_0096,Test Video 96,2022-12-27 00:00:00+00:00,chan_6,Channel 6,1,2023-01-04 00:00:00+00:00,test|video|trend,51469,2573,0,257,http://example.com/thumb.jpg,False,False,Test description,youtube,youtube_trending_kaggle,False
vid_0096,Test Video 96,2022-12-27 00:00:00+00:00,chan_6,Channel 6,18,2023-01-05 00:00:00+00:00,test|video|trend,53594,2679,0,267,http://example.com/thumb.jpg,False,False,Test description,youtube,youtube_trending_kaggle,False
vid_0097,Test Video 97,2022-12-29 00:00:00+00:00,chan_7,Channel 7,8,2022-12-29 00:00:00+00:00,test|video|trend,3777,188,0,18,http://example.com/thumb.jpg,False,False,Test description,youtube,youtube_trending_kaggle,False
vid_0097,Test Video 97,2022-12-29 00:00:00+00:00,chan_7,Channel 7,1,2022-12-30 00:00:00+00:00,test|video|trend,5222,261,0,26,http://example.com/thumb.jpg,False,False,Test description,youtube,youtube_trending_kaggle,False
vid_0097,Test Video 97,2022-12-29 00:00:00+00:00,chan_7,Channel 7,6,2022-12-31 00:00:00+00:00,test|video|trend,7220,361,0,36,http://example.com/thumb.jpg,False,False,Test description,youtube,youtube_trending_kaggle,False
vid_0097,Test Video 97,2022-12-29 00:00:00+00:00,chan_7,Channel 7,25,2023-01-01 00:00:00+00:00,test|video|trend,9983,499,0,49,http://example.com/thumb.jpg,False,False,Test description,youtube,youtube_trending_kaggle,False
vid_0097,Test Video 97,2022-12-29 00:00:00+00:00,chan_7,Channel 7,25,2023-01-02 00:00:00+00:00,test|video|trend,13803,690,0,69,http://example.com/thumb.jpg,False,False,Test description,youtube,youtube_trending_kaggle,False
vid_0097,Test Video 97,2022-12-29 00:00:00+00:00,chan_7,Channel 7,17,2023-01-03 00:00:00+00:00,test|video|trend,19085,954,0,95,http://example.com/thumb.jpg,False,False,Test description,youtube,youtube_trending_kaggle,False
vid_0097,Test Video 97,2022-12-29 00:00:00+00:00,chan_7,Channel 7,5,2023-01-04 00:00:00+00:00,test|video|trend,26388,1319,0,131,http://example.com/thumb.jpg,False,False,Test description,youtube,youtube_trending_kaggle,False
vid_0097,Test Video 97,2022-12-29 00:00:00+00:00,chan_7,Channel 7,4,2023-01-05 00:00:00+00:00,test|video|trend,36485,1824,0,182,http://example.com/thumb.jpg,False,False,Test description,youtube,youtube_trending_kaggle,False
vid_0097,Test Video 97,2022-12-29 00:00:00+00:00,chan_7,Channel 7,29,2023-01-06 00:00:00+00:00,test|video|trend,50446,2522,0,252,http://example.com/thumb.jpg,False,False,Test description,youtube,youtube_trending_kaggle,False
vid_0097,Test Video 97,2022-12-29 00:00:00+00:00,chan_7,Channel 7,27,2023-01-07 00:00:00+00:00,test|video|trend,69748,3487,0,348,http://example.com/thumb.jpg,False,False,Test description,youtube,youtube_trending_kaggle,False
vid_0098,Test Video 98,2022-12-23 00:00:00+00:00,chan_8,Channel 8,9,2022-12-23 00:00:00+00:00,test|video|trend,15439,771,0,77,http://example.com/thumb.jpg,False,False,Test description,youtube,youtube_trending_kaggle,False
vid_0098,Test Video 98,2022-12-23 00:00:00+00:00,chan_8,Channel 8,12,2022-12-24 00:00:00+00:00,test|video|trend,15715,785,0,78,http://example.com/thumb.jpg,False,False,Test description,youtube,youtube_trending_kaggle,False
vid_0098,Test Video 98,2022-12-23 00:00:00+00:00,chan_8,Channel 8,11,2022-12-25 00:00:00+00:00,test|video|trend,15996,799,0,79,http://example.com/thumb.jpg,False,False,Test description,youtube,youtube_trending_kaggle,False
vid_0098,Test Video 98,2022-12-23 00:00:00+00:00,chan_8,Channel 8,25,2022-12-26 00:00:00+00:00,test|video|trend,16282,814,0,81,http://example.com/thumb.jpg,False,False,Test description,youtube,youtube_trending_kaggle,False
vid_0098,Test Video 98,2022-12-23 00:00:00+00:00,chan_8,Channel 8,14,2022-12-27 00:00:00+00:00,test|video|trend,16574,828,0,82,http://example.com/thumb.jpg,False,False,Test description,youtube,youtube_trending_kaggle,False
vid_0098,Test Video 98,2022-12-23 00:00:00+00:00,chan_8,Channel 8,13,2022-12-28 00:00:00+00:00,test|video|trend,16870,843,0,84,http://example.com/thumb.jpg,False,False,Test description,youtube,youtube_trending_kaggle,False
vid_0098,Test Video 98,2022-12-23 00:00:00+00:00,chan_8,Channel 8,25,2022-12-29 00:00:00+00:00,test|video|trend,17172,858,0,85,http://example.com/thumb.jpg,False,False,Test description,youtube,youtube_trending_kaggle,False
vid_0098,Test Video 98,2022-12-23 00:00:00+00:00,chan_8,Channel 8,7,2022-12-30 00:00:00+00:00,test|video|trend,17480,874,0,87,http://example.com/thumb.jpg,False,False,Test description,youtube,youtube_trending_kaggle,False
vid_0098,Test Video 98,2022-12-23 00:00:00+00:00,chan_8,Channel 8,12,2022-12-31 00:00:00+00:00,test|video|trend,17792,889,0,88,http://example.com/thumb.jpg,False,False,Test description,youtube,youtube_trending_kaggle,False
vid_0098,Test Video 98,2022-12-23 00:00:00+00:00,chan_8,Channel 8,18,2023-01-01 00:00:00+00:00,test|video|trend,18111,905,0,90,http://example.com/thumb.jpg,False,False,Test description,youtube,youtube_trending_kaggle,False
vid_0099,Test Video 99,2022-12-23 00:00:00+00:00,chan_9,Channel 9,24,2022-12-23 00:00:00+00:00,test|video|trend,22693,1134,0,113,http://example.com/thumb.jpg,False,False,Test description,youtube,youtube_trending_kaggle,False
vid_0099,Test Video 99,2022-12-23 00:00:00+00:00,chan_9,Channel 9,24,2022-12-24 00:00:00+00:00,test|video|trend,28237,1411,0,141,http://example.com/thumb.jpg,False,False,Test description,youtube,youtube_trending_kaggle,False
vid_0099,Test Video 99,2022-12-23 00:00:00+00:00,chan_9,Channel 9,6,2022-12-25 00:00:00+00:00,test|video|trend,35136,1756,0,175,http://example.com/thumb.jpg,False,False,Test description,youtube,youtube_trending_kaggle,False
vid_0099,Test Video 99,2022-12-23 00:00:00+00:00,chan_9,Channel 9,11,2022-12-26 00:00:00+00:00,test|video|trend,43721,2186,0,218,http://example.com/thumb.jpg,False,False,Test description,youtube,youtube_trending_kaggle,False
vid_0099,Test Video 99,2022-12-23 00:00:00+00:00,chan_9,Channel 9,4,2022-12-27 00:00:00+00:00,test|video|trend,54404,2720,0,272,http://example.com/thumb.jpg,False,False,Test description,youtube,youtube_trending_kaggle,False
vid_0099,Test Video 99,2022-12-23 00:00:00+00:00,chan_9,Channel 9,19,2022-12-28 00:00:00+00:00,test|video|trend,67696,3384,0,338,http://example.com/thumb.jpg,False,False,Test description,youtube,youtube_trending_kaggle,False
vid_0099,Test Video 99,2022-12-23 00:00:00+00:00,chan_9,Channel 9,22,2022-12-29 00:00:00+00:00,test|video|trend,84237,4211,0,421,http://example.com/thumb.jpg,False,False,Test description,youtube,youtube_trending_kaggle,False
vid_0099,Test Video 99,2022-12-23 00:00:00+00:00,chan_9,Channel 9,19,2022-12-30 00:00:00+00:00,test|video|trend,104818,5240,0,524,http://example.com/thumb.jpg,False,False,Test description,youtube,youtube_trending_kaggle,False
vid_0099,Test Video 99,2022-12-23 00:00:00+00:00,chan_9,Channel 9,3,2022-12-31 00:00:00+00:00,test|video|trend,130428,6521,0,652,http://example.com/thumb.jpg,False,False,Test description,youtube,youtube_trending_kaggle,False
vid_0099,Test Video 99,2022-12-23 00:00:00+00:00,chan_9,Channel 9,8,2023-01-01 00:00:00+00:00,test|video|trend,162296,8114,0,811,http://example.com/thumb.jpg,False,False,Test description,youtube,youtube_trending_kaggle,False
vid_0100,Test Video 100,2022-12-31 00:00:00+00:00,chan_0,Channel 0,16,2022-12-31 00:00:00+00:00,test|video|trend,5903,295,0,29,http://example.com/thumb.jpg,False,False,Test description,youtube,youtube_trending_kaggle,False
vid_0100,Test Video 100,2022-12-31 00:00:00+00:00,chan_0,Channel 0,3,2023-01-01 00:00:00+00:00,test|video|trend,8704,435,0,43,http://example.com/thumb.jpg,False,False,Test description,youtube,youtube_trending_kaggle,False
vid_0100,Test Video 100,2022-12-31 00:00:00+00:00,chan_0,Channel 0,9,2023-01-02 00:00:00+00:00,test|video|trend,12835,641,0,64,http://example.com/thumb.jpg,False,False,Test description,youtube,youtube_trending_kaggle,False
vid_0100,Test Video 100,2022-12-31 00:00:00+00:00,chan_0,Channel 0,26,2023-01-03 00:00:00+00:00,test|video|trend,18927,946,0,94,http://example.com/thumb.jpg,False,False,Test description,youtube,youtube_trending_kaggle,False
vid_0100,Test Video 100,2022-12-31 00:00:00+00:00,chan_0,Channel 0,21,2023-01-04 00:00:00+00:00,test|video|trend,27910,1395,0,139,http://example.com/thumb.jpg,False,False,Test description,youtube,youtube_trending_kaggle,False
vid_0100,Test Video 100,2022-12-31 00:00:00+00:00,chan_0,Channel 0,6,2023-01-05 00:00:00+00:00,test|video|trend,41156,2057,0,205,http://example.com/thumb.jpg,False,False,Test description,youtube,youtube_trending_kaggle,False
vid_0100,Test Video 100,2022-12-31 00:00:00+00:00,chan_0,Channel 0,4,2023-01-06 00:00:00+00:00,test|video|trend,60689,3034,0,303,http://example.com/thumb.jpg,False,False,Test description,youtube,youtube_trending_kaggle,False
vid_0100,Test Video 100,2022-12-31 00:00:00+00:00,chan_0,Channel 0,3,2023-01-07 00:00:00+00:00,test|video|trend,89493,4474,0,447,http://example.com/thumb.jpg,False,False,Test description,youtube,youtube_trending_kaggle,False
vid_0100,Test Video 100,2022-12-31 00:00:00+00:00,chan_0,Channel 0,18,2023-01-08 00:00:00+00:00,test|video|trend,131966,6598,0,659,http://example.com/thumb.jpg,False,False,Test description,youtube,youtube_trending_kaggle,False
vid_0100,Test Video 100,2022-12-31 00:00:00+00:00,chan_0,Channel 0,14,2023-01-09 00:00:00+00:00,test|video|trend,194597,9729,0,972,http://example.com/thumb.jpg,False,False,Test description,youtube,youtube_trending_kaggle,False
